sample_id,regime,target,level,intervention_value,intervention_type,comorbidity,severity,diagnosis,treatment,inflammation,side_effects,function,recovery
observation_0000,observation,,baseline,,none,-0.39656123757894957,0.7514647802482122,0.8750438807007961,0.4253073238612153,0.13105389439086526,-0.8855406075154055,-0.19877163772578396,-0.359952802053517
observation_0001,observation,,baseline,,none,0.12028564176913743,0.4372629703643363,0.8117251319589608,0.9083204020592401,-0.5511008025456664,0.010230404908991575,0.173137274620494,-0.5895810463711031
observation_0002,observation,,baseline,,none,-0.9481631747995328,-1.2117201061314158,-0.8827166925152132,-0.44691290594188177,-0.7438775269785767,-1.5786860084301562,0.3339955780832633,1.28164318175264
observation_0003,observation,,baseline,,none,0.6978858550543471,-0.07711603327929606,0.27579641106263364,0.3345747314020535,-0.2779026238164241,0.23060624235737212,-0.009322988034428548,-0.14200719715210053
observation_0004,observation,,baseline,,none,0.3191473704641076,-0.25296468363696833,-0.8133973326016078,-0.9825008136952788,0.4568231525770814,-0.587585262150816,0.17970245738190355,1.0278000526619964
observation_0005,observation,,baseline,,none,-0.14602374260968173,0.14248634970512994,0.35214113797615654,-0.095258702586768,0.7735010393888595,0.7584431598537962,-0.1298369244788432,-0.7716415670569134
observation_0006,observation,,baseline,,none,-0.15597466409508787,0.5235283298410147,0.4165407839448889,1.3467259792989013,-1.3905360305619643,0.2063048987493727,1.3786234940688786,1.8688198368710318
observation_0007,observation,,baseline,,none,0.15191768388940619,-0.8525356419201356,-0.8105286560353305,-1.0670847596907045,-0.1651187497467861,-0.4146014446031245,0.2519580592382729,0.8920656167743682
observation_0008,observation,,baseline,,none,-0.1338301511021698,0.21094135002013023,0.8399145783603683,0.161496838950145,0.3859539992156313,0.22025614907373664,-0.12351155368298602,-0.9884089665574265
observation_0009,observation,,baseline,,none,-0.1129544305816068,0.38485987867412863,0.10203842511272057,0.10704916490949697,0.11691836457753468,0.6892695305009485,-0.007471747309713145,-0.6913542777902603
observation_0010,observation,,baseline,,none,0.36003391000455653,0.4100084741789076,0.03570485458464301,0.1893052892813437,0.0931941747092917,0.4494828135129748,-0.7324738906981367,-0.9036519556417539
observation_0011,observation,,baseline,,none,0.25735260288688494,1.7982630140497262,0.9616527515467596,0.8596502727782038,0.7796800458136415,0.8876475083216742,-1.2052336412267335,-1.855979599808947
observation_0012,observation,,baseline,,none,-0.032063967817091525,0.24517964922008947,0.07286113485042484,0.32974308495752636,0.4324870465465882,1.0291404068604153,-0.7869088240988595,-1.607632483510866
observation_0013,observation,,baseline,,none,-0.04273828159293097,-0.013670880516753189,0.5230393347190857,0.8582292257899671,-0.35179671297717086,-0.44072298326437437,0.7227785964060092,-0.07066294556268593
observation_0014,observation,,baseline,,none,0.08045816133282228,0.3615814844851994,-0.5084714773275814,-0.35902706242831683,-0.050390273781499295,-0.4540464150132576,-0.3210571958917049,-0.33090869329429684
observation_0015,observation,,baseline,,none,-0.3070091972594528,-0.4869948176587662,-0.3126863282089001,0.18523533365132644,-1.1556065118191436,-0.2370573049941955,1.21027383334763,1.1721315850598493
observation_0016,observation,,baseline,,none,-0.20187513232813845,-0.6909450693885163,-1.8882314373855928,-1.7290342709789523,0.5539537844780352,-0.9974069827961397,-0.9190906327586238,-0.002195761344971847
observation_0017,observation,,baseline,,none,0.27413009010320905,0.40298123271455005,0.01755372488791157,-0.19416092150849393,0.44896967898801543,-0.3227574702521519,-0.5478983508213265,-0.3474375190118587
observation_0018,observation,,baseline,,none,-0.06524139657043185,0.5311439118313015,0.6967754877004777,1.5123273168017997,-0.2785532447664022,1.2435432782622504,-0.29274602613842543,-1.3992639946741567
observation_0019,observation,,baseline,,none,-0.6872130878383618,-0.598517861611756,-0.8079459892110109,-0.31819579082744964,-0.342690048961355,-0.7628921983359307,0.7838523870899086,1.5181247626128616
observation_0020,observation,,baseline,,none,-0.23863935981660342,0.2958124171383313,-0.334786526461775,-0.06471334040549064,0.9788202188885413,-0.47305226601295935,0.37270373346286134,0.17282110048389693
observation_0021,observation,,baseline,,none,0.3283108026467689,0.04193070904002197,-0.1463793255440731,-1.1098888580866908,1.8582584640438107,-0.21387085470257639,-2.038346865166565,-1.2799829660936357
observation_0022,observation,,baseline,,none,-0.11614138604163898,0.7343966090713101,1.155511248823092,0.48101330352473826,-0.15776877665894062,-0.1961736522607031,0.282113419308184,-0.04529264072888248
observation_0023,observation,,baseline,,none,-0.07436640511816169,0.05533833390090625,0.7957720062486987,-0.16604216831163954,0.26849268777014457,-0.657461006498276,-0.595276674032455,-0.5545700360922521
observation_0024,observation,,baseline,,none,0.3209183140856192,0.49179975214843674,1.198725063738698,0.9774176588299854,0.1770828970750351,-0.055658781253924206,0.12977352450154248,0.03891585622434389
observation_0025,observation,,baseline,,none,0.9123051524577178,1.0216964189579683,1.2606710500848013,1.014673505004338,0.22621054448437622,0.7824893889212753,0.40777145294196215,0.23393799040062305
observation_0026,observation,,baseline,,none,-0.35659433593414386,-0.9256550641112564,-0.6527999176804766,-0.4988683577961214,-0.2597641916659258,0.09157732815850828,0.014545743621497464,0.293093406307639
observation_0027,observation,,baseline,,none,0.6741034067170488,0.38080866971116584,0.8356469559171471,1.0835605656683955,-0.7501741392368672,1.1837073236354845,0.8232478139745745,-0.4521894850748339
observation_0028,observation,,baseline,,none,-0.6150063876699302,0.48975923305466235,-0.1374027087274038,-0.5502556046911041,0.6079181950591533,-0.32192251157152413,-0.3061704206375082,0.23969116306205115
observation_0029,observation,,baseline,,none,0.08748881137018696,0.07948845302893076,-0.41306171258304064,-1.015041973218652,0.9891699311285929,-0.4390281066792694,-1.0924131459794229,-1.154251095184849
observation_0030,observation,,baseline,,none,-0.5847647597561931,0.29196804450066066,0.9085492411857251,0.5216161855362493,0.3469528124365037,-0.27620056494856104,-0.26895682980281244,-0.9056005813992247
observation_0031,observation,,baseline,,none,0.6757290922520935,0.9150557843758134,1.2516868479775949,1.2881880092873983,-0.7284837492619518,0.8414093036190767,0.8948217245159491,-0.5574920631360518
observation_0032,observation,,baseline,,none,0.4169614983591259,-0.6219914684982351,-0.12225123946568323,-0.2778228056518596,-0.40465005860453035,-0.6085274475601841,0.37209581708091144,1.3516009488840202
observation_0033,observation,,baseline,,none,0.5688583923275341,0.7518862101674553,0.7876104911665309,0.15524844008904426,1.457493279330192,0.3577823991674278,-1.2308149528707322,-0.6426750130936214
observation_0034,observation,,baseline,,none,-0.44276657727774804,-0.8540806273372805,-1.1811700065258846,-1.4306507364576593,0.2831488654889346,-0.41932734459123294,-0.15112540584998316,-0.06663961883330294
observation_0035,observation,,baseline,,none,0.34227751274236756,0.3702097394448474,-0.2068623254884624,0.0194901486204693,0.406308757592036,-0.6890331548460715,-0.70116005931424,-0.5728710847000006
observation_0036,observation,,baseline,,none,-0.25950666491474855,-0.38945534038654483,0.11851364731614616,0.07714206724211267,-0.006820146817729189,0.5672356987243722,0.415481183458429,0.19925619959025978
observation_0037,observation,,baseline,,none,-0.22869265557597132,-0.14920398571319235,0.4071297196690295,0.8426074551207301,-0.5161344529826606,-0.7737945237059639,1.527471205809567,1.089140756533363
observation_0038,observation,,baseline,,none,0.2532685396993653,0.14184888178667612,-0.4325725814852863,-0.7969545193516763,0.6927997356994486,-0.7104078483074132,-0.6431890633041737,-0.2559052243080478
observation_0039,observation,,baseline,,none,0.43835908623435327,0.4281853713278329,0.015609780749189561,-0.07206674590658252,0.3400244936114828,-0.4248181056936315,-0.8949175659721127,-0.4458649986967551
observation_0040,observation,,baseline,,none,0.10221010770268812,-0.15260955615619815,-0.1887951765255426,-0.7341339947194835,1.2188543593973076,-0.7114308085045158,-0.6860130971181303,-0.5122962699266246
observation_0041,observation,,baseline,,none,-0.3139935505052993,-0.89528246907712,-0.3684353015962691,0.09042351747139199,-1.343934591177549,-0.2851950827103723,1.3110632737280632,1.5928472639616136
observation_0042,observation,,baseline,,none,-0.4129082604415049,-0.7940130093023783,-0.8848809246231564,-0.32472497781538295,-1.1252192067560576,0.27036182140894427,1.4654865748796377,1.1637692487527753
observation_0043,observation,,baseline,,none,0.7221585129126166,0.9636309212509948,0.44115458162193477,0.6549769001791322,0.9066386580209358,0.08627024051666166,-1.4646118615876014,-1.0372272331620782
observation_0044,observation,,baseline,,none,0.2969729553561484,1.070127935144084,1.4573246101015276,1.8705870087367098,0.10504299718944521,0.5645822523588253,-0.008788065878084117,-0.9044048343533986
observation_0045,observation,,baseline,,none,0.3598639682141961,0.36819066106577725,0.6300084123519121,1.1809138485714166,-1.0878997358026676,0.33516118861912064,0.22375608730664537,-0.23905984947071166
observation_0046,observation,,baseline,,none,1.0917440713564157,1.185369538089789,0.7197047620552699,1.3175522249467724,0.46200176562007816,0.7907472279777891,0.05586099324795635,0.20942424351766487
observation_0047,observation,,baseline,,none,-0.40793147431783033,0.20287489364250422,-0.1470897017535234,0.90113192747001,-0.3456922194539027,-0.06235355553295463,0.7543925247204997,0.7548643970288978
observation_0048,observation,,baseline,,none,1.2797288992029237,0.21289838855950882,0.7465966085301763,-0.08742464054788146,0.21832067967440966,-0.22718867690010142,-0.6298599378035127,0.682550430051133
observation_0049,observation,,baseline,,none,1.575454066769925,0.16649218304480196,-0.4905944434350823,-1.2190376557143248,1.1940597419493426,0.11638931618882381,-1.9259190310985632,-1.4435106253567511
observation_0050,observation,,baseline,,none,0.8092065601300661,0.5408163900289948,0.3402968312442459,0.8258719860330024,0.7658446863509185,0.6389215074154125,0.19860904755403375,0.3958104811300824
observation_0051,observation,,baseline,,none,0.4135532657776238,-0.6566684462944663,-0.36634780165798914,-0.8301154951607493,0.46329117090350036,0.21442254960694598,-0.5200721462915081,-0.0981685919076361
observation_0052,observation,,baseline,,none,-0.3319109774451615,-0.36858035595327626,-0.24952922615024486,-1.0940808473468333,0.8573884653148598,-0.09483220572435014,-0.03369098972774076,-0.2952326751157091
observation_0053,observation,,baseline,,none,0.4972428139101114,-0.39104190160213237,0.11276966422251217,-0.4062371608330718,0.2541610623365535,-0.8141498787955744,-1.3032440342203717,-0.30116446339495484
observation_0054,observation,,baseline,,none,-0.22134607455175406,-0.46696056631881033,-1.2757713120440313,-0.5892774461108521,-0.2256441890003251,0.3711530155958515,0.29626233897781085,-0.28274188861255334
observation_0055,observation,,baseline,,none,-0.010825394894945583,-0.3831712099192971,-0.33604962342766614,-0.6150599917817323,0.010074315771852665,-0.0875863899491425,0.3970595402551197,-0.3486741387924549
observation_0056,observation,,baseline,,none,-0.14521658869486978,0.15834711329374335,0.293093392050203,0.703516992089467,-0.4706949545385296,0.8954503993001516,-0.7286363378735055,-0.8504621624338431
observation_0057,observation,,baseline,,none,0.14191497824551524,-0.22428126590786093,-0.035054821205288494,0.012005069423940362,-0.6292275294711458,-0.014096752602988732,0.5417897562952445,1.0367437422259242
observation_0058,observation,,baseline,,none,0.6440388577216957,-0.12304941625750992,0.17771246184178033,-0.7597830025189776,0.7838100441495605,0.17021808662138016,-0.08836441956332453,0.4958193582113135
observation_0059,observation,,baseline,,none,-0.2777920289332469,-0.17005189605930607,-0.7364802899183474,-0.33349164429817757,0.7113887859658777,-0.027277480274384425,-1.1632895295751307,-0.7950410604047993
observation_0060,observation,,baseline,,none,-0.4927019168151441,1.1387006436773173,1.7474030439342358,1.8909915728687525,-0.5130430786284074,1.3893042995715175,0.4441636588623922,-0.4182102248941358
observation_0061,observation,,baseline,,none,-0.5014782758747387,-0.1046472232198156,0.1328389737537108,-0.04948477160021811,-0.44153089387629685,-0.5599554104562509,0.28485906409326944,0.43357005246815444
observation_0062,observation,,baseline,,none,-0.48413866360893965,-1.311360184459986,-0.8999091413348792,-1.6825380664217837,-0.20645987849529615,-1.365082713664532,-0.028471218136895515,1.04805039860016
observation_0063,observation,,baseline,,none,-0.7155514918981778,-0.45522907788120737,-0.6981389790950974,0.3163523955038764,0.15783402482923992,-0.28291848057258684,-0.2126028579512032,0.5141166376387784
observation_0064,observation,,baseline,,none,-0.4564670374696569,0.9660217012829923,0.9597945638494828,0.7385732979287551,0.008043143963258115,0.8345666762736175,-0.32436410253517983,-0.8053556558065377
observation_0065,observation,,baseline,,none,0.6466328082572281,0.5372138636037751,1.1487229462117525,-0.13170927807632415,0.0006403951120853568,0.9281315521343338,-0.5849110159740225,-0.6872028837580691
observation_0066,observation,,baseline,,none,-0.2966559841194993,0.43267375994064877,0.3818166405704339,0.9388886178935423,-1.0828189517810096,-0.23237270069630667,0.8155494518214889,1.3191851694300682
observation_0067,observation,,baseline,,none,0.12855382894319042,0.6450448131102191,0.6782190317011917,0.4735329392908568,-0.012230440156161315,0.5312085534887125,0.009852957951350803,0.26793871663023333
observation_0068,observation,,baseline,,none,-0.608446983044557,0.16827450785935405,0.30980511807184746,1.0708117327234183,-0.07499653080993374,0.25362301983808366,-0.4444244455523704,0.04816009488591211
observation_0069,observation,,baseline,,none,0.08482528995022197,0.584775076939976,-0.29023249911031124,-0.13581804976330075,1.2828819570318024,-0.1730619437146798,-1.2294861251190448,-0.7360181582297799
observation_0070,observation,,baseline,,none,-0.8703907242647756,-0.46794868966885717,-0.5074336615186823,-0.2940631453982773,0.13251186345433735,-0.24748102418711757,0.2190609446387292,1.2557877407653242
observation_0071,observation,,baseline,,none,-0.3493779487398408,-0.3367227637049138,0.043457768700169375,0.3298032233875594,-0.9136669790764858,0.934374638051949,1.3519066290042923,0.471663700594998
observation_0072,observation,,baseline,,none,1.12726946356413,0.649814029870937,0.3405598785114289,0.1860045939317332,0.8720816481981157,0.820435215518246,-0.3353105580916306,0.07985934871854128
observation_0073,observation,,baseline,,none,-0.2914848454883938,-0.1439036956379399,-0.15059795720530111,-0.02147677361414599,-0.1853706783655309,-0.3724592370816414,0.20305334427073451,0.39928849369933933
observation_0074,observation,,baseline,,none,0.5599881926956896,0.6055087931150208,0.5285841503615573,0.9752368573646082,0.09458849648987869,0.3819833956674501,-0.1760960214370238,-1.202623796100679
observation_0075,observation,,baseline,,none,0.22752706256060146,-0.4785673036162184,-1.2206825849306406,-1.6406289021061293,1.9967907618107565,-0.491253748893238,-2.184418365508527,-1.6108009875344111
observation_0076,observation,,baseline,,none,-0.07649288861236898,-0.19377396120148135,0.22775732790653136,0.4232611606000255,-0.5993557100806216,0.29885340606503696,0.4806357753975978,0.5129929709966654
observation_0077,observation,,baseline,,none,-0.3260534106524747,-0.24851836619828022,-0.9006885830426362,-0.5549490146114161,-0.4337319623844051,0.14710778471776165,-0.5559920677585859,-1.168293070554458
observation_0078,observation,,baseline,,none,0.6434546992067247,0.5043478667800367,0.6652470508445094,-0.3112690880431614,1.6855240294059475,0.7907996735728271,-1.5686705108779209,-1.8141083831537632
observation_0079,observation,,baseline,,none,-0.08869172970143994,-0.2169271515471178,-0.26203274057536574,0.30451538079263785,-0.4896480483920101,0.23431511086437656,-0.29429727435359065,-1.4078489247127794
observation_0080,observation,,baseline,,none,0.763712239135874,0.937799762726249,0.6734578597356613,0.9740115210650517,0.004604361028012392,1.0896392892371072,-0.6187464523161009,-0.33024691332850287
observation_0081,observation,,baseline,,none,-0.3595395149971852,-0.303672870937194,-0.2399151864781837,0.5918199185026213,-1.5353053183331744,0.9822429503511865,1.2509991363889286,0.6642126989187149
observation_0082,observation,,baseline,,none,0.028669493695602198,-0.16765085480724728,0.22595400500080873,-0.09607579688611635,0.3320773038455318,0.6074102042559303,-0.13786024731494864,-0.3358627431458726
observation_0083,observation,,baseline,,none,0.2327495633952313,-0.45550577546142856,-0.0032256465304801307,-0.7578403548050989,0.7568712615237241,-0.7409460906411298,0.034365903742228254,0.8969943290534002
observation_0084,observation,,baseline,,none,0.18658008651409178,-0.25809351189187124,-0.447454832983229,1.0411135880729998,-0.9029037996957372,-0.12352352146615952,0.6854238969327933,0.7234817970057904
observation_0085,observation,,baseline,,none,-0.6169007559244319,-0.31702432090062516,-0.3675537271635161,-0.7121553616268214,0.8672460365903877,-1.288885629471735,-0.6830232819236348,-0.6644033968902683
observation_0086,observation,,baseline,,none,-0.3320313662214891,-0.17283409666009622,-0.5852652302987696,-0.8165807151532747,0.33625060364064085,-1.4226024711538745,0.18390350769352817,-0.19605955170683442
observation_0087,observation,,baseline,,none,-0.09799010668306907,-1.0879461084012618,-1.7099009127531253,-1.3881960086446745,0.8440183441425708,-0.543107222908741,-1.4084296207583131,-0.5018785641825867
observation_0088,observation,,baseline,,none,-0.4268496546621221,0.16335695726889154,0.6224909529905213,0.4587571198512435,0.20634620149878388,-0.5718161201167253,0.8271712656171487,1.3399581526522304
observation_0089,observation,,baseline,,none,0.33866255444002047,-0.11424047870911241,-0.6514428944120809,-0.45132848438117534,1.1802600170571336,0.24638312031987272,-2.012183140646223,-2.103332936708945
observation_0090,observation,,baseline,,none,0.294009590679399,-0.24515526292799708,-0.5882899093958358,-1.2945764987431945,0.019232494004926437,-0.944677481312318,0.22730211711318893,-0.3700538171220886
observation_0091,observation,,baseline,,none,-0.9785422270891295,-0.1276241909532143,0.07484032382761734,-0.5332797996873793,-0.27350244599538587,-0.18570330644509098,0.7540590368311186,0.9414897323181033
observation_0092,observation,,baseline,,none,-0.9026270356366688,-0.050163396700978136,-0.7189926502139801,-0.5930955522135883,0.9147530308148961,-0.34719938755515234,-0.6684856437812667,-0.4613167587007009
observation_0093,observation,,baseline,,none,-0.6407816384098981,-0.8042518472503415,-0.48377879322725864,-0.09957568479266365,-0.4143503929988306,-0.2332791721419823,0.25176484520159803,0.7889050017620884
observation_0094,observation,,baseline,,none,0.058629765073201195,-0.1367681008221889,-0.5449645493668609,-0.5110779139788046,-0.1306781979817524,-0.01286993449938606,-0.6830938141210705,-0.9790333306453007
observation_0095,observation,,baseline,,none,1.0165862650194026,0.09958415579644908,-0.47858901175337704,-0.06090682878166476,0.2290331897586595,-0.2764066292874633,-0.41696119428162925,-1.330680891581931
observation_0096,observation,,baseline,,none,-0.19117822523395783,0.2732886889192465,-0.04437384912744374,-0.02739378424374035,0.7770698071426136,-1.3336082073581976,-0.2211288986278846,0.0053041669359137344
observation_0097,observation,,baseline,,none,0.12532527494148696,0.540066500783576,0.060532359238885614,0.2668597092588552,0.8881777545098463,-0.10617970065574964,-0.9385882570427353,-0.5241063861360227
observation_0098,observation,,baseline,,none,-0.531555852459811,-0.5914954840184536,-0.4143178467508337,-0.802906248233224,0.2899929861497362,-0.40933520206963514,0.16430416068057135,0.9499320460327553
observation_0099,observation,,baseline,,none,-0.5234181079618389,0.329449563041938,1.0055721103832957,0.3306123327614515,0.12730583398427353,-0.7160549541789698,0.4053456999333428,0.41149575610688016
observation_0100,observation,,baseline,,none,-0.9786139073447114,-0.2257382112352765,0.13386445870515953,-0.27312257378186844,0.29956939675246375,-0.2216538439231056,-0.30882664335864773,-0.42546531224314016
observation_0101,observation,,baseline,,none,-0.014172123862135932,-0.07177559664794785,0.16787169142935351,-0.2799773390668841,0.1850558316013318,0.13271705681244733,0.2959217290190871,-0.6758851480636303
observation_0102,observation,,baseline,,none,0.47360834141133173,0.6923182411067899,0.3154296170454228,1.2988216273054383,0.5892939216421442,0.8770913370340132,-0.33125614905613465,-0.19289125324162837
observation_0103,observation,,baseline,,none,-0.17835716021456086,-0.9521861392759008,-0.9775336221123367,-1.6565895606509438,0.3041242495547524,-0.7912066548967434,-0.12929017948259086,0.16353590310489236
observation_0104,observation,,baseline,,none,0.6982265433231217,0.35736106564094106,0.36780872915179685,-0.24841637993266363,0.577937205621394,0.08627695718389924,-0.23466667448556539,-0.6758223091019966
observation_0105,observation,,baseline,,none,0.09892742638678574,0.1950774904744415,0.1376311661855552,0.8230950230529123,-0.5289803612537992,0.49973814260681076,0.490792049849609,-0.24461560999730075
observation_0106,observation,,baseline,,none,-0.018206243781609257,-0.017955967665278797,0.04613890716675309,-0.2956556590804793,1.0454921046779784,-0.8140607199378507,-1.0964670758093655,-0.8575534018576447
observation_0107,observation,,baseline,,none,0.258626946346761,1.2060133107758724,0.4745172381293925,0.957693602731867,0.10154452095988173,1.085641823645591,-0.4781362605098561,-0.8991661028697471
observation_0108,observation,,baseline,,none,0.24368878489112572,0.3258486030235016,1.1629712177505365,-0.18309421660773595,0.9303724099120856,0.15325197826424383,-0.6183530095248824,-0.874668649991872
observation_0109,observation,,baseline,,none,0.573903185273912,0.5849627199567956,-0.1589238499622302,-0.6092952716449588,1.0336180530763692,0.1693332834704004,-0.3482806559002093,0.1751986721657709
observation_0110,observation,,baseline,,none,-0.4009771322200354,-0.9446802490823544,-0.9426948483246529,-0.6620495677921813,-0.4998861140287112,-0.8921251840577,0.5536204566672676,1.3665535376174076
observation_0111,observation,,baseline,,none,-1.1440245794184953,-0.894560973035756,-0.4118523982428823,-1.1036028187357574,-0.9193249117928879,-1.7796172784887827,0.7832372067064793,1.77831305957742
observation_0112,observation,,baseline,,none,0.057373349340872244,-0.3515996320383402,-0.7103553335509631,-0.6021649942412498,0.18107106650114094,0.3124578573949972,-0.1297132056083583,0.47456797235276943
observation_0113,observation,,baseline,,none,-0.30583757766103953,0.9602967195472676,1.3677263817490883,1.4905211457945806,0.5566512198497546,-0.14110500632070444,-0.8930396649247506,-1.5428923271811081
observation_0114,observation,,baseline,,none,-0.01358860368276788,-0.21732647615361164,-0.9234248585504647,-1.0817419517526978,0.3667862213978882,-0.7392587886394176,0.31316982503918617,0.6900304059411793
observation_0115,observation,,baseline,,none,0.8321500110195424,0.6420338339418286,0.18321930093233302,-0.0486948844988616,-0.8022159547269949,0.22598492158742642,1.0117396847042692,1.0861617806698185
observation_0116,observation,,baseline,,none,-0.5514209025461827,0.22190942279079195,-0.9993882447340667,-0.21661051225029448,0.5628601316571723,-0.23087873414695864,0.597726725279947,0.9939227962375214
observation_0117,observation,,baseline,,none,0.3823986683273823,0.5960118679246997,1.0289734134477824,0.8597416298937105,-0.7104276875911771,0.7196261166199802,0.8180985486286332,0.11622205560958451
observation_0118,observation,,baseline,,none,0.47293377220425953,-0.37460163697125654,-0.9590955457131752,-0.5316985751830343,-0.7636028146551854,-0.1127924847915262,0.04587645997689721,-0.4390270070721644
observation_0119,observation,,baseline,,none,0.2303681194557739,0.48051807567160787,0.06044977306572341,0.5116864687887089,-0.20374234271161773,-0.3951552115307958,-0.0012665113394180194,-0.8677428615408341
observation_0120,observation,,baseline,,none,0.5592540795854892,0.74663414561247,1.0279906627060804,1.6453894237728282,-1.2817006093345666,0.8816147327218876,0.5209994926181212,0.2134508261959984
observation_0121,observation,,baseline,,none,-0.22918113928170453,-0.2512505140293163,-0.08200555354333833,-0.2857068970276734,0.5567254550653173,-0.30640390902041287,-0.11678214335903242,0.02486820012119812
observation_0122,observation,,baseline,,none,-0.3407548523684221,-0.006380712428534746,0.4977271395033411,0.5810531699485274,-0.3376879953282702,0.3963625566116884,0.9998461300432019,0.6551673655757496
observation_0123,observation,,baseline,,none,0.5194913992805769,0.41600949994132475,0.6689367773489687,-0.02491418510342802,0.729050062243443,0.2879215351088991,-1.9008841940242893,-1.8209579285072464
observation_0124,observation,,baseline,,none,0.36015001092892657,-0.4405841591967362,0.019429025501040642,0.08241975450673544,-0.7555335754195406,0.7265927613075276,0.6136013684080527,0.3246588264869795
observation_0125,observation,,baseline,,none,0.6951890710762972,0.20488299657940118,-0.08589837066052716,-0.5734173291981586,0.6127706887593256,0.3854566620285483,-0.524768927562115,-0.9206480851648372
observation_0126,observation,,baseline,,none,0.10614478890574894,0.08465944121435012,0.002997589695872882,0.30154824361931765,-0.4259595056135749,-0.4714820328327869,0.3942026080555991,0.9010870924947763
observation_0127,observation,,baseline,,none,0.8117815597853181,0.27502653015439094,0.5862694667826777,0.16646392467431823,0.2613424648319153,0.4152661638724132,-0.10696565291722626,-0.9894127273902205
observation_0128,observation,,baseline,,none,-0.14104013014226544,0.1707946831489352,0.4991078756945967,0.4049943096785827,-1.278968438260894,0.3407740672315627,0.491695129832105,-0.28840981834943663
observation_0129,observation,,baseline,,none,-0.5301645780828348,0.129869387878083,0.5587630444147477,0.7571591506788207,-0.5018594334657966,-0.11325366896745553,0.9665805993112848,0.23786663328706714
observation_0130,observation,,baseline,,none,-1.0185445987582105,-0.576271255645309,-0.9326422237387174,-0.9866429262091718,0.7889996199892289,-0.171120575105993,-0.09879982621090008,-0.07638853896455504
observation_0131,observation,,baseline,,none,-0.5507006450420638,-0.571829522431653,-1.0939199550137477,-1.2182681271568399,1.3128469347870548,-1.1304966682612494,-0.8675281322273921,0.09727807476771916
observation_0132,observation,,baseline,,none,0.40925175304373346,0.9678970554128694,0.21243870476612292,0.02352701967566212,1.2691137690951675,-0.4965492316565941,-1.0132595511796567,-1.2883457873199795
observation_0133,observation,,baseline,,none,-0.7324643440159382,-0.4439616745274826,-0.6675503468071372,-0.7210900321438668,0.2500875089758033,-1.5672361445927652,-0.18247337177687753,0.6243390949514479
observation_0134,observation,,baseline,,none,-0.226182126097211,0.018434534860846757,-0.06536641598885679,0.32786570811215554,-1.0979800791580572,-0.18546540745958484,0.869255984851852,1.321292350560316
observation_0135,observation,,baseline,,none,1.053291978920889,0.3555818350777651,-0.30802963753602497,-0.6540557758714503,0.9188480616713244,-0.16217188317909492,-0.6809453613462271,0.26422636581883574
observation_0136,observation,,baseline,,none,0.4233979712410408,0.18755454276030686,0.04530161951061987,-0.3259886893481033,-0.5530497311067222,-0.2059906767362584,-0.3899662836549079,0.1208128188044632
observation_0137,observation,,baseline,,none,0.8954922785741064,1.1258961542938872,1.2974490246208026,1.5117658151329276,-0.6464001908505946,-0.015505003099688608,-0.0001882477484112799,-0.46711780720854756
observation_0138,observation,,baseline,,none,-0.49578109373139995,0.024817404989814773,0.4852055666753865,0.8835764172813234,-0.7915449816077031,0.22737804436104092,0.4580470179051176,-0.42600786824450526
observation_0139,observation,,baseline,,none,-1.2299874858581645,-0.9545257528316068,-1.1843067193999621,-0.9495221611862852,-0.2393856593445876,-0.4123178402544825,0.5068216865617468,-0.43245121915065254
observation_0140,observation,,baseline,,none,0.7581904685507762,0.5348554051696921,0.7336693686423692,1.7432997438692137,-0.47387584372603,0.8329956855828058,-0.04918211656119853,-0.7719547727958334
observation_0141,observation,,baseline,,none,-0.7084712687200888,-0.39644251494495913,-1.0266093801368403,-1.2572168843197282,0.5045868158320794,-0.6282880810521693,-1.0296683400984308,-0.5364541614687737
observation_0142,observation,,baseline,,none,0.04546176964119683,-0.43877029900303877,-0.7565958118385256,0.04512688586203051,-1.0658610359928269,-0.28603949991416255,0.9505865402279546,0.8456563311081833
observation_0143,observation,,baseline,,none,0.10854661582648702,-0.016679268199744676,0.006562438837886916,0.0896324496549115,-0.3343180822931739,-0.3391185069785531,0.7813993184485276,1.818534158901182
observation_0144,observation,,baseline,,none,-0.4744482061821555,-0.5878956110210829,-0.883654402089421,-0.24653387114932557,-0.7163487802124804,0.34622361201364515,0.283491244999301,-0.4022996840684562
observation_0145,observation,,baseline,,none,0.7763165326259048,-0.14946139160828786,-0.555583591463307,-0.8801183098054175,1.1064084668089889,0.22100813805436964,-0.938812294205953,-1.2020286290071112
observation_0146,observation,,baseline,,none,0.7746687646365953,0.6183545087902754,0.6588904146691433,1.055525795280147,-1.0290334340568663,1.2707927167017325,0.13221513766311,-1.6488155156140287
observation_0147,observation,,baseline,,none,0.2757220871100862,0.12110678566811678,-0.4183811485827928,-0.8813295054672488,0.5629363398812086,0.8294967999324495,-0.3906985614235086,-0.12832999114192822
observation_0148,observation,,baseline,,none,-0.01474532991756139,-0.7422247614749617,-0.6444615686519652,-0.343326463882924,0.05828631259076261,-0.1820369882641114,-0.15498834367991837,-0.2159236077074882
observation_0149,observation,,baseline,,none,0.0957184164676967,-0.3305007859319853,-0.38297866090415,-0.31253454140093756,-0.4828664891743993,-0.13038816693832314,0.8412094206365847,-0.024134962330922605
observation_0150,observation,,baseline,,none,-0.547954006036399,-0.427112560157692,-0.16216269451514673,0.34878238610860335,-0.47851749528158394,0.023862649337153957,0.21051247491906122,0.18314202951106356
observation_0151,observation,,baseline,,none,-0.11953187883145779,-1.5291988738217777,-1.0311204814642905,-1.4973455763800803,-0.1701504054860142,-0.07879681818554474,0.4615790990739694,1.4797698376972563
observation_0152,observation,,baseline,,none,-0.0524665732701755,0.05527508847203695,0.08404697196822977,0.30284716486778096,-0.3697088797139211,0.6027690175618066,-0.0948449652012065,0.6450245897495137
observation_0153,observation,,baseline,,none,-0.426116425554065,-0.16491975787820456,-0.4293362055734987,-0.6639913350841793,-0.5027080894825816,-0.94831592514897,0.2001163566387003,0.46759826371674784
observation_0154,observation,,baseline,,none,0.42460743386825583,0.6216743932261897,1.0307667174059718,0.697157926505419,0.01045767769294764,0.10707179572354597,-0.09257853261016583,0.06106030328165635
observation_0155,observation,,baseline,,none,-0.7132406973098142,-0.7969075269705138,-0.6516243736315988,-0.6776358647871087,-0.4414074454244872,-0.43681570853928964,-0.2999620656804971,-0.14841977499869335
observation_0156,observation,,baseline,,none,-0.22670948815151437,-0.8700693496188804,-1.2560441347217175,-1.5077829667800124,0.5579699737324938,-0.5912456873007803,-0.7745574221477574,-0.398577371090218
observation_0157,observation,,baseline,,none,-1.1264389072788317,-0.47436342811932286,-0.3737338941774335,-0.35581222693347536,-0.8771143706147199,-0.39369586623700004,1.351092079260062,1.2074563503239637
observation_0158,observation,,baseline,,none,0.24840925212586476,-0.5136025589595798,-0.801633511377493,-1.4880216967944029,0.9842297808717531,-0.3698621666424103,-1.1165755685699468,0.026540061267140702
observation_0159,observation,,baseline,,none,0.3713027370730565,0.5303853622295616,-0.8183584189331534,-0.6767358818318785,1.342638556256128,-0.2852439699799551,-1.7325965571608832,-1.9025119094967762
observation_0160,observation,,baseline,,none,0.31064618159396856,-0.12039988738452176,-0.6210706567857239,0.09053747562890102,0.5150821203435341,0.4778811150166873,-1.17977365335427,-2.2397300910586306
observation_0161,observation,,baseline,,none,1.4590433038767645,0.5152437548281547,0.2409711964413881,1.3205400088166308,-0.8400490099631153,1.5661944623201354,0.1770873273558861,-1.133926847384659
observation_0162,observation,,baseline,,none,0.46989552688078734,0.4760954351978741,0.16620124831649818,-0.2901606865994486,0.3070162896718584,-0.404379908383061,-0.6474198974268096,-0.8245455664102377
observation_0163,observation,,baseline,,none,-0.47099534447009467,0.23142549873354595,-0.5941720237821783,-0.6496328129293443,1.1749539378543283,-1.1420572096802144,-0.6706912531918562,-0.10902885330996459
observation_0164,observation,,baseline,,none,1.3317701034971008,0.8537690541569082,0.5601577056691249,0.46550809063053444,-0.13259623297575718,0.8839170046550576,-1.7125148895179099,-2.3496020647299174
observation_0165,observation,,baseline,,none,-0.4601589866863935,-0.4449809517597581,-0.2205172334716104,0.0716243875506265,-0.8919433186908954,-0.35282313831667367,0.34765880394513093,0.6353906878947115
observation_0166,observation,,baseline,,none,0.3943692845245604,-0.5681992591260606,-1.114753135618165,-1.8317060354029155,0.7949188835433691,-1.477928714141191,-1.0808606364893778,-0.1668624114994895
observation_0167,observation,,baseline,,none,0.3715638123907595,0.6756987074260294,0.7029792266215427,-0.5028706193940827,0.43843394204351127,0.28440754969688264,-0.06304768994714688,-0.49386778743640136
observation_0168,observation,,baseline,,none,-0.4398615093823924,-0.27147287682478133,-1.2911394236285902,-0.8584965354014625,1.158268565850989,-0.39430670894721676,-0.2614673677736577,0.3083151261611193
observation_0169,observation,,baseline,,none,0.6976743144922903,0.35252987048775825,0.5362991053961165,0.9870667443812127,0.004254550565147064,1.469957215215644,0.09418875868354362,-1.0377917357346376
observation_0170,observation,,baseline,,none,0.17729685937341852,0.7782971449605669,0.3836644578370114,1.191641660656818,-1.3430591840975348,0.6400119481688753,-0.13406022231989578,-1.0430771639250107
observation_0171,observation,,baseline,,none,0.2854772953264369,-0.5838801660747173,-1.2292012025836807,-1.253326121099246,-0.5980899542347362,-0.47467258598677514,0.7304900394063238,1.4270828487043563
observation_0172,observation,,baseline,,none,-0.3378664981301129,-0.4888132948240984,0.08037350330076759,0.7087018798025262,-1.3341732248242357,-0.502661502784109,1.6087316913513388,1.7744520339862095
observation_0173,observation,,baseline,,none,0.651316686207026,0.4583467773300252,0.6108169460988004,0.3414464633119181,0.38719740701958927,1.1365681836694583,-0.8881678622455984,-2.788416244459525
observation_0174,observation,,baseline,,none,-0.43046898134066086,-0.44910226010143683,0.03603048810982995,-0.6790387016896077,0.47871150457228273,-0.20346076386138423,-0.09307887617659455,-0.13887810331374734
observation_0175,observation,,baseline,,none,-0.8895796668659562,-1.8409896817056723,-1.536452637378845,-1.5860268691029593,0.3158603776964367,-0.7021105936053675,0.23121087440830068,1.129644721711613
observation_0176,observation,,baseline,,none,0.7125634899110702,0.6734624087063935,0.7448386233974866,1.0963867449689844,-0.12960261640324852,0.7074101458260607,-0.3554170589586596,-0.009762393830812233
observation_0177,observation,,baseline,,none,-0.21336439346981018,-0.16460507312623832,-0.37474919810326257,-0.22471134590584976,-0.5040745507883947,-0.22846504736940543,0.4550784605054686,0.8682179912084043
observation_0178,observation,,baseline,,none,0.021685043542532537,0.520562136346795,0.6444434616182518,0.37791149701392884,0.3751177491497074,0.36016368680616606,-0.6972998593106078,-0.7178335155881934
observation_0179,observation,,baseline,,none,0.9613784768313645,1.692898258103428,1.4466563211830636,1.3993390163494377,-0.1759290483104038,0.703257355997296,-0.11323863394496793,-0.21232824374066972
observation_0180,observation,,baseline,,none,0.5682456740900305,0.3038251679671561,-0.08086327584810621,0.01963895605707988,-0.16152729842095875,-0.1540252145797686,-0.14810829711197343,0.3674826761679444
observation_0181,observation,,baseline,,none,0.31635455796554457,0.41368452146707146,0.24262479185750352,0.2882944339524518,-0.662882394236018,1.2668051592184972,0.47611099705329996,0.40748828623108335
observation_0182,observation,,baseline,,none,0.5349569144576488,0.5009998009093857,-0.22112718262228964,-0.03979992653693332,0.03068597391537592,0.36222581126561004,0.736274980184469,-0.15000432370851968
observation_0183,observation,,baseline,,none,-0.3637543452429501,-0.16973448945344843,-0.20136857586671347,0.08173623050274743,-0.5311829687136626,-0.45363359983641927,-0.0699074087376485,0.10553483393107815
observation_0184,observation,,baseline,,none,0.37654429462057987,0.19442677447771772,0.35864293431793753,0.7619697514898855,-0.7227435975605345,-0.18470165987114662,0.959937423800596,0.14574434874237308
observation_0185,observation,,baseline,,none,0.5549685573534248,0.5817663586476433,0.5497745023139289,0.5101713942900857,1.0002904553153298,-0.11641031817606362,-0.8421932033808426,-0.3032643131362046
observation_0186,observation,,baseline,,none,0.37771112783932764,0.8284796572160481,0.9926073356794872,0.8496478927049771,0.11401993383437803,0.7351244386007687,-0.20778127400695326,-0.9845916121160012
observation_0187,observation,,baseline,,none,-0.1020673144424665,-0.49597948113481627,-0.6372360683416968,-0.4524662780911101,0.08943800801751926,-0.7518652172576927,-1.108156532023899,-1.1064642562719933
observation_0188,observation,,baseline,,none,-1.873706929065447,-0.3611305506563366,-0.34466853737900477,0.46978196618017576,-0.6227988775764197,-1.0624397202037876,1.4626221166090994,2.70764913929882
observation_0189,observation,,baseline,,none,0.27865125561468423,0.44820456981167334,0.38136572502550303,-0.5178111185592623,1.6094604944683013,-0.2587819397811275,-1.8089310504329659,-2.156854577166466
observation_0190,observation,,baseline,,none,0.05743822215556876,0.1916960179059683,1.0970268047995724,1.4873964050832662,-1.4931387844079687,0.939857839147394,0.536589867249898,-0.13737236953094295
observation_0191,observation,,baseline,,none,-0.1847768055659446,-1.2539083602377799,-1.812333147779648,-0.926270615171642,-0.012422550668682086,0.09838018964349615,-0.09133611767436504,0.12022540632846473
observation_0192,observation,,baseline,,none,0.38904931281674565,0.2670213667329543,1.2089512822422663,0.9401877592932947,-0.939321386697634,0.20807822555856698,0.35853862601003084,0.08551924318329965
observation_0193,observation,,baseline,,none,0.13285148997260185,-0.39495231572959155,-0.7539774948132392,-0.4577664114704754,-0.05859511968776625,-0.5319161253800114,-0.4506856435465486,0.4401204927395399
observation_0194,observation,,baseline,,none,0.10197787074872351,0.35857339919183756,0.11993516384877764,-0.19912433707891325,0.7295435496972199,0.11833829733243434,0.16485228224988946,0.3200686816812054
observation_0195,observation,,baseline,,none,-0.7417954874778316,-0.04147192914655734,0.06512294252090446,0.595537281447565,-1.1888835793155925,-0.24944498922936081,1.3712739059416552,0.8370479484713537
observation_0196,observation,,baseline,,none,-0.7296612769065763,0.06417736422453568,0.31034183398851856,0.058667345795007264,-0.18245320915895122,0.1486118414958919,1.5336323938886318,1.6914933651961355
observation_0197,observation,,baseline,,none,0.18526801365631035,0.04648603160402959,-0.006996079334865839,0.04026085546198434,0.012472257764749136,-0.14758064884290448,-0.4513912045548126,-0.5088882885396153
observation_0198,observation,,baseline,,none,0.038028556383708424,-0.010678022065752885,0.0654282121950372,0.32271463844402903,-0.015529135200389288,-0.49695254592799754,-0.4090375155373234,-0.46150914903321616
observation_0199,observation,,baseline,,none,0.06937044634259357,0.26712030380874774,0.8969870489899985,0.3812800113763622,-0.17664692531256337,-0.14644828370167398,1.0717357942002592,1.24818410776147
observation_0200,observation,,baseline,,none,0.08313146355070451,-0.9908413449435458,0.3644381529488444,-0.586654493494602,0.9875675261342349,-1.046032829903202,-1.3612805251287359,-0.4085940938229783
observation_0201,observation,,baseline,,none,0.20572820869466943,-0.0728713702187245,0.10364144003459061,-0.17570113477092805,1.0159629375551498,-0.280070268306044,-0.6429632749810439,-0.39924924657518973
observation_0202,observation,,baseline,,none,0.018032831874496523,-0.25876718827784356,0.07881517052546255,-0.3043905080928578,-1.090506426682252,0.0863102780611569,0.5980776736500952,0.11858600206254599
observation_0203,observation,,baseline,,none,0.07888542982933267,0.31562764510588726,0.20114212689033364,0.06780549470111102,0.28877116748632,0.08205819302320774,-0.3622546761599459,-0.3961366975247707
observation_0204,observation,,baseline,,none,0.1280571774305832,-0.13904766439360802,0.6645010836104808,-0.10056350863153346,0.23227770313246832,-0.06709089320662473,-0.9141419249298808,-1.384942731476659
observation_0205,observation,,baseline,,none,0.46470477192886356,0.6972403581852863,0.5379214392249914,1.0387615182460233,-0.03246589512620432,0.055955628351290865,-0.4612483180250682,-0.21833005337825911
observation_0206,observation,,baseline,,none,-0.25734440777187695,-0.27655843128513635,-0.029862525024440645,-0.16761976811208468,0.5804797216679282,-0.576846933395607,0.6461617727186059,0.7060187688873572
observation_0207,observation,,baseline,,none,0.39319811046023306,0.7028803984423675,0.08173140357601327,0.37596768391672153,-1.0985390167265803,0.14127443461313974,0.7285126911176245,0.39457801275496174
observation_0208,observation,,baseline,,none,0.3181916820129373,1.3319020024410966,-0.15217078117813565,-0.6334114839124916,1.1681543330312363,-0.07605870631541677,-0.15926795082668344,-0.05538626941697705
observation_0209,observation,,baseline,,none,0.0527010031608363,0.815899005679855,1.826270182183662,1.3934554986137642,0.39073180731331725,1.9713841539093113,-0.6052303246151496,-1.614505253108578
observation_0210,observation,,baseline,,none,-0.23755588997132274,0.3072667177050995,0.7729085030005981,1.5761662073611107,-0.37692132172324455,0.33927201054846606,0.40427767025927097,0.38249212112211994
observation_0211,observation,,baseline,,none,0.18456996341422346,0.701562146685198,1.0534812019844828,0.5563644021185871,1.3290529359429442,0.8121104158786392,-0.6599091051998434,-1.4341179450732553
observation_0212,observation,,baseline,,none,0.4319865079793305,0.11942126624577493,-0.38563502651274567,-0.2631828653150772,1.1454529899557744,-0.5473898220316318,-0.6127897791983481,-0.23848820553519842
observation_0213,observation,,baseline,,none,-0.5374887757629674,-0.7615559502603568,-1.5241122144377617,-0.24517571986979436,-1.1311258775594146,-0.8676488703025864,0.8606304256597811,1.7120411032435676
observation_0214,observation,,baseline,,none,0.03107281523803183,-0.4012172561744472,-0.5103450807200672,-0.5422102650534488,0.590119722285807,-1.2571704163488648,-0.3859620071792728,-0.6982104824017404
observation_0215,observation,,baseline,,none,0.032372047447957054,0.12053683553892851,0.1352552141209717,0.8836041034189567,-0.7397860082846036,0.050557883258538494,1.0577651056207993,0.6619807821393414
observation_0216,observation,,baseline,,none,-0.3306008270593456,0.5052800292778705,0.7805448411794581,0.4239180786289385,0.2199932320973964,0.588445822116439,0.10875601222785568,-0.21232583241122094
observation_0217,observation,,baseline,,none,-0.3096439268831596,-0.5814408969847586,-0.5489083487447999,-0.7632172811194128,0.11529819230153107,-0.5306455265960974,-0.8704926837006391,-0.5619544313430281
observation_0218,observation,,baseline,,none,-0.7755735169678273,-0.3085680230259782,0.32499861049796974,0.3665098128520723,-0.8042662920418439,0.4686656288963996,0.4943656190354877,0.5263363530686949
observation_0219,observation,,baseline,,none,-0.5515637125412289,-1.009698027442774,-0.7678615260223345,-1.025679817031574,-0.3399093415214074,-0.9978056203865338,-0.14599887563452418,1.0149350273038138
observation_0220,observation,,baseline,,none,-0.7687382948803476,-1.1462907733801,-0.9093293631507611,-0.6732611336741064,-0.10556026193669804,-0.1258783376274607,-0.5390477409644516,-0.18404247775961016
observation_0221,observation,,baseline,,none,-0.30828609472633867,0.21301111923997187,0.7360997968462865,-0.14626008534239032,0.03656092806828626,-0.4893942281548285,0.4742831125096622,0.7839137106218294
observation_0222,observation,,baseline,,none,-0.2799931525377018,-0.5393577959134163,-0.8464811336296407,-1.2892239309599165,0.6537933740930582,-0.32842250415361474,0.1656042330131849,0.5680312358112523
observation_0223,observation,,baseline,,none,-0.2706426156732873,-0.5471627577017159,-0.33262065618520315,0.300928427163046,-0.4906113334559951,0.8439996872019319,0.042597437670589766,0.28158117529402804
observation_0224,observation,,baseline,,none,0.18592151384874714,1.1178710298961336,0.7008683950848629,0.8958090331293557,0.02279771698472116,0.3925160449515198,-0.22673799667590827,-0.23284954914243267
observation_0225,observation,,baseline,,none,-0.09378333229952276,-0.031178694791907262,-0.39249418900992766,-0.056118221157373915,-0.1258527337050805,-0.7561566494853531,1.110181661199611,2.0335574420479627
observation_0226,observation,,baseline,,none,-0.3644563682096721,-0.2773592201013403,0.4681302030244194,1.236756145700872,-0.6635070746071353,1.3757018070549554,0.4988750816166714,0.4785160671404438
observation_0227,observation,,baseline,,none,-0.3609415260500536,-0.3674619344346905,0.17953576227893708,-0.7357278376342126,-0.5920816786715276,-0.9629224718173184,0.4835480799073972,0.576280176354882
observation_0228,observation,,baseline,,none,-0.5657551207529482,-0.1883584140984488,0.06547415502831147,-1.3316576221668481,0.559473064474918,-1.1905834468222387,-0.0615790045236245,0.5724296174913849
observation_0229,observation,,baseline,,none,-0.09808404902968218,-0.4225724159385578,0.23722884056238186,0.9724283960626421,-1.827519357816724,0.27599336048923057,1.9645401257567892,2.2061098389689717
observation_0230,observation,,baseline,,none,-0.10702733891360619,-0.04626077822977874,0.11442969826633331,-0.580966053409556,0.5316560438522578,0.10836983320448135,-0.08407699988002315,-0.05834260065144579
observation_0231,observation,,baseline,,none,0.8114790638775882,1.1113865143028998,1.6400653955235556,1.4356313666923786,1.2036702319087529,1.3714205688044563,-0.5447562689315891,-2.651899080204963
observation_0232,observation,,baseline,,none,0.7670758178217173,0.3766333486497063,-0.10858213740339473,-1.0244273259327428,0.5441102042023108,0.10663952024831347,-1.0885371759134796,-0.22272764765816377
observation_0233,observation,,baseline,,none,0.7389509993183568,-0.6721534772258868,-0.7059890738951665,-2.274012809193807,1.8276349122611835,-0.9937670859676366,-1.0640576433581694,-0.22246899885612162
observation_0234,observation,,baseline,,none,1.0396212006583965,0.400279862867201,0.5211765610195334,0.17738567102690678,0.9285328618907119,0.3925606242653986,-0.9981388924586927,-1.0050909664282837
observation_0235,observation,,baseline,,none,-0.6085340910624725,-0.04193508386300582,-0.5636566153170748,-0.05804269407627963,-1.0602572651004516,0.12343935767136077,0.529632106489142,0.5833747522814589
observation_0236,observation,,baseline,,none,0.3364921182931273,0.7959928044684732,0.35624766342659997,0.0001204640585196759,0.045224195234415565,0.9530165250711817,0.1508248142714269,-0.8221318170361909
observation_0237,observation,,baseline,,none,0.3805265352492594,0.4481557014161013,-0.23787572072695856,-1.4506821805558914,1.553308463456225,-1.2114683414034058,0.0755080671845818,0.46244023359644
observation_0238,observation,,baseline,,none,0.23810795630966536,0.8803835187545986,1.0998769849428753,1.2142909514425377,-0.6728627751971787,1.3155915264128435,0.5161963564575388,-0.42551552868334375
observation_0239,observation,,baseline,,none,1.0633355817379735,0.22452535790211336,-0.05409855550475018,0.642288899103256,-0.1726853454588462,1.2167107988268322,0.32643357445820065,-0.6595264298912167
observation_0240,observation,,baseline,,none,1.2689376214320365,1.5276884828848454,1.4810451874931114,0.3850464851963815,1.7499934048301875,1.0193969496368904,-1.7286770778577352,-2.2098714915548543
observation_0241,observation,,baseline,,none,0.4896833140791754,0.44766319846311153,0.6351761984474285,0.8646160156104635,0.06345985522210207,0.2696802049205263,-0.9575112791547238,-0.8696061921469411
observation_0242,observation,,baseline,,none,0.32657310015099944,0.5665845990071756,0.40534872343040185,0.5216066235064497,-0.005748382216484493,0.4324019231935192,0.18847807691895063,0.41937460766369483
observation_0243,observation,,baseline,,none,-0.561199045953618,-1.8230461908454174,-1.6557476486043854,-2.6415399471667644,0.7561653414627107,-1.358171441486184,-0.8554947848933443,0.2696385517108805
observation_0244,observation,,baseline,,none,-0.5601793813854299,0.05411623909353591,0.0902579236846277,0.7482016348684765,-0.3739474871210159,-0.17669870140809826,0.3271977843621479,0.277696481197379
observation_0245,observation,,baseline,,none,0.35011152248623884,0.36155722283071856,0.5092072277351213,0.48985329714610737,-0.7001369216713688,0.9698529778306655,1.3756488576745656,1.060275367722321
observation_0246,observation,,baseline,,none,-0.03781634435913704,0.9276890955562087,1.4714033909820556,1.383237059819755,-0.5726990352810765,0.4369327797142608,-0.4784912548076664,-0.26474326859011077
observation_0247,observation,,baseline,,none,-0.6652803385769118,-0.3715975407461059,-0.9028909250454904,-0.008456080092512086,-0.09375841688259817,0.4954680916973558,0.4546910665275224,0.7705522121242949
observation_0248,observation,,baseline,,none,-0.06201211081026991,-0.5300614983545386,-0.4586583888178565,-0.5035646846244635,-0.10844440704933858,-1.0279712161015575,0.3614845015100435,0.7281059633048583
observation_0249,observation,,baseline,,none,0.180003907070565,-0.2756202661962517,-0.8655884215385417,-0.201719414707061,0.07455340314210226,-0.717816852057072,0.064620917401864,0.4453019115068861
observation_0250,observation,,baseline,,none,0.467963456725903,0.530379831304613,1.1658507826379827,2.2495210456360293,-0.8772335421436712,0.3621259661680567,0.1908805960638268,-0.2211712457849513
observation_0251,observation,,baseline,,none,-0.0538397062129953,0.11621084971351321,-0.8240181775329835,-0.5110754739575423,-0.6961060693836516,0.0773763710371721,0.6073726078300117,1.5579977491372756
observation_0252,observation,,baseline,,none,-0.13460861760669093,-0.41129481637063886,-0.3138958241404394,-0.12343938845109667,0.46943930140984114,-0.5703245607136269,-0.7539561968946841,0.1253245645033778
observation_0253,observation,,baseline,,none,0.0031039090562691913,-0.5318338694068866,-0.7099302384605866,-1.0224729655149982,-0.6145199976277018,-0.9232875211666536,1.2144845663877173,2.1795832996462043
observation_0254,observation,,baseline,,none,0.08649169869626726,0.818554781197386,0.42759229940382687,1.3223326028704587,-0.31534087420194246,1.1493490085666553,0.2863330007173305,-0.852640659448244
observation_0255,observation,,baseline,,none,-0.5815666098661172,-0.5264339124144388,-0.1478074070479526,-0.721482627776866,0.17994417561184878,0.2726556724874698,0.7175113189118802,0.8299948440344874
observation_0256,observation,,baseline,,none,0.41665420647352663,0.25739959571046356,0.46735042910308733,0.06573592246082421,0.10591539082721924,-0.18037681441274087,-0.33316292418273674,0.4231236436800446
observation_0257,observation,,baseline,,none,1.0951631361983467,0.4999409052391957,-0.0477846482908183,-0.24838171332561085,0.7425146741787821,0.9935196162631974,-0.4027893499185348,-1.4805438165720326
observation_0258,observation,,baseline,,none,0.40710019971886857,0.9841570465072724,1.0876673782677193,0.9518790120265593,-0.15723337479062488,0.9057853549297881,0.34461660767906394,-0.2922758867242257
observation_0259,observation,,baseline,,none,-0.7240988186778553,0.05086046504763797,0.16111502753273954,0.004686555346498034,-0.3235814667640075,-0.29769117380210997,-0.11629164465742192,-0.9458175775220511
observation_0260,observation,,baseline,,none,0.047254257727956675,-0.47774388947365365,-0.8238667914300828,-0.37799829817503955,-0.1803514221093829,-0.7730411297934773,0.9163566259662924,2.7345529986231365
observation_0261,observation,,baseline,,none,-0.8828140817429755,-0.6562601592033891,-1.3354788694806514,-1.1557376969487159,0.4196193484114161,-1.6412653735318192,1.3348703127632013,2.1125625308271805
observation_0262,observation,,baseline,,none,-0.914605932668447,-1.1012796656275483,-0.6281733610190545,-1.634677971321083,-0.028506839917207427,-1.156451432883537,0.8394941996608265,1.1930572887820552
observation_0263,observation,,baseline,,none,0.32962565271518274,1.1579119897345522,1.3575267963740987,1.9146309369317827,-0.3313304647793559,1.1507517113315633,-0.5261992172764764,-0.7109221022927252
observation_0264,observation,,baseline,,none,0.03882454175349106,0.24881562653242228,0.45174164897351926,1.289691664075513,-1.2424423407337406,0.3092216984471304,0.45026739602340354,0.04446634451171183
observation_0265,observation,,baseline,,none,-0.3435550961223902,-0.3805967298202252,-0.6299351090341909,-0.7941907271994109,-0.0037585707551390235,-1.0359575568832842,-0.994742575518512,-0.07059336943176397
observation_0266,observation,,baseline,,none,-1.0437235404355842,-0.8993554480801561,-0.24055296628745215,0.5297735899166167,-1.357054698395634,-0.8169213160162883,0.8706264301524415,1.070161787110189
observation_0267,observation,,baseline,,none,-0.6344660178489113,-0.17204186350071105,1.5119260617633157,1.0815170896277366,-0.8006566919778543,0.45940463779285823,1.6499477448849738,1.9176541619285614
observation_0268,observation,,baseline,,none,0.08109804776147242,-0.06624646956463331,-0.009569980638497538,-0.5488135676230469,0.21961003926306272,0.0905369347220461,0.3522004938178249,-0.02111624777497173
observation_0269,observation,,baseline,,none,0.015946865483801878,0.7824928372619515,0.9363268036922823,0.5180555041547057,0.4808723781158688,0.6203281541700472,-0.8102784157349479,-1.0471352060577266
observation_0270,observation,,baseline,,none,0.34485004580016765,-0.22170522639028653,-0.6322985947800488,0.14281501083720005,0.48719176130379876,0.5114452761908127,-1.0639505857012703,-1.6109076022666298
observation_0271,observation,,baseline,,none,0.7616974597681417,-0.08413910057267382,-0.5042455011426817,0.02664569722750132,-0.34068235106261435,0.04080823746438711,-0.301848783939903,-0.17604364962932126
observation_0272,observation,,baseline,,none,-0.1696282611485049,0.5865017408963482,1.3629628944863077,1.664828621407136,-0.15874157359355845,1.5600196740228023,0.7167062634914227,-0.1407166233861119
observation_0273,observation,,baseline,,none,0.2344835780220423,-0.048707881598767294,1.0456382958538941,0.24569640205668497,-0.907416817123892,-0.29297874527318585,0.8241258015235775,0.2547719940397708
observation_0274,observation,,baseline,,none,-0.06889922371962524,0.6617054654654243,0.44106140651975856,0.971816381836015,0.1355908626319255,0.7381545931177262,0.6859854699919714,1.1023534014929324
observation_0275,observation,,baseline,,none,-0.24826981762430653,0.2661461813850249,-0.11712491502509634,-0.48241643697466163,0.5227611904064948,-0.5466961418799642,-0.6000230137997579,-0.4605365301335924
observation_0276,observation,,baseline,,none,-0.12239537284409964,-0.7647227754021697,-1.1769497944853784,-0.8215732833108045,1.017205346260132,-1.0237718042174409,-0.6005179516182517,0.030775019078785378
observation_0277,observation,,baseline,,none,0.4803766054599442,0.03151152261617868,-0.30723869293536704,-0.6532331790469559,0.2900392282787774,-0.4632100687089062,-0.6903940013327545,0.036680519684965884
observation_0278,observation,,baseline,,none,-0.5142094849598433,-0.33528834464168084,-0.3104335848159968,-0.4794439696865081,-0.34125153035294153,-0.17726496421319737,0.3076556018488924,-0.04797607865036119
observation_0279,observation,,baseline,,none,0.5705191199931113,0.2891425052419064,-0.39193127834657243,-0.6593844922110332,1.3074873895110821,0.4378934238658959,-1.22847876936987,-1.8663073737539666
observation_0280,observation,,baseline,,none,0.738643600548928,0.6684894209290149,0.21468467381989093,-0.8858369646819715,1.5088829484816642,0.009523644571686779,-1.412712101419451,-1.7246139656009696
observation_0281,observation,,baseline,,none,0.01786643618183051,-0.29374093984661376,0.16715040707423395,-0.8375724936842911,0.43640656988369664,-1.8837672316099296,-0.002887823766573594,1.3551052262830003
observation_0282,observation,,baseline,,none,0.12745912432394213,0.04675696206928655,-0.0787522874733382,-0.16225793494582222,-1.0433216869187407,0.33314424654890545,0.46903598121636425,-0.19572210184307204
observation_0283,observation,,baseline,,none,-0.7058996534919681,0.006612772884449891,-0.41991576393353386,-0.659494026927495,0.7230679286233485,-1.6799589377917388,-0.3522208843830216,1.6636854149085858
observation_0284,observation,,baseline,,none,1.1802672752272843,1.4926459608799627,0.7221091130801021,1.0824748047639534,0.41506191433157996,1.9732459490651815,-1.0757243424557486,-1.9210659251457616
observation_0285,observation,,baseline,,none,0.48944284953476075,-0.05241212724868155,0.4425215191646611,0.7788223264166522,-0.636816564556903,0.6895550262120095,0.9160400850906594,0.7646626995721495
observation_0286,observation,,baseline,,none,0.08613793169546163,-0.055689811028886906,-0.6103444456186383,-1.3107042657242756,0.5989881499765102,-0.5513708630304793,0.43130385619399103,0.8766400293270615
observation_0287,observation,,baseline,,none,0.028718801692449624,-0.04329041981456358,-0.1512034624059096,-0.8963757613052763,1.3203992156632365,0.0618780558485067,0.06066753738185371,-0.2562320644413132
observation_0288,observation,,baseline,,none,0.2254859342789606,-0.5170866327871011,-0.01094347271917695,-0.31652077106808374,-0.23031620244383125,-0.2136321352053514,0.5168528329634356,0.6572523059342954
observation_0289,observation,,baseline,,none,-0.32561796756590156,0.241063242370146,0.4426234513653279,1.4962243146516476,-1.1144863499734698,0.4851631390143034,0.8763104099303399,0.2650149254437599
observation_0290,observation,,baseline,,none,0.14163088214532032,0.3814934807071471,0.44590396982640723,0.033734892018663865,-0.47522718440523626,-0.12132529776292608,-0.15849213095902576,-0.1965492874771599
observation_0291,observation,,baseline,,none,-0.4617884672871238,-0.0625584923380898,0.05103171760214045,0.4074794229203832,-0.4944392797018579,0.07966602123346721,-0.025003869146075552,-0.13854882506964572
observation_0292,observation,,baseline,,none,0.2486597963987409,0.11892172763465972,-0.40529684841801156,-1.1925189497125375,0.500386833643497,-0.4589189490998919,-0.44637603730782927,0.4893901782322021
observation_0293,observation,,baseline,,none,-0.33910663513246075,0.19779190507877153,-0.2214087282441212,-0.47485535959310665,1.2271435159423518,-0.26257971754515796,-1.3601424352572058,-1.0373178313712996
observation_0294,observation,,baseline,,none,0.44775916435907576,0.7951387488984629,0.44305628288689797,0.6945215717358662,0.2692096583482934,-1.1423672877113629,0.07589713502320994,0.39964714108120647
observation_0295,observation,,baseline,,none,-0.0601845760225849,0.5378849588439456,-0.9832030177794351,-0.7355914531954701,0.754649987454292,-0.4429792984065504,-0.36647068926886134,-0.3185189654744891
observation_0296,observation,,baseline,,none,0.1343730405941658,0.009019713227258863,-0.24038742003010302,0.01176169595966911,-0.10810183113817928,-0.7432226707825249,-0.617542749659471,-0.6079111218707037
observation_0297,observation,,baseline,,none,1.4804440550882392,1.2109981208990903,0.9986236417226148,0.7712722670129635,1.182390533225488,2.3392441973257574,-1.3617256520804126,-2.842963086526204
observation_0298,observation,,baseline,,none,0.40211656862054224,0.08708888144642332,-0.004580639487804822,-0.11473293398862652,0.22413829365200674,0.4983422968148015,0.1659332373024665,-0.15405462741796588
observation_0299,observation,,baseline,,none,0.13390020873600064,-0.06773853339216279,-0.16381364218783143,-0.21927259527719142,0.09177311903063867,0.40671111385504005,0.49249188315037207,0.9316197352434715
observation_0300,observation,,baseline,,none,0.02219428073757498,0.5062725153277279,0.5155006700693787,1.23266291677155,0.38174751633773363,0.8590972104183691,-0.14442098935531883,-0.3105438697740037
observation_0301,observation,,baseline,,none,-0.5195810590237142,-0.3368377260568812,-0.210540699652441,-0.15751101515084076,-0.008061986081782269,0.04566234893550364,0.5017664776464803,0.2130303431238869
observation_0302,observation,,baseline,,none,0.5421105693012425,0.3026314324125151,1.04325943525093,1.1814158298447235,-0.2366767676736934,0.35414886155071695,0.18833929536492777,-0.401364522894414
observation_0303,observation,,baseline,,none,0.8011695911360275,0.8624231795956407,0.8124678457688865,0.522785538332081,0.16574460124503398,0.972867938296485,-0.5571872671797417,-1.1957539075373376
observation_0304,observation,,baseline,,none,0.032177560413478516,0.35527536577654545,0.7034682215094072,0.6924610719625818,-0.44106748066845775,0.7849460459484378,0.399995170665987,0.5036777622181265
observation_0305,observation,,baseline,,none,0.8383757640026568,0.20971812601883993,-0.14656607207104663,-0.8560886080978743,1.2790525298524045,-0.005647010192292093,-1.057290914348695,-0.47398925693289984
observation_0306,observation,,baseline,,none,-0.05613888500108813,-0.3631467515445637,-0.20402620893309742,-1.3187990198499822,0.6878949415921221,-0.29741291730543995,-0.7273012344413873,-0.641596201572161
observation_0307,observation,,baseline,,none,-0.8865271749802076,-0.2644191853810242,-0.13218962454327587,-0.14676663404537044,0.04235566654527219,0.10137098329594219,0.38778284626075543,0.07390643153894988
observation_0308,observation,,baseline,,none,-0.32661914445089435,0.0343986383743079,-0.12037438839801042,0.044345770707609665,-0.05351131842075779,-0.10340723283714573,0.15342704736095802,0.4294112949223669
observation_0309,observation,,baseline,,none,-0.5284961648728326,-0.47474102775543425,-1.3147885020581578,-1.2918421787204775,0.5896695013120483,-1.4196702537316002,-0.035103126141885155,0.2664288390896627
observation_0310,observation,,baseline,,none,-0.13727001181713352,0.5018388709682151,-0.2544877348524734,0.24148790393399747,0.17518686324702132,0.4756516607899922,-0.046121577119305104,-0.4415890623302861
observation_0311,observation,,baseline,,none,0.3134904054258948,0.16988438329380134,0.3398326454435254,-0.1896388210038878,-0.36952476181233535,0.7945616557935468,0.18910999472007495,0.6276930933047367
observation_0312,observation,,baseline,,none,-0.46448678578584496,-1.2908229311626958,-1.2234706877792019,-1.9428434408164268,1.0279427767382932,-1.7562476718602538,-1.4510015635688966,-0.6472642808330666
observation_0313,observation,,baseline,,none,-0.04012255524211601,-0.42603245237877285,-0.5415867181867104,-1.3063211809248179,0.3453311023123982,-0.08603962717559799,0.9707659362504285,1.064357985342619
observation_0314,observation,,baseline,,none,0.09967604717841842,-0.6676027627091876,-0.9737452198414255,-0.7026182937117779,-0.6536850246957517,-0.18120328922878415,0.816228848678624,0.9453813011703354
observation_0315,observation,,baseline,,none,-0.36651412098977354,0.31624425305218046,0.29469935089659194,0.004753091403777054,0.30440189177732013,0.16423049924128197,0.1441137570890842,0.46515301017616056
observation_0316,observation,,baseline,,none,-0.4546595471175115,-0.06565552511446265,0.19175637501103937,0.25052415772327297,-0.6043547202006623,0.3674662459908591,1.4668772030484774,1.3211084183550472
observation_0317,observation,,baseline,,none,0.04359140546573105,0.0898677760671186,0.9736209201799935,0.06167161777231023,0.6453914953625778,-0.48296268608843496,0.06168114678643832,-0.456728791862659
observation_0318,observation,,baseline,,none,0.4361848228072697,-0.8534649647580219,-0.8068356121435917,-1.4925208878100038,0.729464528789393,-0.4250070026753627,-0.3724816765698898,-0.5022235231880928
observation_0319,observation,,baseline,,none,-0.30161403694576855,-0.9497540890579735,-0.9728114300684558,-1.0121906234443374,-0.35517248875954893,-0.11447408260128511,0.6975408485927381,1.1517566246230708
observation_0320,observation,,baseline,,none,-0.37569581689856213,-0.33835810442758874,-0.19889292372164907,0.36113356108955075,-1.052567005172103,0.744520345571137,1.7108803679073779,1.2917607198525758
observation_0321,observation,,baseline,,none,-0.07062666986210081,-0.9395424812902822,-0.2942376580446503,-1.0619614367374643,0.3089910197138254,-0.12112708039817349,-0.032434700508980785,-0.02261293140538126
observation_0322,observation,,baseline,,none,0.14497430531842936,0.5723793544466617,1.6365465757050415,0.6783119673661286,-0.39218349355574456,-0.06903612532142828,-0.40787302836439016,-1.112958558513516
observation_0323,observation,,baseline,,none,-0.2715084269375292,-0.24153220545812426,0.034514184962392,-0.004498839965916129,-0.9154657799958588,-0.007436033159306091,0.003513206331908547,0.19391024579485938
observation_0324,observation,,baseline,,none,-0.16707388630207207,-0.18850779287948732,-0.9126246194294058,-0.6956653615133988,-0.46043594175595004,-0.5378188148878057,1.0929361645861948,1.018829812725797
observation_0325,observation,,baseline,,none,-0.11563427459970721,-0.11264906046200683,-0.11418341328674862,-0.3441675326122808,0.5105019139340357,-0.1853746353720295,-0.3890299827968008,0.10033002050451628
observation_0326,observation,,baseline,,none,-0.5428957971941955,-0.8551017353513471,-1.3601349056093053,-0.6096539568187267,-1.0791554734012392,0.03621365901975482,1.218479918801146,1.4197228407427256
observation_0327,observation,,baseline,,none,-0.08876855456891156,-0.5837154507024188,-1.0295932039210878,-1.8695103217146851,0.36339959658313825,-1.6678749929716097,-0.23830139752231336,0.129774470977089
observation_0328,observation,,baseline,,none,-0.2800239014192697,-1.1453431250431811,-0.15213103608187484,-0.8316595058569614,-0.03795479805506352,-0.2647726891798006,0.36552273104334565,0.04708347521040612
observation_0329,observation,,baseline,,none,0.7916945815583343,0.5659238324926712,0.3132560711533605,0.14415465151948756,0.7786754983811217,0.6137212166710855,-1.1715098636927213,-1.68255085493857
observation_0330,observation,,baseline,,none,-0.2586612175822443,0.02206645848870914,-0.35846207509433237,-0.6802159978249177,-0.0385890552835324,-0.9290326507528619,0.37025007631327655,0.8867638449986543
observation_0331,observation,,baseline,,none,0.2285555010578044,0.04118765319125001,0.6996171092492195,0.6316031097313146,-0.7915699605372783,0.9734298767479593,-0.6138985530806398,-0.5993127900573907
observation_0332,observation,,baseline,,none,0.18975942063338774,-0.008433636339352707,0.011205391409767887,-0.08811681765966814,0.5321166594921004,-0.2606641145283851,-0.5352247057552675,-1.3260177409883795
observation_0333,observation,,baseline,,none,-0.559016060360306,-0.8613556744685689,-1.3595050240510385,-1.3431674730716736,0.38635643070404324,-0.8715481971650211,-0.7467080621335457,0.5281992948200962
observation_0334,observation,,baseline,,none,-0.6244748436441849,-0.31178953685837035,-0.2692396315807012,1.043654190142861,-1.3652034296005908,-1.0267713273512646,1.1747169654501437,1.663779981440334
observation_0335,observation,,baseline,,none,-0.22274281511045518,-1.3816246085497237,-1.9573365038710153,-2.4497097674336903,0.7567096708109418,-0.7510659973063272,-0.38688800445211513,0.07173288514741966
observation_0336,observation,,baseline,,none,0.3312870585611502,-0.32032235257302166,-0.7339964780895946,-0.9543746033121265,0.6656183498111878,-0.4850289948656781,-0.6134793319792271,-1.2618655080649641
observation_0337,observation,,baseline,,none,-0.2866196560741416,-0.5298412199296388,-0.4000584220887313,-0.18872793906195712,-0.8946646917325352,-0.36614452670366515,0.8142434462879529,0.47612016250896805
observation_0338,observation,,baseline,,none,-0.328077205263594,-0.48389778832146935,-1.7228861773357218,-1.8417106201650268,0.5112854317463975,-0.31781776192187305,-1.1098740035284367,-0.19799351732002624
observation_0339,observation,,baseline,,none,-1.450110369871262,-0.906121758466716,-0.47418507114774894,-0.18881902042278492,-0.12597981138036884,-1.6440693810536744,0.012505520157670702,0.8838744918248467
observation_0340,observation,,baseline,,none,-0.19841944610176168,-0.23509654950159511,-0.09959745181464055,0.2962439682122676,0.41044837821375973,0.5063911935634007,-0.3098892981549321,-0.3857263420516335
observation_0341,observation,,baseline,,none,0.15623944174573723,0.18710167266671612,0.5737145073121366,0.5361116822015738,0.174417399266931,0.8619112830722443,0.04599806972101955,-0.5084803146817554
observation_0342,observation,,baseline,,none,0.22234361298796246,0.7785271812422918,0.49206828295117766,0.8915346105263029,-0.12424560905951519,-0.4649657557898219,0.1721450809466778,-0.05966672030716472
observation_0343,observation,,baseline,,none,0.2145961313706144,0.8362685374077266,0.9502254694376773,0.7187651947588435,-0.1795792087133511,0.5786020705127517,-0.7688045051327045,-1.2548909533857548
observation_0344,observation,,baseline,,none,-0.1639222418687849,0.20905836940985162,-0.31710777841529747,-0.31269240151833344,0.45047701767422904,-0.4126868607659494,0.40239069737842276,0.9262055815835598
observation_0345,observation,,baseline,,none,-0.11357891460010552,0.5447955613716005,0.01766799341019265,1.1331548813652275,0.09259323424701443,-0.006478182732948978,-0.06698953212847741,0.2586794774400155
observation_0346,observation,,baseline,,none,0.41613812703553865,1.156117580952201,1.0803577820222618,1.2833460455478796,0.6269519692711034,0.15964671449732581,0.2608473218069388,0.256321977418298
observation_0347,observation,,baseline,,none,-0.0678554422533264,0.13771136493256725,0.12628490645160834,0.6065095170047459,-0.3823499434576459,0.6415616426768743,0.6446814622996974,0.1808535028821336
observation_0348,observation,,baseline,,none,-1.151521665798774,-1.5052164360365712,-1.3702811507784087,-1.5682253594849873,0.08430448685844807,-0.6546452782310527,0.8806259679270212,1.5564155448461288
observation_0349,observation,,baseline,,none,0.5100048404605754,0.8596430797402874,1.4373173225750708,1.1063584987551844,-0.8489084393382225,0.1932718259801911,0.7226063440186763,1.1765428332421164
observation_0350,observation,,baseline,,none,-0.5388402307231805,-0.8746464716925402,-0.9342494698844215,-0.3048240339293107,-0.6270099427297147,-0.8434731705517078,0.38674990613097066,1.2987222963977372
observation_0351,observation,,baseline,,none,0.6876444382198492,1.412278262443987,1.485151260545281,1.4129900859460007,0.8553077673859307,1.397430882531737,-0.9194655990303914,-0.9886522644137984
observation_0352,observation,,baseline,,none,0.8470734842595122,1.4554741977434087,1.4716410282688717,0.7000810041988931,0.6640418887432054,1.910242460785142,-0.26933170152166563,-1.9760379308681522
observation_0353,observation,,baseline,,none,0.3812198376791231,0.007740756539115712,0.07602416688376593,-0.5392385800508893,0.6511577158018578,-0.9005583623084217,-0.7334249318939265,-1.2667925439834409
observation_0354,observation,,baseline,,none,0.45205785052744213,-0.2334507299730988,-0.013995780392459328,-0.2885971183553864,0.4537496625194509,-0.6991507436491556,-1.3863027065652918,-0.5113073236641505
observation_0355,observation,,baseline,,none,0.9288993498370218,0.3059013023358109,-0.5993484614744802,0.0807913708578818,0.6041051384089203,-0.13702081815848932,-0.6887297221687765,-0.6851237240964604
observation_0356,observation,,baseline,,none,-0.5510621528508242,-0.4182840644089971,-0.6628041198850461,-0.26074346943548726,-0.134392641016571,-0.8919652946655112,0.3927094935530512,-0.9869368348668718
observation_0357,observation,,baseline,,none,0.12692591895956393,0.7294804429968185,1.1976672845545575,0.72055518240213,-0.2159082973942308,1.0023173329984572,0.35031682393798097,0.15917333019175792
observation_0358,observation,,baseline,,none,0.11953306764960119,-0.5340409133530416,-0.6366493519346611,-0.7505472544708448,-0.9766894553082159,-0.8468970592110783,1.0088053672801518,1.9181941377002296
observation_0359,observation,,baseline,,none,-0.4835548322441898,0.10246222530372234,0.4312770540740921,0.5172490361488271,-0.916626575599927,1.2052793746935353,1.7970747055879364,1.2916467937055431
observation_0360,observation,,baseline,,none,1.0059062288749612,-0.3306940605127653,-0.07146905565796288,-1.3304365135893987,0.5967147090490429,-0.024612531514552144,-1.454611117635104,-1.148374569356027
observation_0361,observation,,baseline,,none,-0.29034669203242436,0.4036063720239514,-1.1661519947886692,-0.7763929884629432,1.3264406728041755,0.018717215495426598,0.052630220296138286,-0.7873812820706149
observation_0362,observation,,baseline,,none,-0.36562315239822923,-0.2869178393696398,-0.9219797483797382,-0.9239093560200853,0.5674718200592811,-0.2841661881525962,0.08178181198493722,0.7993182774161234
observation_0363,observation,,baseline,,none,0.13385712432055988,0.19357181760618786,-0.16758130547022138,-0.2261313853388182,0.9109294372424199,-0.5849602985720456,-0.6720113216731529,0.8650651154331729
observation_0364,observation,,baseline,,none,0.5155587991603015,0.30782811775352226,-0.07250755775155399,-0.6023150377486554,0.13462221996131696,-0.8061199879332872,-0.9133691940518203,0.7491955662381101
observation_0365,observation,,baseline,,none,-0.3005232665227777,0.25750452439127236,-0.0019982559580269676,0.31908786896717933,-0.9270845887197582,0.5268077330695877,0.7852646306250567,0.48223549208809746
observation_0366,observation,,baseline,,none,-0.2997836459335645,-0.024192185152370677,-0.24715410668378326,-0.355693158100598,0.5471988117394075,0.3307093409179128,0.015986308085455536,-0.020861390014734527
observation_0367,observation,,baseline,,none,0.25205455563844936,1.0204056370096553,0.5016294646036445,0.21128269015657702,1.6227513639903728,0.4324399691281965,-1.2232338099245272,-1.0684506212441678
observation_0368,observation,,baseline,,none,-0.7128072497529486,-1.3870907872594427,-1.591132750459505,-0.582253263046375,-0.6996288315544408,-0.5688430374825681,0.4797933643028047,0.37819475219591625
observation_0369,observation,,baseline,,none,-0.38629280785551245,-0.7229408480974853,-1.636654230915689,-1.6311464518274637,0.36539008165373904,-0.9127382382471936,-0.43150575449862383,-0.1317193905441263
observation_0370,observation,,baseline,,none,-0.419117566603693,-0.9663949391904084,0.08835219273895778,-0.8099708000850419,0.20502741585559042,-0.45181535450196647,-0.40706621444096014,0.3774941090991505
observation_0371,observation,,baseline,,none,-0.21716713523561954,0.20687393761946873,0.8695231662850644,1.3997521260662673,-0.24619007701174422,-0.0749868229014381,0.5649888040976077,0.65692113664461
observation_0372,observation,,baseline,,none,-0.07113319997039746,-0.8935823110927237,-0.37829745825321637,0.1231152348354464,-1.5240070266605659,0.07152628197139063,1.3806248448028846,1.1439941038535795
observation_0373,observation,,baseline,,none,0.9221042136863127,1.8609848197137,1.6214070691890423,1.0625593494831012,0.6385807357664419,0.9083695413421455,-0.23859298456804529,-0.9778461338421004
observation_0374,observation,,baseline,,none,0.4536804616641691,0.3634861718698269,-0.13997255393013025,-0.38953676969338075,1.1269759450391572,-0.9210799002812255,-1.30659863061276,-1.4684404158631383
observation_0375,observation,,baseline,,none,0.011199107822788504,0.6187904157487878,1.7623673447375938,1.468412757083101,-0.5096371271023189,-0.6418669728160644,1.0269178166715383,0.8803461561439706
observation_0376,observation,,baseline,,none,-0.11235094540010934,-0.5618108927488715,-0.9889929584247097,-1.162055849792238,0.011766932489359783,-0.7522424665102747,1.2716645462195553,2.139650493655838
observation_0377,observation,,baseline,,none,0.43717563279318983,0.40418545212811974,1.0661381319028425,0.11531679460255495,0.10837267388088734,-0.8147255320782706,-0.15196748471741434,-0.18799575905327615
observation_0378,observation,,baseline,,none,0.21419996440709002,0.4620641666461177,0.5574869644904329,-0.05518738815843227,0.004693626618441471,-1.1467284428413318,0.5103626608525602,0.47975713967073985
observation_0379,observation,,baseline,,none,0.4456044781339933,-0.04124638735860581,-0.5057579320897647,0.4828704951423549,-1.166298413379609,-0.46784125772401763,0.026821824235167435,0.024170592349122305
observation_0380,observation,,baseline,,none,0.6904875393441395,0.3694608366289894,-0.08887014376520724,-0.508726790801546,0.8813697270359686,0.12368765463665846,0.3702160984932903,-0.3699400990794568
observation_0381,observation,,baseline,,none,-0.5040924540919131,0.42582458789264016,0.15961158937457176,0.10376149406803642,-0.3601548316104005,-0.17049871026373262,0.7221435318546966,0.986782160188489
observation_0382,observation,,baseline,,none,-1.12642747941108,-0.15530196031464294,-0.46563539619706185,0.2683273537318309,-0.4292982671445486,-0.2734692524005021,1.2593868304450826,0.519972904264051
observation_0383,observation,,baseline,,none,-0.010901247111390785,0.2818507422314612,-0.4671325244679919,-0.5636901412027132,0.22257127740641947,0.5912445263901733,-0.0011254136802603398,-0.746265029698953
observation_0384,observation,,baseline,,none,0.039730684919592994,1.0134932031617843,1.1103719163675734,0.8072485578375991,0.4653391029475008,0.6908903584962403,-1.1242592357304797,-1.348152365607649
observation_0385,observation,,baseline,,none,0.14338942946650896,-0.8725278984855698,-1.258367841233404,-1.8734253889613397,0.5175983373665738,-0.08038442621315334,-0.15396233831033618,-0.920287380601253
observation_0386,observation,,baseline,,none,-0.2994118824556151,-0.06397158462298669,0.3096992526094035,0.5456958192123262,-0.6419952243317151,0.2538943879817501,0.5403263964532414,1.177144019929211
observation_0387,observation,,baseline,,none,-0.11631013985533784,-0.272101884726173,-0.34828483690805284,-0.2625282605074676,-0.8232878772755783,0.37646770661696616,1.0768975017232618,1.5585374143514874
observation_0388,observation,,baseline,,none,0.2793683488254862,0.9074255873543986,0.8736271732289116,1.4082463763592963,-0.21495270986791742,1.628574040166895,-0.3475233717728806,-1.103731154857202
observation_0389,observation,,baseline,,none,0.3062792300534795,0.7693320015944092,0.7360105922566716,0.474964072236248,0.07152732721426355,1.3889336441348268,-1.6520566723905565,-1.552428788752363
observation_0390,observation,,baseline,,none,0.665489421439998,1.0505630008612734,0.7372878535641081,1.316966581787572,-0.5294306846710337,0.8137307505527417,0.1386759830021781,-0.23891614678307
observation_0391,observation,,baseline,,none,-1.0831397070400306,-1.0566369856646183,-1.014175418303661,-0.766883744504357,-0.1538507960041834,-1.4364991686171613,0.26849880352309946,1.3688763537587865
observation_0392,observation,,baseline,,none,-0.8243292429117163,-0.2962475836540304,-0.19461808020728183,-0.30192201967335464,0.4005433055569694,-0.4491128453156454,0.33567178366241596,1.144060241715255
observation_0393,observation,,baseline,,none,0.7309705994445771,1.0518014727539637,2.087004588730675,1.9552764897135735,0.1943559793613968,1.972702518078868,-0.7817592857240145,-0.5630400266353757
observation_0394,observation,,baseline,,none,0.3040992687864962,0.861528831703647,0.11775950328023932,0.39597572533024694,0.5278675940982799,1.1370374709933113,-0.6477272932570851,-1.0558158951523142
observation_0395,observation,,baseline,,none,0.3967174383901002,-0.18549869081108655,-0.5334206843842878,-0.5024013633063854,0.32397569491824824,-0.02516049600406542,-0.5278775191643796,0.8024648887589767
observation_0396,observation,,baseline,,none,-0.1424172437643655,-0.44131123843424025,-0.6064514022598871,-0.990792387970279,-0.09780261839401028,-0.3583010970340784,-0.2534850627800345,0.604047726407801
observation_0397,observation,,baseline,,none,-0.23707769650257182,-0.04335099140886743,-0.6847403524016973,-0.5785941229532449,0.06256689170919738,0.4409064451965359,0.3110889473840536,0.9654336106242675
observation_0398,observation,,baseline,,none,0.09990186872624687,0.7673629796342124,0.006573976862026765,0.06890927148334433,1.189609500493085,0.16678493779744394,-0.9996697377033571,-1.0529990098583957
observation_0399,observation,,baseline,,none,-0.46989375374154424,-0.018783202011915412,-0.8117990797047404,-0.18662786401158837,-0.11434882371348706,0.0691813584202931,-0.022233235384426148,0.19787118735602616
observation_0400,observation,,baseline,,none,-0.7650808435419529,0.15234541433508464,0.08499637483731257,0.9468698419444227,0.2587878947683454,0.6483174623692549,-0.2907987775315826,0.6270468385514665
observation_0401,observation,,baseline,,none,-0.5552849549206432,-1.3649322798200956,-1.5204853812124361,-1.0817951533144012,-0.9986293161464027,-0.8769921995757606,0.7163815164728209,1.0076084741159712
observation_0402,observation,,baseline,,none,0.058263091560230656,-0.09503374351099955,-0.026688595162053123,0.26803636610026566,-0.39456791118866674,-0.28295383822367437,1.030136130119659,0.501181701782687
observation_0403,observation,,baseline,,none,0.3185956448155081,0.472437848282554,-0.3149762084311281,0.3083508932090282,0.06866599092873583,1.561193682097902,-0.25931861804607,0.25249053620846773
observation_0404,observation,,baseline,,none,0.8256296753577714,0.7127329002738771,0.16885855509746867,0.6798463458884423,-0.25004751305953604,0.3679620345205401,-0.39828864459137703,-1.631579783706604
observation_0405,observation,,baseline,,none,0.1859106928881419,-0.8155210242972547,-0.30562311757676724,-0.7768246845364197,-0.2769102840909367,-0.8651244078686686,0.19446805722680885,1.2096248198652724
observation_0406,observation,,baseline,,none,0.23625850343399685,0.7158204836833363,0.9918909402178603,0.3174323680830047,0.28344736214060456,0.12023832748804239,0.13389929987260085,-0.3769150837107534
observation_0407,observation,,baseline,,none,0.8440704643672031,0.7635163549063704,-0.12098774111347588,-0.07787265561590895,0.823398638344149,0.38101215003829936,-0.8212815317884408,-1.1068230404093
observation_0408,observation,,baseline,,none,-0.3883277126807139,-0.5050854276381931,-0.07072987688288124,0.6261673050083977,-1.0088786994013135,0.30977536626803925,1.0342536629352295,0.026854366107632588
observation_0409,observation,,baseline,,none,-0.4796456859204784,0.2631251741281266,-0.06746236212661039,-0.4947823825384775,1.1397680569642423,-0.6077294208374984,-0.3332451153907243,-0.18440716509344124
observation_0410,observation,,baseline,,none,-0.26896582808273667,-1.0529093429242966,-1.5321876039036928,-1.9765205079674013,1.866291848096882,-0.8361893025254847,-0.8435050917079117,-0.8787228447708556
observation_0411,observation,,baseline,,none,-0.0481120318233498,-0.2893400049347316,0.07181537271566618,-0.02053103395913395,0.11910452590060541,0.8600893830195988,0.04832183524437679,-0.2566026890442041
observation_0412,observation,,baseline,,none,1.011617886530518,1.1501514338535728,1.4523774903994346,0.8902331099709216,0.5143443244910783,0.6787559127339509,-1.35077860706164,-1.4782027007873366
observation_0413,observation,,baseline,,none,-0.1744202349633967,0.06590182728987282,-1.2193755037335736,-0.4429382904958815,-0.08601509116671824,-0.26873637835104897,0.05823467899681072,-0.5693415147156203
observation_0414,observation,,baseline,,none,0.6535567001762312,0.345145885289207,0.7080889253890208,0.4773151333751556,-0.3485859253445505,1.2240915441280857,-0.27257754702690873,-0.2957902876635429
observation_0415,observation,,baseline,,none,-0.23633040512628586,-0.2423193976839964,-0.5039874191728413,-0.01975415576761802,-1.0538313020825414,-0.6261212743454168,1.177468735446411,1.8347457516230419
observation_0416,observation,,baseline,,none,0.24570809011544817,0.055224052969097895,-0.2504297292770859,-0.14332580789188948,0.40161049165312157,-0.592622542803377,0.29045143035903465,-0.5732067320072574
observation_0417,observation,,baseline,,none,0.34065846447123227,0.6720813812750115,0.3786098928980939,0.5699015327060332,-0.5931443181948614,0.06062498847390729,0.13014228789342183,-0.2828763061898486
observation_0418,observation,,baseline,,none,0.26647626994519824,0.03438079693259724,0.5244127160079487,-0.27410091329753317,0.5873564048960548,-0.08847487957292001,-0.11748399604247156,-0.46077973670266703
observation_0419,observation,,baseline,,none,0.37552327732839713,0.6018285243474889,1.1266076907111207,0.6110745598565444,-0.3270124937427238,0.9215923775855566,0.30710503318046384,1.5978673725918173
observation_0420,observation,,baseline,,none,-0.3445197190640678,-1.284700767776366,-1.0353573696423906,-2.127524785587668,0.7230041096198957,-2.0518734857305105,-0.5131968579319511,0.6319593320692379
observation_0421,observation,,baseline,,none,0.7280736846554319,1.124361346343318,1.3520059950974543,0.7802468480536111,0.64617596689595,0.33171910300987006,0.030228585056486512,-1.031345309791384
observation_0422,observation,,baseline,,none,0.4904961730926426,1.5641248774992893,2.419658089202818,1.9490302887628237,-1.0942960939188189,0.5911295215528984,0.3933871141162406,-0.09398625456479293
observation_0423,observation,,baseline,,none,-0.3509393417436291,0.004165023489147379,-0.05982839946833269,0.19512373623362872,-0.549961951115848,-0.8689731374095645,0.15215496470978213,-0.16889113997655308
observation_0424,observation,,baseline,,none,0.2528815785668157,0.13375501652833208,-0.4406208824686924,-0.9985073337078425,1.0977964706804446,-1.0679831543871123,-1.2751542072920674,-1.1220301655046407
observation_0425,observation,,baseline,,none,-0.53658038995299,-0.643143510947288,-0.3720570768504635,0.5238054817570568,-0.7589122073313822,0.4360002501106905,1.2209882045326919,1.733266885543206
observation_0426,observation,,baseline,,none,0.04745016985262934,0.3830991852831417,0.6412807406500372,1.1890217728233738,-0.207121020422876,0.6657809207731482,-0.23778955904351481,-0.5488979634787736
observation_0427,observation,,baseline,,none,-0.5855431953361753,-0.734967209431855,-0.7947820630414959,-1.223667024233801,0.14634945494217827,-0.7644807200491588,-0.30167809083562813,0.2510600108926526
observation_0428,observation,,baseline,,none,0.3591832787849487,-0.1579386481680935,-0.29202283841921833,-1.3425371070136336,0.8855094661646357,-0.2069514354114717,-0.19074795147859802,0.5171992793854219
observation_0429,observation,,baseline,,none,1.4821854950056779,-0.02692229771840271,0.9937805437968262,-0.4924879341915141,1.2620759134418011,0.5741578736355133,-1.1508405858851605,-0.2347552547133751
observation_0430,observation,,baseline,,none,0.735420006743675,0.6360980807310032,0.39072409004405184,0.4025112040487737,0.3501133347430627,0.7183949754995549,-0.5423641723356469,-0.7165903557689818
observation_0431,observation,,baseline,,none,0.3653897109214134,0.11035989502689131,-0.3993036934828137,-1.0480950959975828,1.3489540901229558,0.6149996695678078,-1.4779022005652587,-2.1430320381918033
observation_0432,observation,,baseline,,none,-0.45143575705673067,-0.4339887839839941,-1.7829167226780696,-1.6002447553960442,0.7580007172104531,-0.6315571498022758,-0.27753993476261396,0.0738456400430571
observation_0433,observation,,baseline,,none,0.1901290062593048,0.13193544702063056,0.47589864727423237,0.610525773599046,-1.1219909899739755,-1.0384976703125768,0.1994817007187194,0.7430442196726315
observation_0434,observation,,baseline,,none,0.5922780475950978,0.060535748626043384,0.6388610544902846,0.5137024431095489,-0.12325993056643006,0.7904673357704485,0.006265666136907294,-0.3823290730930556
observation_0435,observation,,baseline,,none,-0.04419151612036356,0.06274173751520912,-0.5783405455200594,-0.09641650900489585,0.40634972536112024,0.4389983873055444,-0.19798675874488636,-0.010253933209229238
observation_0436,observation,,baseline,,none,0.06463927741435102,-0.49471359087164113,-0.2044954380124557,-1.008377308656592,0.8329772863706946,-0.21926833877677027,-0.6378162689881931,-0.7474951720088212
observation_0437,observation,,baseline,,none,-0.8471713398387042,-0.650714882156397,-0.804065870871275,-0.2879024801937659,-0.8049582347813817,-0.7961179283771047,0.9124574476147376,2.230530720204416
observation_0438,observation,,baseline,,none,-0.42771024259600127,-0.4401058439801031,-0.41160102048286823,-0.020074906633033074,-0.7333553468729707,-0.7188206864544764,0.9469752692413371,1.5026112102328322
observation_0439,observation,,baseline,,none,-0.9241763308833367,-1.501071353276847,-1.6923767992105727,-1.0845991294752102,-1.5636519646582911,-0.8884245318879777,0.47410452226235367,0.2707135413775278
observation_0440,observation,,baseline,,none,0.9572345530603689,0.06407883724765673,0.005250420260206341,0.11724137576724253,0.24426933545660182,0.7957527190105413,-0.9792215950245426,-1.1878096107179703
observation_0441,observation,,baseline,,none,0.23631606462189422,-0.13082448174113617,0.26810357698156045,-0.5645624126105848,0.7405676608461274,0.26632262935012896,-0.22833600346139243,0.10430517257977251
observation_0442,observation,,baseline,,none,0.36234548845268566,-0.02756830713732128,-0.32461633921154703,-1.6285764005044534,0.942085826062478,-1.6315422040405898,-0.8438955486422629,0.1376594226111777
observation_0443,observation,,baseline,,none,-0.1013493210202058,0.05865489923535466,-0.33063672020546425,-0.0648539959085277,-0.11572167276813079,0.1021189902466621,0.5340860221977037,1.2460207849196816
observation_0444,observation,,baseline,,none,-0.7303326374837018,-0.7137295404135222,-1.19035136607422,-0.17986339817988828,-0.6059969015496331,0.28623350415717885,1.4883987716767846,0.8575261072374595
observation_0445,observation,,baseline,,none,0.08798541691358214,0.03600874141282763,0.5500717302931483,0.008542043139353084,0.8207332166078551,0.4413456775500012,0.17256338817060024,-0.8095984442198617
observation_0446,observation,,baseline,,none,-0.31824442771802275,-0.427177181010545,-0.8444958818635547,-1.1295342084826197,0.9726611736219055,0.6386243764286103,-0.09225339332542981,0.20375948361996
observation_0447,observation,,baseline,,none,-0.4849131672837297,-1.6345068015396749,-1.204052506170984,-1.2513742578295897,0.10006383003390851,-1.1840494371251435,0.1277484992568751,0.7121478468742233
observation_0448,observation,,baseline,,none,0.027705468880855795,-0.042304183148161714,-0.7025563433079698,-0.07225043387127406,-0.05386704062846554,-0.6582075034220268,0.6215229150061697,0.6573513573223136
observation_0449,observation,,baseline,,none,0.05490915751938833,-0.382648605293955,-1.4512950562928346,-0.9551287094842051,0.19738660628188864,0.005923497495478769,-0.4491346782110045,0.12115855635618933
observation_0450,observation,,baseline,,none,-0.09024631587218372,-0.14309515337414447,-0.4521195206417351,-0.9982577898512484,1.2203320044935744,0.2511019191296139,-0.7252810110108454,-1.2104578012541154
observation_0451,observation,,baseline,,none,-0.38713439080567613,-0.6540332714154625,-0.5147385091413474,-0.7384968538804924,-0.8268201177453722,-1.0517145365460023,0.571687336946656,0.3905716967596661
observation_0452,observation,,baseline,,none,-0.4929339170860667,-0.017215413290026904,0.4823375108694659,0.21787609055564228,0.06649684677425552,-0.06352821178175937,-0.12676514672039763,-0.6600635268350126
observation_0453,observation,,baseline,,none,0.0031602906501139306,-0.020744620266160474,0.3355235261094626,0.5191542849139896,-1.083777212196333,0.38537902643186744,0.3957587546676806,0.5811269470665512
observation_0454,observation,,baseline,,none,0.6112426557206577,0.7820054664540308,0.821488890571539,1.0574563698839228,0.2503468627728562,0.9926045516376724,-0.14255535303761835,-0.7503887168126204
observation_0455,observation,,baseline,,none,-0.8021550602899455,-0.17081262847604106,-1.43957228417068,-1.4315960475058365,1.245390227406935,-0.37995640553213095,-1.3880558141757997,-1.4357235374665325
observation_0456,observation,,baseline,,none,-0.32859099671578423,-0.5133344315407007,-0.2644241437036429,-0.6998867616036554,-0.3466066053986299,0.7439571905951032,-0.6176874157493295,-1.80969789329348
observation_0457,observation,,baseline,,none,-0.08117914327615817,0.3508112031829257,-0.4639168880771406,-0.12542570471847414,0.5251687451651241,-0.39338483010776226,0.15760105077249742,0.5879637640614997
observation_0458,observation,,baseline,,none,-0.07936899493021693,0.05880948290962891,-0.3372875549649973,-0.364918343770675,-0.2223225395015595,-0.37612949974502613,0.3856452105426209,-0.05781857830725162
observation_0459,observation,,baseline,,none,-0.29638171212222586,-0.7364414907053064,0.1867158108621294,-0.3945767317650641,-0.872036085246042,-1.0982778674439682,1.1126503346528989,1.9285727310218541
observation_0460,observation,,baseline,,none,0.9642532743595216,0.6169904667447103,1.0135979327048923,0.4536283650895463,-0.005504430867724369,1.0180162281946386,-0.3408221119847392,-1.0489216996940918
observation_0461,observation,,baseline,,none,0.199899560014472,0.1869643520964515,-0.41073590963775813,-0.05787642924884717,-0.16728146790261542,-0.5362608251702145,0.29553015021099366,0.5970477543587747
observation_0462,observation,,baseline,,none,-0.4926917368209122,0.29007463290968033,0.04799713316056267,0.07032953935363198,0.6975829092626373,-0.09603901067928623,-0.5810117563813733,-0.9034127333648767
observation_0463,observation,,baseline,,none,-0.9410654470347761,-0.8330291248850121,-0.39700986729091997,-0.37217865309875764,0.5898979815332249,-0.3213287304286354,-0.3856745308167495,0.12512211135364426
observation_0464,observation,,baseline,,none,-0.08607493700989734,0.7251797935722146,0.5400492125873678,0.26156712086492334,0.443746537561534,0.7895811376748605,-0.8369620978857892,-2.2838494214247183
observation_0465,observation,,baseline,,none,0.7397343783322144,0.9027536378128613,0.66599691535175,0.8526431982432748,0.12631251835040244,0.6952355597564962,0.5821682871846006,-0.3298612926284378
observation_0466,observation,,baseline,,none,0.09638355086791596,-0.9896603680953695,-1.4888486211094767,-1.8023673513233909,0.9218459790696285,-1.116049373202012,-1.14716916056649,-0.11392850642701807
observation_0467,observation,,baseline,,none,-1.1579954889636852,-1.3283848205530573,-0.9657553854020706,-0.7183097490765269,-0.783215989338058,-1.1551972680664115,1.678651994757073,3.0060441224060166
observation_0468,observation,,baseline,,none,-0.6884716903371179,-0.18865624458696967,0.12657130112308126,0.3101423140376088,-0.19567942850745676,0.3906939984565112,-0.25404649045089345,-0.10018734909717286
observation_0469,observation,,baseline,,none,0.06145847924378181,-0.6846461638337471,-1.0512131273082865,-1.2849777520359345,-0.5323546439029407,-0.797394329474699,-0.09173345509128367,0.020561981364930038
observation_0470,observation,,baseline,,none,0.5338051307539302,0.6117548670531194,-0.4976619911325598,-0.8181741996614349,0.8537179523380998,-0.16642742978075697,-0.1497555294903643,-0.5121039447026623
observation_0471,observation,,baseline,,none,0.07053723342869628,0.7406838434880566,1.531251034088676,1.3616636582196122,-1.198700974496771,1.1044885058223919,1.1084317588321904,0.45814244121672826
observation_0472,observation,,baseline,,none,0.07464665527305675,-0.08182797770387391,-0.4593864849421259,-0.5938517300441026,-0.5596635586636097,0.40711834363887434,0.5764881105691512,-0.24037737509418244
observation_0473,observation,,baseline,,none,0.5364981723947772,1.0793950626220628,1.1438990514351675,1.558882195241181,0.19381098693372906,1.5945588614710733,-0.7546985111936588,-0.9987291376574342
observation_0474,observation,,baseline,,none,0.6281266622611276,1.1016559416171674,0.5301654201097208,0.11692649910101227,0.7408114337782136,-0.4221500934239922,-0.22534101418209845,0.7819277063470628
observation_0475,observation,,baseline,,none,-0.338265262718883,-0.26495677373961957,-0.6445939936663178,-0.14015057994062213,0.6515916599710638,-0.7720738142746559,-0.7793453881399106,-0.6000703283659112
observation_0476,observation,,baseline,,none,0.2190228896697673,0.13663629077316955,0.5657274822694998,1.0070578355684148,0.06336841264908022,0.7769045419637876,0.042476260184184614,-1.4389758373311574
observation_0477,observation,,baseline,,none,-0.47869160754967016,-0.24446486510973878,-0.4119702051879165,0.045566291060548214,-0.2948625464426855,0.12992757268681573,-0.005522368786196219,-0.40820042869382067
observation_0478,observation,,baseline,,none,-0.5382848986783114,-0.15435210193136512,0.21216913503370652,0.6336861532821634,-0.8610180102124165,0.24407664416570765,1.5343469308791247,1.2133061057328416
observation_0479,observation,,baseline,,none,0.2941703225196886,-0.5728099030748766,-0.15246021316997027,-0.5305996996578504,-0.4756050478406366,0.5305469887507206,0.4449390340098621,0.016313685976444114
observation_0480,observation,,baseline,,none,-0.711720433481333,-0.570662716346968,-0.8025533322065268,-0.3945983807384319,-1.4253407020459745,0.31783855708793957,1.8802329230751769,2.3142573714819124
observation_0481,observation,,baseline,,none,0.08493193365236865,-0.7771747612334522,-0.5854375569683387,-0.5170204649270022,-0.5601924186007483,-0.2638394544672032,0.2919542497248384,1.0442284098677113
observation_0482,observation,,baseline,,none,0.15709951531388042,-0.0625969517949006,0.29746462695108933,-0.6508393936802493,0.3198326562422072,-0.1691254510589898,-0.622589566455528,-0.8990716265758256
observation_0483,observation,,baseline,,none,0.43064380477520997,0.19174799506657358,0.7601890940380964,0.3572932896762947,-0.457497458590293,0.9160877928199918,-0.4857388719583362,-0.22668972986731872
observation_0484,observation,,baseline,,none,-0.5752145941246558,-1.3113649214755219,-1.3446378359157243,-1.9162487236568864,-0.14072504295121174,-0.7368776347404025,0.3986144892334397,1.7801107745351956
observation_0485,observation,,baseline,,none,0.19040810068272068,-0.4984828211300126,-0.4744247416862385,-1.532126616211173,0.7255383845538117,-1.2112505398838325,0.028508369707932024,-0.24267938710462034
observation_0486,observation,,baseline,,none,-0.06271409315807133,-0.24294479395122218,-0.71708631934879,-0.6526577070491406,0.1101510471447926,-1.024023085347646,0.2087393259454792,0.5277780472575705
observation_0487,observation,,baseline,,none,0.7430301205828874,1.6002936377857644,1.8004335121020152,1.9039921737566547,-0.023536388059154596,0.33261176480030075,-0.557576682310721,-0.8876290741189707
observation_0488,observation,,baseline,,none,-0.37137611790763936,-0.9533316891031318,-0.8368594698512349,-1.1882684429816979,-0.4096917206822708,-0.7509152221358122,0.17689301744441707,1.3857625862659004
observation_0489,observation,,baseline,,none,-0.5550103160231641,-0.3262310440840612,-0.9868923953845092,-0.47339965805367545,1.015980066786111,-0.7674211227087493,-0.7656810421657385,-1.1108109568785043
observation_0490,observation,,baseline,,none,0.2501105683544278,-0.2716973752158113,-0.4470904430616057,-0.23903492058440606,0.20783485324387363,-0.37491262844344275,-0.23336617232684795,-0.16691529520709092
observation_0491,observation,,baseline,,none,-0.42790609984426586,-0.48705561276600373,-0.5233953180563884,-0.39760914378756407,-0.21046448389235095,-1.1702112214216398,0.6227839769913899,0.7729034457442098
observation_0492,observation,,baseline,,none,-0.6471488449275078,0.03958359340871692,-0.28536516953506724,-0.2779058076906236,-0.1431356234686767,-0.4299248624444705,0.36482171066756847,0.04565563945583112
observation_0493,observation,,baseline,,none,0.4550358783396134,0.4737624866544748,0.04065076991834138,0.36716056412813225,-0.36115562334098206,-0.4213728534233582,0.47182531197536715,0.39753809967888953
observation_0494,observation,,baseline,,none,0.21519318681829178,0.3635245304012799,-0.5139680819729034,0.5083747704519412,0.30438585016190006,-0.27073800716236907,-0.056374258964746043,0.3712221963501692
observation_0495,observation,,baseline,,none,-1.5557112379519127,-0.8446185001001513,-0.737497542539308,-1.406787522714943,0.1502629028862183,-1.5165624298547222,-0.1416728730007299,0.9740526145098969
observation_0496,observation,,baseline,,none,-0.4604924428562959,-0.034594910076446106,-0.2683784499442987,0.27265230676260166,-0.234905198161859,0.18516564770518323,0.3505822519166838,0.9319408183158853
observation_0497,observation,,baseline,,none,-0.5540184933661828,-1.4685964472883377,-0.8904928830589548,-1.5687208832353412,0.12920813000995746,-0.9961932746606279,-0.4200251894480519,0.0606639067612581
observation_0498,observation,,baseline,,none,0.3221736648131782,0.41854467803268436,0.29987268963978797,0.6878188972216975,-0.45544365851771995,0.8196066022971817,0.27125076195769543,-0.09038565789249382
observation_0499,observation,,baseline,,none,0.7362814670429044,0.4728545373907518,0.8183762828468992,1.0695211756071181,-0.3128691325916707,0.7870625985607363,0.21638081113604024,0.05779081894944729
do_comorbidity_low_0000,do_comorbidity_low,comorbidity,low,-2.0,hard,-2.0,-1.3445448207953477,-1.5632207660125854,0.07678216133104643,-2.1442705983697916,-0.5834520145240222,1.7293790775037974,1.1999611212372097
do_comorbidity_low_0001,do_comorbidity_low,comorbidity,low,-2.0,hard,-2.0,-1.4418788479733609,-0.9505830357322388,-0.6644825898376758,-1.8903848692926117,-1.1969794314123217,2.675588179856001,3.3103740680795575
do_comorbidity_low_0002,do_comorbidity_low,comorbidity,low,-2.0,hard,-2.0,-1.8020798429994807,-1.1444641620542275,-1.0880523941560982,-0.5337235626682416,-1.383301939761139,0.7630409226475217,2.5056788599462387
do_comorbidity_low_0003,do_comorbidity_low,comorbidity,low,-2.0,hard,-2.0,-2.4760784868535373,-1.8041101089456313,-1.6055961428316687,-0.5634373733107082,-1.4889303764189121,1.851948635560165,2.5104074028076884
do_comorbidity_low_0004,do_comorbidity_low,comorbidity,low,-2.0,hard,-2.0,-0.7940740375702254,0.16367834345139998,0.7916030715599689,-2.170501143331117,-0.8172498032346608,2.2930582415603356,1.5509242372547916
do_comorbidity_low_0005,do_comorbidity_low,comorbidity,low,-2.0,hard,-2.0,-1.6409815458311972,-1.4372068328847947,-1.2727001903372215,-0.02961314853893604,-2.819590381732307,-0.1831908914788961,1.7952626411518087
do_comorbidity_low_0006,do_comorbidity_low,comorbidity,low,-2.0,hard,-2.0,-1.497378281065292,-1.2609506095009753,0.2508686112506844,-1.6147946400589153,-1.1001561892731178,1.5204890096643031,1.4116917748418272
do_comorbidity_low_0007,do_comorbidity_low,comorbidity,low,-2.0,hard,-2.0,-1.8413976303844357,-1.7287274827300685,-0.9359445522837057,-1.5510923378840578,-2.35596959124957,1.4509367921803702,2.7247822060975113
do_comorbidity_low_0008,do_comorbidity_low,comorbidity,low,-2.0,hard,-2.0,-1.6916388472246064,-0.6103558180183513,0.2520285462645481,-1.3754680607626564,-1.573129690964173,2.5135294581491534,3.2293942476491337
do_comorbidity_low_0009,do_comorbidity_low,comorbidity,low,-2.0,hard,-2.0,-1.9227637079638455,-1.6235055171272952,-0.9772328053245769,-1.6391632423739066,-1.5613493519237351,2.0431538118555688,3.1627018802709426
do_comorbidity_low_0010,do_comorbidity_low,comorbidity,low,-2.0,hard,-2.0,-1.4370158783366394,-0.6155199561782129,-0.4401210700658583,-1.549529945353746,-0.6663184966361522,1.7909755629897224,3.4205094696201632
do_comorbidity_low_0011,do_comorbidity_low,comorbidity,low,-2.0,hard,-2.0,-1.3450661532880894,-1.4770799475168879,-1.7533445804456371,1.051853714988291,-2.116164164196441,-0.5028747073350109,0.1735482067875077
do_comorbidity_low_0012,do_comorbidity_low,comorbidity,low,-2.0,hard,-2.0,-1.528943256068504,-0.85104812217018,-0.03883977329484112,-2.156387296030376,-0.3745069421799239,1.3610438286019542,1.9636085334908109
do_comorbidity_low_0013,do_comorbidity_low,comorbidity,low,-2.0,hard,-2.0,-1.100352183967973,-0.8395570127185356,0.171993644943491,-1.3428137595836989,0.07688287107198588,1.4012333584865035,2.6827996346578242
do_comorbidity_low_0014,do_comorbidity_low,comorbidity,low,-2.0,hard,-2.0,-2.114060092175718,-0.7932625067569075,-0.9408133707634423,-1.2441702410136366,-0.8552087642648363,1.3155172903803987,2.674131888956231
do_comorbidity_low_0015,do_comorbidity_low,comorbidity,low,-2.0,hard,-2.0,-0.9455944030065202,-0.7093772064162943,-0.18366967775461934,0.09668197507815224,-0.9277400424757845,0.7676881148939113,0.5481919172800025
do_comorbidity_low_0016,do_comorbidity_low,comorbidity,low,-2.0,hard,-2.0,-1.8992172837745835,-1.1547543721991125,-0.4224182086128588,-1.4932953269570635,-0.9164855244584834,0.49744551883764476,0.806444196936587
do_comorbidity_low_0017,do_comorbidity_low,comorbidity,low,-2.0,hard,-2.0,-1.6072719708549026,-1.3684623872196418,-1.2195652720931585,-0.005769663860865859,-1.5309718592543238,1.1232003968164017,2.2843121543580134
do_comorbidity_low_0018,do_comorbidity_low,comorbidity,low,-2.0,hard,-2.0,-1.850889098708917,-2.2327875249082463,-1.2531507407545166,-0.9445967015178869,-1.8718353257128342,1.106577462030399,2.3925131517472265
do_comorbidity_low_0019,do_comorbidity_low,comorbidity,low,-2.0,hard,-2.0,-1.6651002589858965,-2.4571065508240535,-1.5184296078501032,-1.2668666953372352,-1.488051338163929,1.5344804046699843,2.233417973491605
do_comorbidity_low_0020,do_comorbidity_low,comorbidity,low,-2.0,hard,-2.0,-1.6272094562117292,-1.7964986206745,-1.401765916650808,-0.009387307282206048,-3.0361860147380724,1.6204576343409296,2.981406090934069
do_comorbidity_low_0021,do_comorbidity_low,comorbidity,low,-2.0,hard,-2.0,-1.169193207477529,-1.0382153080502272,-0.1326809307661172,-1.5624619937699875,-1.260179837290271,1.126402809703199,1.9109210514579371
do_comorbidity_low_0022,do_comorbidity_low,comorbidity,low,-2.0,hard,-2.0,-0.18649350610897875,0.34441149690274886,0.7188699216320074,-0.1501640657822928,-0.14045001925922662,1.193357437166331,0.8910647684220648
do_comorbidity_low_0023,do_comorbidity_low,comorbidity,low,-2.0,hard,-2.0,-1.9110393315333734,-2.2892617471422128,-2.4951761284118215,0.7254573927866479,-2.4060887625747536,0.7436773153843774,1.9706095315610468
do_comorbidity_low_0024,do_comorbidity_low,comorbidity,low,-2.0,hard,-2.0,-1.4691697574243276,-1.6371779588388997,-1.7293712546628424,0.8115249152244651,-1.2931218164075344,-0.027995655847588834,0.7491559435027869
do_comorbidity_low_0025,do_comorbidity_low,comorbidity,low,-2.0,hard,-2.0,-2.4366494397667733,-2.2367164174973584,-1.195270453638607,-1.3516052760973025,-1.4749348697703641,1.2843424666922658,2.17819182176957
do_comorbidity_low_0026,do_comorbidity_low,comorbidity,low,-2.0,hard,-2.0,-1.4557446162138614,-0.12413439793531689,-0.0819329871152043,-1.6347460474246558,-1.3694494252117637,1.419647768218163,1.852671054376207
do_comorbidity_low_0027,do_comorbidity_low,comorbidity,low,-2.0,hard,-2.0,-1.3164408716929794,-1.4007463736075993,-0.48157066157122463,-2.152974126924937,-1.0504182681782583,3.0998471818567683,3.4546870478737115
do_comorbidity_low_0028,do_comorbidity_low,comorbidity,low,-2.0,hard,-2.0,-0.7750967104096493,-0.5993401257472973,1.195198817861323,-1.2363921770417394,0.22253808622813182,1.24927930825318,0.6151183642579069
do_comorbidity_low_0029,do_comorbidity_low,comorbidity,low,-2.0,hard,-2.0,-0.6688451131559697,0.5107057720615308,0.790648788130305,-1.086023054117179,-0.6596462043344925,2.085841895614036,3.5339836782991183
do_comorbidity_low_0030,do_comorbidity_low,comorbidity,low,-2.0,hard,-2.0,-0.7366653566826059,-0.7442010363241507,-0.00042846089301720736,-0.8117831636499592,0.42760516879358124,2.3482354981593243,1.9966381210873956
do_comorbidity_low_0031,do_comorbidity_low,comorbidity,low,-2.0,hard,-2.0,-1.2898568937224126,-0.6298177232880767,0.5807490257537753,-2.1116921835557445,0.43248927476743915,1.6320058389145287,1.0920248000676898
do_comorbidity_low_0032,do_comorbidity_low,comorbidity,low,-2.0,hard,-2.0,-1.1563975088103686,-1.256586524832958,-0.4088605719480759,-0.5381210810670307,-1.0087634334580227,0.23169480134134557,0.39396093922715614
do_comorbidity_low_0033,do_comorbidity_low,comorbidity,low,-2.0,hard,-2.0,-1.6155592788377195,-0.6992204688938523,-0.05085139478598516,-1.66163264682682,-0.4574582731016131,2.1930478144173033,2.8808847196831495
do_comorbidity_low_0034,do_comorbidity_low,comorbidity,low,-2.0,hard,-2.0,-0.230961014155048,0.3135491441385244,0.9977310361987668,-1.2690391616679308,-0.188639159145624,1.8365531052663608,1.9325025379297656
do_comorbidity_low_0035,do_comorbidity_low,comorbidity,low,-2.0,hard,-2.0,-1.5591173582628315,-0.7285268219930754,-1.3093205047932281,0.020260296819203327,-1.1329568648861637,0.6065531095279155,1.0321595519156177
do_comorbidity_low_0036,do_comorbidity_low,comorbidity,low,-2.0,hard,-2.0,-2.031432942968908,-1.3282251319217742,-1.4910889783133947,-1.1394933774295803,-0.5019028901918725,1.4874817425527094,1.5563981775123796
do_comorbidity_low_0037,do_comorbidity_low,comorbidity,low,-2.0,hard,-2.0,-1.4684213042114116,-1.5080319312394146,-1.0278250311628907,-0.5972276314419033,-1.1975936749542881,1.687160139006275,2.0289451097856137
do_comorbidity_low_0038,do_comorbidity_low,comorbidity,low,-2.0,hard,-2.0,-0.31035937184166196,-0.2689973415052087,0.19020463129440418,-0.8239779738116144,0.1103392646042276,0.93527581210373,1.4358823928900823
do_comorbidity_low_0039,do_comorbidity_low,comorbidity,low,-2.0,hard,-2.0,-1.0769469985976174,-0.407065192512708,-0.2869682133595509,-1.6414885961056822,-1.061735577202945,1.5572031292943522,2.3023777825411926
do_comorbidity_low_0040,do_comorbidity_low,comorbidity,low,-2.0,hard,-2.0,-0.6468227514207758,-0.24297490696228408,0.27674733296740417,-1.2542411121688233,-0.4352308359089926,0.7573067531027396,1.1293122720877418
do_comorbidity_low_0041,do_comorbidity_low,comorbidity,low,-2.0,hard,-2.0,-0.787523521401122,-1.73498279059138,-1.2022213431843156,1.2602040228075047,-1.3002828616109543,-0.6248490344361239,-0.20584814311709068
do_comorbidity_low_0042,do_comorbidity_low,comorbidity,low,-2.0,hard,-2.0,-1.2333842663313879,-1.8213823729725207,-0.7967351491510872,0.1467323445659725,-0.9742284416464491,-0.49694821907686226,-0.16887685547965947
do_comorbidity_low_0043,do_comorbidity_low,comorbidity,low,-2.0,hard,-2.0,-2.231461048676286,-1.9964962128221428,-1.533393827260835,-0.5410008565430448,-1.3076130652266753,1.7877570403763936,1.632609283430544
do_comorbidity_low_0044,do_comorbidity_low,comorbidity,low,-2.0,hard,-2.0,-0.5739931670696626,-0.2254077066112687,0.033854891480945726,0.13850821063622332,-1.9762589289572678,0.827336377280085,1.5103061208499187
do_comorbidity_low_0045,do_comorbidity_low,comorbidity,low,-2.0,hard,-2.0,-1.738856978510289,-2.00137723722832,-0.8992705259802424,-0.6640861019448733,-1.030354465003984,0.8442667796710139,0.9787931932671511
do_comorbidity_low_0046,do_comorbidity_low,comorbidity,low,-2.0,hard,-2.0,-1.9444989986492425,-1.9305781134886333,-1.4862501589542696,-1.1487647736938924,-0.7980627186755804,1.0802001831900576,2.1982419152700174
do_comorbidity_low_0047,do_comorbidity_low,comorbidity,low,-2.0,hard,-2.0,-2.0845222814758566,-3.3438355634993875,-1.7596930355058729,-0.6847929187722352,-1.5191574701021604,0.4762701673664338,0.9289845066666269
do_comorbidity_low_0048,do_comorbidity_low,comorbidity,low,-2.0,hard,-2.0,-2.1033317480172875,-1.4029815042047389,-0.6671642400994128,-1.7893381421085044,-2.080293447787852,1.6708600637323825,1.610958143855502
do_comorbidity_low_0049,do_comorbidity_low,comorbidity,low,-2.0,hard,-2.0,-1.5407488035937722,-1.45558443834075,-2.149361689031375,0.05185573563729018,-2.77397657064194,0.41339811653892694,1.7640543860607976
do_comorbidity_low_0050,do_comorbidity_low,comorbidity,low,-2.0,hard,-2.0,-1.3389071169016844,-1.4401497786638506,-0.45297226252486933,-1.2456157557597187,-1.6688420011618297,0.6801455281729328,2.073493302302378
do_comorbidity_low_0051,do_comorbidity_low,comorbidity,low,-2.0,hard,-2.0,-2.0225489169031174,-1.384943906647565,-1.6348136183421467,-0.46514675846053666,-2.1319312421417673,0.9536877721023699,1.8651554333806772
do_comorbidity_low_0052,do_comorbidity_low,comorbidity,low,-2.0,hard,-2.0,-1.9338477645963552,-1.5125027843728691,-1.3205475069063815,-0.8459733730779111,-0.8961798567643126,1.618440530208609,2.1538709346233538
do_comorbidity_low_0053,do_comorbidity_low,comorbidity,low,-2.0,hard,-2.0,-1.6850623255716404,-2.9642591376361525,-3.211684734118977,0.9297276770526405,-3.3881744831823255,-0.4176796956078344,1.9101604449225684
do_comorbidity_low_0054,do_comorbidity_low,comorbidity,low,-2.0,hard,-2.0,-1.7477057153295266,-1.2011225956973375,-0.353110779234874,-1.1194422427442268,-1.351071963862939,1.3364871046983142,1.6819826973120153
do_comorbidity_low_0055,do_comorbidity_low,comorbidity,low,-2.0,hard,-2.0,-1.8185034116097543,-1.8415914222264298,-1.743580788966684,0.26245772251244165,-2.0995131163292298,0.6452791624456908,1.6466331383618371
do_comorbidity_low_0056,do_comorbidity_low,comorbidity,low,-2.0,hard,-2.0,-2.0405224824625545,-2.8182062412932933,-2.449530671485278,0.489727859829721,-2.3123518080562797,0.031112273562868387,1.7012389177403966
do_comorbidity_low_0057,do_comorbidity_low,comorbidity,low,-2.0,hard,-2.0,-1.8043032530643734,-1.7238249231915586,-1.812057182106522,0.06593308987326948,-1.3230033203307936,0.7017315022728072,2.454077829485631
do_comorbidity_low_0058,do_comorbidity_low,comorbidity,low,-2.0,hard,-2.0,-2.5811578372747053,-2.216292683654567,-1.9932201770796636,-1.5974072327608582,-2.1845488369945465,1.5549628984613197,3.8576224758663504
do_comorbidity_low_0059,do_comorbidity_low,comorbidity,low,-2.0,hard,-2.0,-1.468342443484002,-1.1223253928173273,-1.2170416388869694,-0.9380383149617162,-1.6667207741406926,0.8234353954698903,2.4623128618616046
do_comorbidity_low_0060,do_comorbidity_low,comorbidity,low,-2.0,hard,-2.0,-1.6728912694210372,-0.9580863751439661,0.34865624062755407,-3.104827331818276,-0.43822432982139375,2.6435373455672804,3.178499155189136
do_comorbidity_low_0061,do_comorbidity_low,comorbidity,low,-2.0,hard,-2.0,-1.3244350063857993,-0.9820670347840921,0.5264653373486757,-1.9920407796454822,0.06995842688837528,2.1870345951175,2.513687218497932
do_comorbidity_low_0062,do_comorbidity_low,comorbidity,low,-2.0,hard,-2.0,-1.3005110497703436,-1.03210985767156,-0.9125468567836654,-1.737833394453824,-2.460450723164508,2.1976888460579933,3.029731689904499
do_comorbidity_low_0063,do_comorbidity_low,comorbidity,low,-2.0,hard,-2.0,-2.1715536612653628,-1.6762218754799125,-1.6453165795019888,-1.007193612173635,-1.942784730776682,0.9210646277720775,2.5610242603200626
do_comorbidity_low_0064,do_comorbidity_low,comorbidity,low,-2.0,hard,-2.0,-0.8253047328145378,-0.39362431708050455,0.397891248281146,-1.114320926768775,-1.457381088024221,1.51847957517851,2.1681219381817756
do_comorbidity_low_0065,do_comorbidity_low,comorbidity,low,-2.0,hard,-2.0,-0.8765624917475123,-0.05793049138355455,0.5422944581040554,-0.5932010242649106,0.06793729732087384,1.3364933194074808,0.707547319091971
do_comorbidity_low_0066,do_comorbidity_low,comorbidity,low,-2.0,hard,-2.0,-1.0938532712479132,-0.8843150875024559,-1.3655687588991032,0.7558114736938195,-1.169763848679705,0.009425521373272655,1.5328849306505787
do_comorbidity_low_0067,do_comorbidity_low,comorbidity,low,-2.0,hard,-2.0,-1.7585777824618543,-1.1887692340427103,-0.7088312703128877,-0.08185825803512603,-1.5052147765966568,0.18048054802380437,1.2606419212453293
do_comorbidity_low_0068,do_comorbidity_low,comorbidity,low,-2.0,hard,-2.0,-1.2862260199085302,-1.0561556975022819,-1.513410135995294,0.7544257170017075,-1.8740671065028034,-0.04250599583974364,0.26229151593296907
do_comorbidity_low_0069,do_comorbidity_low,comorbidity,low,-2.0,hard,-2.0,-1.5992859179655388,-0.7239818190164727,0.26999120671359245,-2.389868522236996,-0.6019895193625452,1.7605682850239934,2.336034321531053
do_comorbidity_low_0070,do_comorbidity_low,comorbidity,low,-2.0,hard,-2.0,-0.9884504032517498,-0.5447135931695515,0.33781340746373245,-0.6999915145653531,0.032266843099744924,0.9839543386542686,0.33405724335175135
do_comorbidity_low_0071,do_comorbidity_low,comorbidity,low,-2.0,hard,-2.0,-1.6861635401969355,-1.096077202784409,-0.6478800275264336,-0.6826801513100058,-0.46764839308363315,1.4300528558644845,1.4996926348224704
do_comorbidity_low_0072,do_comorbidity_low,comorbidity,low,-2.0,hard,-2.0,-2.1128189574223386,-1.5142615798942791,-1.0455607006279495,-0.798809062296512,-1.1242292637424858,0.9151184743246435,1.7569599344691913
do_comorbidity_low_0073,do_comorbidity_low,comorbidity,low,-2.0,hard,-2.0,-1.919636648125156,-2.0532187066255054,-2.0085180475249254,0.44839821466755636,-1.6468268162283013,0.17148939674180017,1.3872267768956958
do_comorbidity_low_0074,do_comorbidity_low,comorbidity,low,-2.0,hard,-2.0,-1.805390841055262,-2.085154458213448,-1.8004995323529984,0.8064024281685248,-1.4326071002574023,0.4526049441549874,1.2399449954647614
do_comorbidity_low_0075,do_comorbidity_low,comorbidity,low,-2.0,hard,-2.0,-1.1192036647959378,-0.5628695815507115,-0.4898148238068105,-0.05920894733822257,-1.5485608317069919,0.38038164174649447,1.5183513642576991
do_comorbidity_low_0076,do_comorbidity_low,comorbidity,low,-2.0,hard,-2.0,-1.9378061149835106,-2.9190731527550278,-1.4953575656538747,-0.7101675568678061,-1.5767676006490594,1.6603570314608533,3.716671169495383
do_comorbidity_low_0077,do_comorbidity_low,comorbidity,low,-2.0,hard,-2.0,-1.4706323087455153,-1.3711246052600707,-1.2946330987960037,-0.8016871731174808,-1.4692439389879697,1.458844565989807,3.369315327196773
do_comorbidity_low_0078,do_comorbidity_low,comorbidity,low,-2.0,hard,-2.0,-0.9054425439586269,-0.11529076911931191,0.08777487708532244,-0.5508998275323138,-0.46901337079852257,-0.041606322746644,-0.43692930197493746
do_comorbidity_low_0079,do_comorbidity_low,comorbidity,low,-2.0,hard,-2.0,-1.5777025036381624,-2.2101923609012597,-0.7737177037585464,-0.6309928417602322,-1.260701701729597,0.9774703802216362,1.8043847411009153
do_comorbidity_low_0080,do_comorbidity_low,comorbidity,low,-2.0,hard,-2.0,-1.2988137971724003,-1.1317910829398958,-0.7431675498889859,-1.1798865809441075,-1.7625965406503168,2.0636441288997,3.631681934926487
do_comorbidity_low_0081,do_comorbidity_low,comorbidity,low,-2.0,hard,-2.0,0.1007392566690195,-0.21796739350532118,1.086819281460764,-0.6903464403080245,0.11284626788359442,2.2018962545577683,2.4646276297406042
do_comorbidity_low_0082,do_comorbidity_low,comorbidity,low,-2.0,hard,-2.0,-1.0425200024648076,-0.39425261460721506,0.16490151442601939,-1.1076243774228924,-0.1625233491751107,0.9603687048834071,1.1911583073454752
do_comorbidity_low_0083,do_comorbidity_low,comorbidity,low,-2.0,hard,-2.0,-0.7491956737875094,-1.486925537199947,-0.3859374502235022,-1.145999572229763,-1.0194674768647687,1.605319704340465,1.5048841509634951
do_comorbidity_low_0084,do_comorbidity_low,comorbidity,low,-2.0,hard,-2.0,-1.321516565999962,-1.4486587122822534,-1.4337479247428637,0.6158424958253581,-1.5764410707269763,0.6287406134423132,1.666361316434656
do_comorbidity_low_0085,do_comorbidity_low,comorbidity,low,-2.0,hard,-2.0,-1.5409249658060054,-1.711105967858525,-1.1835702029966004,-0.48815221082372345,-1.810447238435581,1.2557931285584858,1.934596735357533
do_comorbidity_low_0086,do_comorbidity_low,comorbidity,low,-2.0,hard,-2.0,-2.2498540725998355,-2.2990453875291097,-1.8739901633046963,-0.7564498652484881,-1.7096430585643696,2.5099412095478444,2.9650140631217057
do_comorbidity_low_0087,do_comorbidity_low,comorbidity,low,-2.0,hard,-2.0,-0.9443551455693455,-0.3165100178315229,-0.9133487161287576,0.3840995720951962,-0.9051588336005543,-0.3997107137681846,0.4102070194520699
do_comorbidity_low_0088,do_comorbidity_low,comorbidity,low,-2.0,hard,-2.0,-1.4418555994636924,-1.3221226382185982,-1.3648303906701984,-0.34313892837052706,-0.9949746044509868,1.8757595415373167,3.1000955519531
do_comorbidity_low_0089,do_comorbidity_low,comorbidity,low,-2.0,hard,-2.0,-0.634761065632983,-0.7764913711199506,-0.42762208245759803,0.2632540973765781,-0.6784741326420362,1.0971114501701766,1.5085900423178613
do_comorbidity_low_0090,do_comorbidity_low,comorbidity,low,-2.0,hard,-2.0,-0.825267520475239,-0.45310435833677315,0.6050658349545954,-0.573530664217526,-0.6992654761424526,0.4963405626968589,0.6737012642109987
do_comorbidity_low_0091,do_comorbidity_low,comorbidity,low,-2.0,hard,-2.0,-1.5710031740937647,-0.9598204206882025,-1.0982831077043784,-0.2059008281143021,-0.6701663145298283,0.8770367939117683,1.5891966678325016
do_comorbidity_low_0092,do_comorbidity_low,comorbidity,low,-2.0,hard,-2.0,-1.926513581970778,-1.5158091578931128,-0.6028972619368613,-0.8568744568687514,-0.6424077246885838,0.7981982433677055,1.5499648405572852
do_comorbidity_low_0093,do_comorbidity_low,comorbidity,low,-2.0,hard,-2.0,-1.9192274670562024,-1.5217043089373608,-0.8000786220388573,-1.0886334525342758,-2.0951116461610173,1.4179076231228254,2.4162978324680444
do_comorbidity_low_0094,do_comorbidity_low,comorbidity,low,-2.0,hard,-2.0,-1.657440663375474,-1.638583712879969,-1.4411659367264424,0.5603218425327212,-1.5498124241793432,1.211400627297269,1.5534375824745812
do_comorbidity_low_0095,do_comorbidity_low,comorbidity,low,-2.0,hard,-2.0,-1.5118116819259986,-1.3692981598942418,-0.5649017847615261,-0.5246491217805092,-1.796127853229566,1.7369593177126275,2.42989132765773
do_comorbidity_low_0096,do_comorbidity_low,comorbidity,low,-2.0,hard,-2.0,-1.2228358560736203,-0.8253653891181163,0.30647889152433494,-1.284166151106865,-0.22479643960324153,1.110532569510616,0.6457395886149567
do_comorbidity_low_0097,do_comorbidity_low,comorbidity,low,-2.0,hard,-2.0,-1.894794834956366,-1.5573155597629063,-0.840385759504616,-0.640420207347695,-0.5465742734968334,1.2045763021516354,1.3104355045946974
do_comorbidity_low_0098,do_comorbidity_low,comorbidity,low,-2.0,hard,-2.0,-2.135040185779811,-1.1804857480058968,-0.8124908477007766,-1.3220140236117877,-1.5925752555389283,1.461257932610037,2.063556911920737
do_comorbidity_low_0099,do_comorbidity_low,comorbidity,low,-2.0,hard,-2.0,-0.8231916780945137,-0.8665535928297743,-0.15993818877724572,-0.25170314187927517,-0.5991666418554626,1.0649396445022672,1.700726565571731
do_treatment_low_0000,do_treatment_low,treatment,low,-2.0,hard,-0.6926557154681884,-0.8395414856645365,-0.6464757161822633,-2.0,1.3809060519063598,-1.7864065735936476,-0.8635824302818225,1.0219099195215426
do_treatment_low_0001,do_treatment_low,treatment,low,-2.0,hard,0.4243968742494994,0.38408153089205144,0.37016025480449155,-2.0,3.101375349913437,-0.6444864319573952,-2.8783216331468746,-2.170245044607034
do_treatment_low_0002,do_treatment_low,treatment,low,-2.0,hard,-0.04218957730395065,0.22731086617649635,0.6871790391977035,-2.0,1.7199565266940637,-1.4536960371818637,-0.7062928086418809,0.6884605854140013
do_treatment_low_0003,do_treatment_low,treatment,low,-2.0,hard,0.9167580588579052,0.2631229896681032,0.06612727207676003,-2.0,1.4328085662898788,-1.5933278551289676,-1.4137945529186646,-0.03500206739583489
do_treatment_low_0004,do_treatment_low,treatment,low,-2.0,hard,0.10040365819110582,0.7681574040980099,0.4600094949967434,-2.0,2.841246449087463,-1.1657650221032412,-2.748502928700398,-2.356987764535157
do_treatment_low_0005,do_treatment_low,treatment,low,-2.0,hard,0.42587110385199983,0.4624145507386609,1.084672420987355,-2.0,2.2471671962048063,-0.541755432671492,-2.0521731723533763,-1.6784363531618482
do_treatment_low_0006,do_treatment_low,treatment,low,-2.0,hard,0.8813031569196926,0.5203082311201843,0.990015607004809,-2.0,1.6477091602042682,-0.07016955897172683,-2.0150660465061008,-2.0088446732286678
do_treatment_low_0007,do_treatment_low,treatment,low,-2.0,hard,0.5782440361747095,0.7319813062122649,1.1205923939491491,-2.0,2.788912321249875,-0.9781189913983803,-2.3177169504833035,-2.1893104273430315
do_treatment_low_0008,do_treatment_low,treatment,low,-2.0,hard,-0.943377711038206,-0.47037112589730273,0.14493076386019632,-2.0,1.2281125214682305,-1.510114343635082,-1.0059489645624984,-0.9045255436571562
do_treatment_low_0009,do_treatment_low,treatment,low,-2.0,hard,0.2911991180757607,0.5453123827806337,0.5464125968244015,-2.0,1.6812033566582114,-0.8013842276096784,-1.2755402515279748,-0.8097767605249852
do_treatment_low_0010,do_treatment_low,treatment,low,-2.0,hard,-0.40375600399294853,-0.022172788637693064,-0.21347922215620815,-2.0,1.1305163455076281,-1.7386168938796134,-0.9223910154425882,1.0137375666606003
do_treatment_low_0011,do_treatment_low,treatment,low,-2.0,hard,-0.5707823397256656,-0.29602380335150463,-0.7200923420978265,-2.0,1.1125725086591187,-0.8659809576593936,-0.8477331732506258,-0.21283603997717002
do_treatment_low_0012,do_treatment_low,treatment,low,-2.0,hard,-0.05859309545659454,-0.6491461512358938,-0.6463420190080253,-2.0,1.5208863903636038,-0.9229268634844422,-1.505504903204884,-0.8244967944157707
do_treatment_low_0013,do_treatment_low,treatment,low,-2.0,hard,-0.08122388417431042,0.1741182900261942,1.0184703763248815,-2.0,2.561550132458533,-1.125776834206757,-2.421378572577396,-2.171972870822478
do_treatment_low_0014,do_treatment_low,treatment,low,-2.0,hard,0.3344257888776046,0.2699151171655222,0.39426292287732645,-2.0,1.384901834186069,-1.0878432227828088,-1.0403275985796294,-0.9118695891169712
do_treatment_low_0015,do_treatment_low,treatment,low,-2.0,hard,0.4454431772470621,-0.12977444398940752,-0.06328378184289474,-2.0,0.4553579045590941,-1.0832384265888875,-0.3745597745547782,0.11912319971155984
do_treatment_low_0016,do_treatment_low,treatment,low,-2.0,hard,0.1668855817912118,0.6338993295160562,0.484230502448577,-2.0,1.5914048427695078,-1.1041696786733033,-0.5115385644387582,-0.5212688673173687
do_treatment_low_0017,do_treatment_low,treatment,low,-2.0,hard,-0.7903177221172577,-1.7016789717266678,-1.2595420035418678,-2.0,0.976500284693522,-1.3009160026195616,-1.4005979474941792,-0.044015289966397586
do_treatment_low_0018,do_treatment_low,treatment,low,-2.0,hard,-0.12678387308789912,-0.19613747752837496,0.2726389229473388,-2.0,2.1927655482963027,-1.949648499038447,-0.5646099626451478,0.05114047432966179
do_treatment_low_0019,do_treatment_low,treatment,low,-2.0,hard,0.1505311546643431,-0.15719101743110697,0.028136781821408968,-2.0,1.6407188763764808,-1.143178725195872,-1.5253261320547702,-0.5398995967929401
do_treatment_low_0020,do_treatment_low,treatment,low,-2.0,hard,0.5115449138481651,-0.36910908152472804,-0.43594738025440005,-2.0,0.9924371196265762,-0.1884154904031251,-1.1753001426215721,-0.33938900583244824
do_treatment_low_0021,do_treatment_low,treatment,low,-2.0,hard,0.1091332266570723,0.2693871650323606,0.42965220471212306,-2.0,2.2631194529112806,-0.6052731206091602,-2.1149194906363022,-1.9411362592607886
do_treatment_low_0022,do_treatment_low,treatment,low,-2.0,hard,0.037019390293832395,-0.6871706767058996,-1.4023419878578287,-2.0,0.31530788749632077,-1.4656648519651359,0.052960860427522266,0.7859249834764039
do_treatment_low_0023,do_treatment_low,treatment,low,-2.0,hard,-0.1751320120762357,0.35180667322096515,0.9060409665095286,-2.0,2.5321707701305436,-1.6070702228276657,-2.059041043891707,0.34630118762792783
do_treatment_low_0024,do_treatment_low,treatment,low,-2.0,hard,-0.23461967390901467,-0.958149042077284,-0.8006009020259618,-2.0,1.0169663339889876,-0.977432907032501,-0.6840831615487315,-0.38842408045955784
do_treatment_low_0025,do_treatment_low,treatment,low,-2.0,hard,-0.1331047187552686,0.19940892416158487,0.8153644947675425,-2.0,1.8054114394625271,-2.1542679909421345,-0.5211399572311367,0.7147622490038392
do_treatment_low_0026,do_treatment_low,treatment,low,-2.0,hard,0.09608131516234578,0.286633315058085,0.3098631595198222,-2.0,2.3217592121276063,-0.22433292266837945,-1.5363200358706846,-0.627940459521371
do_treatment_low_0027,do_treatment_low,treatment,low,-2.0,hard,-0.15781953208561386,-0.05514865077600346,0.9518641346285742,-2.0,1.491673660721872,-1.0069219571834043,-0.6013637224653274,0.005627924122282385
do_treatment_low_0028,do_treatment_low,treatment,low,-2.0,hard,0.8122449115791983,0.5031917194863182,1.1429080352996384,-2.0,1.9767800677494274,-0.08485284347557664,-1.380448503098343,-1.6847179014002325
do_treatment_low_0029,do_treatment_low,treatment,low,-2.0,hard,-0.2068161466365888,-0.8585487393545647,-0.18254290070694867,-2.0,0.487617349298362,-1.5049215826127094,0.4736741079938898,1.3917755373577747
do_treatment_low_0030,do_treatment_low,treatment,low,-2.0,hard,0.5253705227365553,0.4752707039385115,0.5137178219328594,-2.0,1.336990404449085,0.4776683930619998,-2.005439120899211,-2.363743519386521
do_treatment_low_0031,do_treatment_low,treatment,low,-2.0,hard,0.07418309292234114,-1.3103601234120128,-0.8124601576698633,-2.0,0.2721943806526368,-1.9474623451549473,-0.2655742770389121,0.9500088924197063
do_treatment_low_0032,do_treatment_low,treatment,low,-2.0,hard,0.06806307388441823,0.22229812446933836,0.03383317316866599,-2.0,1.224709911666984,-0.7919529308913231,-1.5447612928130416,-1.3577006070153566
do_treatment_low_0033,do_treatment_low,treatment,low,-2.0,hard,0.2530173007475065,0.529921820785086,-0.4478000644840518,-2.0,2.112591507517026,-0.6309175887650575,-1.5654832381465726,-1.1523493266205456
do_treatment_low_0034,do_treatment_low,treatment,low,-2.0,hard,0.34871466689911185,-0.18352146613546946,-0.12927340475186588,-2.0,1.8228587526139701,-1.188218438237892,-1.58794880271734,-0.7753493477225819
do_treatment_low_0035,do_treatment_low,treatment,low,-2.0,hard,-0.29765417802339444,-0.6366555970480283,-0.6569522044729285,-2.0,0.4129219726045481,-0.5768123402743945,-0.3390483507770289,-0.4184463907447745
do_treatment_low_0036,do_treatment_low,treatment,low,-2.0,hard,-0.2237597859317624,-0.5537224456182287,-0.6775507355054442,-2.0,0.5584239995719155,-1.737404871413093,-0.1934691623416985,-0.009967149127666608
do_treatment_low_0037,do_treatment_low,treatment,low,-2.0,hard,0.44458473786761166,0.07127780786804919,0.5511648427475374,-2.0,1.3707451247550655,-1.2257710001674846,-0.4157130638033899,0.3671424610289924
do_treatment_low_0038,do_treatment_low,treatment,low,-2.0,hard,-0.18111264098265012,-1.0614728323067877,-0.8925668404891132,-2.0,0.8408654707094796,-1.725329770713278,-1.0974431097360857,0.7593851490528629
do_treatment_low_0039,do_treatment_low,treatment,low,-2.0,hard,-1.368585299752399,-1.9080218836776188,-1.5804650967976615,-2.0,-0.8826779755371752,-1.9494662861380183,1.5774506224767966,2.64341976596741
do_treatment_low_0040,do_treatment_low,treatment,low,-2.0,hard,0.14297002858822166,-0.03889696916331546,0.8205505114496446,-2.0,0.5625678524615543,-1.4505668857318068,0.36315805985031085,0.27001158862410013
do_treatment_low_0041,do_treatment_low,treatment,low,-2.0,hard,0.18077588636217268,1.48196182004005,1.3341453025068772,-2.0,2.6082305323331942,-0.9474853743335837,-2.0526630096917544,-1.2704643337251087
do_treatment_low_0042,do_treatment_low,treatment,low,-2.0,hard,-0.12117772362461987,-0.009687417838140033,-0.6356290489197894,-2.0,0.8334596921235577,-1.0589284892477482,-0.258435262416395,0.32835472658652576
do_treatment_low_0043,do_treatment_low,treatment,low,-2.0,hard,-0.2827766077079602,-0.8363049118263464,-0.8689100551348885,-2.0,0.8985623974854788,-1.5838217349744905,-1.0206994883228284,0.34951419654692967
do_treatment_low_0044,do_treatment_low,treatment,low,-2.0,hard,-0.7490074831482351,-0.8479718585963475,-1.0100981441369181,-2.0,0.294178867987967,-0.8123230801405701,0.6980625923127858,0.9858574253265185
do_treatment_low_0045,do_treatment_low,treatment,low,-2.0,hard,-0.2910631091090108,1.0050905743166871,1.0334608945997916,-2.0,2.399802796156143,-1.4094811909235987,-1.0948047562897587,0.07759530448759089
do_treatment_low_0046,do_treatment_low,treatment,low,-2.0,hard,0.9954598767269325,-0.2727059537492801,-0.9027251053684802,-2.0,1.078740473553589,-0.42750240297450953,-1.2914967927645222,-0.701463299938575
do_treatment_low_0047,do_treatment_low,treatment,low,-2.0,hard,-0.6773856612610032,-1.2466785844957669,-1.0627811132439093,-2.0,0.23909537677047446,-1.5592182997470965,0.41386659187421093,0.7377949733089221
do_treatment_low_0048,do_treatment_low,treatment,low,-2.0,hard,0.7368594536844577,1.4362045872299452,1.310936845655069,-2.0,1.9787187862553797,-0.38829431644263307,-1.0504819729495103,-1.0715142514545046
do_treatment_low_0049,do_treatment_low,treatment,low,-2.0,hard,0.8991534856483492,0.6658102467297707,0.9920173139177837,-2.0,2.801492528399882,-0.5433731011290666,-2.110446969243515,-2.076751335994889
do_treatment_low_0050,do_treatment_low,treatment,low,-2.0,hard,-0.32007254325376505,-1.0684391432962645,-1.2121320058089342,-2.0,-0.26223280149279427,-1.1165294364729943,-0.30113983020778257,0.6302501277349748
do_treatment_low_0051,do_treatment_low,treatment,low,-2.0,hard,-0.03270602461093259,0.939318734854994,0.9670508854528841,-2.0,2.4176565529398686,-1.5677697714990977,-1.7513213191722308,-1.175601508272604
do_treatment_low_0052,do_treatment_low,treatment,low,-2.0,hard,-0.8653803777440738,-0.45926079507818063,-0.9818895715739904,-2.0,1.1249366144299404,-0.7424960658714156,-0.3975803002271793,0.42336667390077176
do_treatment_low_0053,do_treatment_low,treatment,low,-2.0,hard,-0.42860248230980724,0.6408840998962488,0.172709465913704,-2.0,2.458740856424401,0.3285517548007899,-1.5644782304961713,-2.0086374477253766
do_treatment_low_0054,do_treatment_low,treatment,low,-2.0,hard,-0.45084213783755556,-0.8956109442305205,-0.0738310842765093,-2.0,1.7052623149732598,-1.3759022604443556,-2.0817930259430564,-1.5031392432320323
do_treatment_low_0055,do_treatment_low,treatment,low,-2.0,hard,-0.17362927715060217,-0.44687698791412056,0.4342350671302008,-2.0,1.5703647749875267,-0.873038156210159,-1.50153923302745,-2.205964299483346
do_treatment_low_0056,do_treatment_low,treatment,low,-2.0,hard,0.12016473632368047,-0.3245391740496888,0.3699187115865609,-2.0,1.400971509035384,-0.2843266028123107,-0.5269476447269963,0.29418371102886803
do_treatment_low_0057,do_treatment_low,treatment,low,-2.0,hard,0.21762695736242077,-0.02605275240276758,0.8729312222098472,-2.0,1.5817313087998124,-1.1893945048135663,-1.1616897286465024,-0.7937262626116993
do_treatment_low_0058,do_treatment_low,treatment,low,-2.0,hard,0.4382684668143343,-0.4508573294031182,0.49620024807262464,-2.0,1.8493355415977852,-2.29563826628858,-1.2169419687515555,-0.3416465663544265
do_treatment_low_0059,do_treatment_low,treatment,low,-2.0,hard,1.487022281989844,0.8696434430258602,0.9183129193641288,-2.0,3.1303337326080816,-0.6718376387461857,-3.244454042994864,-2.679091526532549
do_treatment_low_0060,do_treatment_low,treatment,low,-2.0,hard,0.11200560200275606,-0.2795423015977391,-0.7203383147589593,-2.0,1.533823369151689,-0.5174143766875285,-2.2982086370199006,-1.8668975922613773
do_treatment_low_0061,do_treatment_low,treatment,low,-2.0,hard,0.07558684546493526,0.3314977066400774,0.30880991214541803,-2.0,2.4181091202192166,-1.3902373166487072,-1.6594445831012798,-1.1378804352793577
do_treatment_low_0062,do_treatment_low,treatment,low,-2.0,hard,0.46757419293003516,0.13905238726156688,0.43186923949994943,-2.0,1.5290773428733697,-0.7077232813745238,-0.6876022100021197,-0.12242986779880338
do_treatment_low_0063,do_treatment_low,treatment,low,-2.0,hard,0.33731851667871965,0.34246395619055814,0.825845793200811,-2.0,1.9378694135164576,-0.28614831182591094,-0.8608557542712846,-0.14465886820238527
do_treatment_low_0064,do_treatment_low,treatment,low,-2.0,hard,0.12619322438012764,0.6407220637963063,0.24759501912635895,-2.0,2.352135028842349,-0.9418330471795728,-1.1439442126098254,-1.018742810606248
do_treatment_low_0065,do_treatment_low,treatment,low,-2.0,hard,-0.6498802117237006,-0.11077946948650258,-1.0030902671756101,-2.0,2.208300910337202,-1.1856405564326684,-1.312719152963366,-0.7977394488033901
do_treatment_low_0066,do_treatment_low,treatment,low,-2.0,hard,-0.21387420683340566,-0.415202036149208,-0.18625245947429067,-2.0,0.9887276081216543,-1.1950935314259357,-0.9941175999004785,-0.4314660174257669
do_treatment_low_0067,do_treatment_low,treatment,low,-2.0,hard,-0.5331918533927245,0.3028341710264447,0.494092710359517,-2.0,1.8720757435710365,-1.7859556111723929,-1.9317535758593023,-0.4374866149493891
do_treatment_low_0068,do_treatment_low,treatment,low,-2.0,hard,-0.413198339909403,0.12952920247546318,-0.5271898404844026,-2.0,1.4034640981005464,-1.0669970873473367,-0.22418191788959663,0.28001088279200753
do_treatment_low_0069,do_treatment_low,treatment,low,-2.0,hard,0.4609903513360758,0.08360014923058964,0.6413680096609069,-2.0,1.2367735193353744,-0.8216338215086606,-1.240099261836973,-0.8789893840081197
do_treatment_low_0070,do_treatment_low,treatment,low,-2.0,hard,0.6141361152991998,0.997923786440466,1.0634724424931277,-2.0,2.8115050371495443,0.1823207208693206,-2.3344126741778237,-1.8644628440195776
do_treatment_low_0071,do_treatment_low,treatment,low,-2.0,hard,-0.555316484618631,-1.2899740806281563,-0.9228247470779228,-2.0,-0.1893400121634008,-1.579766996151485,1.1482922748889663,2.142908062750201
do_treatment_low_0072,do_treatment_low,treatment,low,-2.0,hard,0.3039832209632717,0.39593033307656844,-0.11533884413603712,-2.0,1.5967989505063827,-0.2222782490315025,-1.3097034673060977,-0.9570206201514944
do_treatment_low_0073,do_treatment_low,treatment,low,-2.0,hard,-0.8740743923282891,-0.29358574811437604,0.14468300708070364,-2.0,1.2366160063963993,-1.3026278401909408,-0.4758947962712592,-0.34644089397673145
do_treatment_low_0074,do_treatment_low,treatment,low,-2.0,hard,0.9539411324335693,1.257052986866698,0.410406854956761,-2.0,2.714607894490741,-0.4977661109585892,-2.4331357963039815,-1.3771468447780135
do_treatment_low_0075,do_treatment_low,treatment,low,-2.0,hard,-0.37926000989458325,0.013219860606563494,0.3830726703734531,-2.0,1.0236251593658536,-1.545529252337781,-0.6537867726430201,-0.4301353789362203
do_treatment_low_0076,do_treatment_low,treatment,low,-2.0,hard,-0.03179464037090209,-0.5210251331298789,-1.8106572034086232,-2.0,1.0010325273359915,0.2643385324434169,-1.1889976562986369,-1.1323965913988845
do_treatment_low_0077,do_treatment_low,treatment,low,-2.0,hard,0.8115311324041685,-0.44451654803406027,-0.34019852453086974,-2.0,1.418569081570902,-0.7414369779742871,-0.7005525406504735,-0.5165274112677586
do_treatment_low_0078,do_treatment_low,treatment,low,-2.0,hard,-0.18798696319381578,-0.8194944372153365,-0.7807803440978234,-2.0,0.8427448604137209,-0.49038943555327763,-0.2752033339478232,-0.7881266626286637
do_treatment_low_0079,do_treatment_low,treatment,low,-2.0,hard,-0.012397540785197074,-0.25613871366335417,-0.2304868162098915,-2.0,1.6554898999351928,-1.891290202431339,-1.8276447971950414,-1.0520952732959123
do_treatment_low_0080,do_treatment_low,treatment,low,-2.0,hard,0.19626131690868953,-0.7397995178741783,-0.8811444473162348,-2.0,1.1085231043447241,-1.286974440114149,-0.9788246314003544,0.23138101778033388
do_treatment_low_0081,do_treatment_low,treatment,low,-2.0,hard,0.34332073488388554,-0.18293501129658998,-0.4794233887312094,-2.0,1.3920858977512245,-1.7993498989558785,-1.1216115098999029,-0.49020233861988294
do_treatment_low_0082,do_treatment_low,treatment,low,-2.0,hard,0.050090102656589384,0.20970798107058083,-0.27760173036434693,-2.0,1.6718943645098006,-1.566019750935105,-0.7349153039119038,0.5050039091121376
do_treatment_low_0083,do_treatment_low,treatment,low,-2.0,hard,-0.5030132999405121,-1.0752629177387616,-2.286981514159373,-2.0,0.6174569007777826,-2.0427385805010547,-0.3408239894124025,0.09160921361068164
do_treatment_low_0084,do_treatment_low,treatment,low,-2.0,hard,-0.3538834559914329,-0.28270414381074405,0.3545112149028085,-2.0,2.3848288848939907,-1.0737841263444157,-1.636472981586171,-1.0520451408874996
do_treatment_low_0085,do_treatment_low,treatment,low,-2.0,hard,-0.6933955392860445,-0.5636915672182149,-0.3001313353364081,-2.0,1.2329146680617562,-1.5991423302891243,-0.29626539624890025,0.4100441893460905
do_treatment_low_0086,do_treatment_low,treatment,low,-2.0,hard,0.3712684077814767,0.15352664595055315,-0.11672108812243442,-2.0,1.6810504340318309,-0.5678557743519218,-1.3755212638630112,-1.135069223538535
do_treatment_low_0087,do_treatment_low,treatment,low,-2.0,hard,-0.42442034427856395,0.014131193686688304,0.3736176569019237,-2.0,2.1836705449515965,-0.9870008254623238,-1.2346387548712472,-0.6901925730348963
do_treatment_low_0088,do_treatment_low,treatment,low,-2.0,hard,-0.7332350183068356,-0.23490508548824846,-0.30211581022600215,-2.0,0.5818752482753168,-0.7622309654944225,-0.5605219875874726,0.04198798687036853
do_treatment_low_0089,do_treatment_low,treatment,low,-2.0,hard,0.02300286267379568,-0.07649311473728261,-0.4699838326929695,-2.0,1.5051188416986072,-0.7179134551735227,-1.6055343461648508,-1.5725952471720295
do_treatment_low_0090,do_treatment_low,treatment,low,-2.0,hard,-0.5035284000850633,-0.5312585531998658,0.4126334462654224,-2.0,0.9679549022252643,-1.35453270635247,-0.4253732983173727,1.3519056250652475
do_treatment_low_0091,do_treatment_low,treatment,low,-2.0,hard,0.1289897029325467,-0.2066402205882792,-0.573637076568147,-2.0,1.2376525852042557,-1.4878093280514368,-0.9535091881296126,-0.40978549536702047
do_treatment_low_0092,do_treatment_low,treatment,low,-2.0,hard,0.6820353991971116,0.3509869575090472,0.39642255154895023,-2.0,2.411165061018043,-1.4438024705566552,-2.065994614266175,-1.9236437214123026
do_treatment_low_0093,do_treatment_low,treatment,low,-2.0,hard,-0.29716533096719433,-1.0803664174116028,-0.8711183642124215,-2.0,0.8948531056578988,-0.6488040796287506,-0.9069557119787426,-0.19573098298519412
do_treatment_low_0094,do_treatment_low,treatment,low,-2.0,hard,-0.29934912872637537,0.365485266294169,-0.18919389534061115,-2.0,1.9080290941144373,-0.5877608042289977,-0.9065048036659822,-1.4576365068089132
do_treatment_low_0095,do_treatment_low,treatment,low,-2.0,hard,-0.608129710702271,-0.628199490609639,-0.9017954484664251,-2.0,1.3049703718446017,-0.4175242027595487,-0.7581182879389712,-0.628529717818657
do_treatment_low_0096,do_treatment_low,treatment,low,-2.0,hard,0.2963431242758153,0.5684298474528223,-0.00963758698757311,-2.0,1.8900250922801356,-1.7164634023223222,-1.3411184715347197,-0.8000577609970299
do_treatment_low_0097,do_treatment_low,treatment,low,-2.0,hard,-0.23406218767213705,-0.6721910512228945,-0.9359586885314874,-2.0,1.7082565203674527,0.29132088710818427,-1.52112396004442,-1.1233320281790706
do_treatment_low_0098,do_treatment_low,treatment,low,-2.0,hard,0.009200103520037826,0.07908483302007922,-0.3218909878052394,-2.0,2.5103114798438035,-1.5657585429940752,-1.9160933321717324,-0.6655899251154227
do_treatment_low_0099,do_treatment_low,treatment,low,-2.0,hard,-0.5532156743796108,-0.7707002509162277,-0.7842240934556229,-2.0,2.0641085987397654,-1.0506405364119142,-0.4995017963907826,0.4544881566851563
do_treatment_high_0000,do_treatment_high,treatment,high,2.0,hard,0.615899539381097,0.6964192888412803,-0.0948756438444901,2.0,-1.158727762544994,0.7192874493663342,0.9637891721787454,-0.19381511520905015
do_treatment_high_0001,do_treatment_high,treatment,high,2.0,hard,0.1509199313730724,0.3806038924624436,0.4916170503939794,2.0,-1.0166148449625703,1.4377639077720266,0.9015546640960015,0.775787617463278
do_treatment_high_0002,do_treatment_high,treatment,high,2.0,hard,-0.17137685650460233,-0.40394916695803296,-0.11721489300530588,2.0,-1.548892718667702,1.2997480997225814,1.4493615175262917,1.0687327055268425
do_treatment_high_0003,do_treatment_high,treatment,high,2.0,hard,0.03462143905625608,-0.13108554966618222,0.1917272265362747,2.0,-1.949493346384339,0.2995753066904384,0.8947906984389363,0.3928808345024119
do_treatment_high_0004,do_treatment_high,treatment,high,2.0,hard,-0.40537356073391306,-0.20796606911147564,-0.029547892941447357,2.0,-2.463506096334305,-0.09930862782955419,1.9681820401607906,2.8344910060700697
do_treatment_high_0005,do_treatment_high,treatment,high,2.0,hard,0.8652535180947363,0.5198865709334114,0.07638402623207852,2.0,-0.8584053471779085,1.0205475286766161,-0.8425890285480311,-0.8407362942262957
do_treatment_high_0006,do_treatment_high,treatment,high,2.0,hard,0.6544559388867935,0.04935997191992342,-0.3714043320533281,2.0,-1.571471055715351,1.8813245595808168,0.7855081596852888,-0.09495044989403642
do_treatment_high_0007,do_treatment_high,treatment,high,2.0,hard,0.5285704654336091,0.8625523851144087,1.0307285093641716,2.0,0.15732103056707958,0.3633002049582208,0.0841830098498797,0.6815328902856882
do_treatment_high_0008,do_treatment_high,treatment,high,2.0,hard,0.15112640258585452,0.6906161889773418,1.2466871924476979,2.0,-0.6202181001583598,0.32888037708426565,-0.3949543674430834,-1.0308485109805976
do_treatment_high_0009,do_treatment_high,treatment,high,2.0,hard,-0.6999269495469552,-0.799344248498269,0.0975193000290292,2.0,-1.9997405878592196,0.005854722439409876,1.45417189625427,1.8844398589774805
do_treatment_high_0010,do_treatment_high,treatment,high,2.0,hard,0.012634785705204465,-0.08016736611055478,-0.014045030433375787,2.0,-2.2079897590487594,0.5654234862278544,1.8078178980757076,1.5309926316354667
do_treatment_high_0011,do_treatment_high,treatment,high,2.0,hard,-0.8155830082750959,-1.226986301272421,-1.1063951925341404,2.0,-2.7509191339767316,1.2955328287229984,1.6422773500662298,2.049208988096914
do_treatment_high_0012,do_treatment_high,treatment,high,2.0,hard,0.2803978510538415,0.19181594068857255,0.6232720752280481,2.0,-1.5183875858491396,1.9465180584700006,0.7586707738120811,0.047235560388299985
do_treatment_high_0013,do_treatment_high,treatment,high,2.0,hard,-0.61146981801392,-0.10152437337606118,-0.43523678843028174,2.0,-1.9621818669439177,0.4191494422327621,2.171835606135982,1.4929907172729149
do_treatment_high_0014,do_treatment_high,treatment,high,2.0,hard,0.04121766429410538,-1.1248207331316367,-1.09949619983494,2.0,-2.1738151380244077,1.1297384766354792,0.4625899231521404,0.902488765481693
do_treatment_high_0015,do_treatment_high,treatment,high,2.0,hard,0.3871715977219239,0.7985402903913301,0.8387439803114716,2.0,-0.7225285052933321,1.823186677935729,0.36328817258561835,-0.3116441459309519
do_treatment_high_0016,do_treatment_high,treatment,high,2.0,hard,0.11999612361086512,-0.16457528511115865,0.6894808197100352,2.0,-1.1195832143157824,1.0541978050178038,1.137888687834836,1.587001571196359
do_treatment_high_0017,do_treatment_high,treatment,high,2.0,hard,0.5344216870766121,0.2679235230578991,0.460229328442304,2.0,-0.8183460934707498,0.3525255488141178,0.5148240935479742,0.0354115512558314
do_treatment_high_0018,do_treatment_high,treatment,high,2.0,hard,0.09748322753726264,0.24507045422118803,-0.6220162015004962,2.0,-1.0476310789977115,0.8608569386973874,0.44199699730701575,-0.05866162325167651
do_treatment_high_0019,do_treatment_high,treatment,high,2.0,hard,-0.40346513574824067,0.26813449848127796,0.5887145815187798,2.0,-1.7365880270194687,0.3527051978420317,1.0674302280207069,0.8638664194178227
do_treatment_high_0020,do_treatment_high,treatment,high,2.0,hard,0.6394737906883591,0.7553179298281516,1.2510325370378104,2.0,-1.047852193943752,0.20830639971212617,0.5142283140970347,0.2673061542099229
do_treatment_high_0021,do_treatment_high,treatment,high,2.0,hard,-0.08764469225949129,-0.7366457496315784,-1.0575829629016318,2.0,-1.5040595158384453,0.976998904659318,1.7599434613686038,2.13974323439995
do_treatment_high_0022,do_treatment_high,treatment,high,2.0,hard,0.15837358702331245,0.0910049238534466,1.0286427420546675,2.0,-1.7464885279297935,0.7370307906696435,0.8173051543858483,0.36641723015439287
do_treatment_high_0023,do_treatment_high,treatment,high,2.0,hard,-0.16332337814409964,0.35036484792285194,0.23326714652037384,2.0,-1.3554345170847404,1.0138093693963097,1.5894367595744932,0.540650479280077
do_treatment_high_0024,do_treatment_high,treatment,high,2.0,hard,0.13121075413373362,-0.23296994917891076,-0.6919878795031104,2.0,-1.0571172260754715,1.2304389706328873,0.9351153701663972,0.9568948260223598
do_treatment_high_0025,do_treatment_high,treatment,high,2.0,hard,-0.23155884959280318,-0.32641124508219804,-0.2613123643709419,2.0,-1.746775948212044,0.7015924053437252,0.29305450475208594,-0.3672140085529528
do_treatment_high_0026,do_treatment_high,treatment,high,2.0,hard,-0.8634046871328318,0.3653315780751766,0.6853182347804493,2.0,-0.6443759064883047,-0.7492825379584268,0.5433453538981828,0.7536589374137371
do_treatment_high_0027,do_treatment_high,treatment,high,2.0,hard,0.8048762651186597,0.0026053395134085777,0.2112340493353357,2.0,-2.0172441330964386,1.4948961266464882,1.5077094463396365,0.5705501604762445
do_treatment_high_0028,do_treatment_high,treatment,high,2.0,hard,0.28994082661421444,0.083404727760744,-0.5929228356809143,2.0,-2.6624930082330023,1.0772812928871414,2.380540962364397,1.7330539509280873
do_treatment_high_0029,do_treatment_high,treatment,high,2.0,hard,-1.1357238000942693,-1.3977210600806003,-1.6580370197941652,2.0,-4.176578245452307,-0.34321375776008467,3.072133404600736,3.142877194757975
do_treatment_high_0030,do_treatment_high,treatment,high,2.0,hard,-0.5213822270729378,-0.8915824225651183,-1.1008437043359711,2.0,-1.6097476699308593,0.564844910745488,2.485676214135302,2.9227120516873857
do_treatment_high_0031,do_treatment_high,treatment,high,2.0,hard,0.49349484045188485,0.5853364436948923,0.8922469109510947,2.0,-1.4693488303557227,1.5802430229119977,1.132602074255756,1.4839219575084766
do_treatment_high_0032,do_treatment_high,treatment,high,2.0,hard,0.2665725360792348,-0.06016563501639596,-0.7505571935770486,2.0,-1.2654629719860475,2.15046511815096,0.649359487383891,-0.6964265506096798
do_treatment_high_0033,do_treatment_high,treatment,high,2.0,hard,-0.25977637949496946,0.15296340766921349,0.05581423947572628,2.0,-1.4130179488052514,1.3115440503460167,1.4671688447560214,-0.23117528363027695
do_treatment_high_0034,do_treatment_high,treatment,high,2.0,hard,0.21847708338782948,-0.4610867044727104,-1.1974354989316518,2.0,-1.8445849002730903,1.2261055859839034,1.459310080096794,1.235365680427439
do_treatment_high_0035,do_treatment_high,treatment,high,2.0,hard,-0.11040664655908901,1.1637251192295248,0.9953039797049852,2.0,0.01858268895295756,1.7650705873528656,0.8039416671127965,0.5300633336138434
do_treatment_high_0036,do_treatment_high,treatment,high,2.0,hard,0.14796701155535838,-0.6498747700564889,-0.5532963949920964,2.0,-1.487002484871258,1.0708131175696756,0.2876587499621984,-0.683502957948483
do_treatment_high_0037,do_treatment_high,treatment,high,2.0,hard,-0.034679305187351774,-0.04227494680830829,0.8302274420005337,2.0,-1.0394322311314075,1.1655674849285658,1.619978047685671,0.45550044383498556
do_treatment_high_0038,do_treatment_high,treatment,high,2.0,hard,1.3916805372372443,0.963002326845438,1.0850526530193025,2.0,-1.3307318568172453,2.216296931688092,1.077841532070281,0.3848710182676156
do_treatment_high_0039,do_treatment_high,treatment,high,2.0,hard,0.17307742946082924,0.5511212973836374,0.8589709997521351,2.0,-2.1397079358651583,1.2409959738885707,1.1991337577885384,0.5715236265955685
do_treatment_high_0040,do_treatment_high,treatment,high,2.0,hard,0.7718785362449047,1.3799689019230355,1.4246211251560228,2.0,-0.7142556564645045,0.6569115281031088,0.4857006479477447,-0.374207220617513
do_treatment_high_0041,do_treatment_high,treatment,high,2.0,hard,-0.5261380663373254,0.38603373615626085,-0.42290934321278195,2.0,-0.9138812342507336,1.472405782040847,0.2642386434037902,0.009713809787432415
do_treatment_high_0042,do_treatment_high,treatment,high,2.0,hard,0.3596944932097043,0.4557088900587053,1.2098805371331816,2.0,-0.6662428340129657,1.208457691360541,0.8984746707081688,0.3408900575995923
do_treatment_high_0043,do_treatment_high,treatment,high,2.0,hard,-0.35767049900649467,-0.4473892979379077,-0.326651664940528,2.0,-1.5920865819472116,0.27774103972228714,1.9738366399392708,1.7635259667955174
do_treatment_high_0044,do_treatment_high,treatment,high,2.0,hard,0.1506094880261819,0.6426137430577801,0.3898227235611488,2.0,-0.38494661021573284,1.362418914886433,-0.5914521171002107,-1.1758913388616812
do_treatment_high_0045,do_treatment_high,treatment,high,2.0,hard,0.03232881544663903,0.21886288635569462,-0.5782651580204703,2.0,-0.8539591863111359,1.1639244237858415,0.5125365423281216,-0.3564356365134184
do_treatment_high_0046,do_treatment_high,treatment,high,2.0,hard,-0.04376693642853064,-0.007818772645036762,0.6254268006307252,2.0,-1.2400833414585286,0.7879580786248958,0.3058080143177071,-0.20911675177651912
do_treatment_high_0047,do_treatment_high,treatment,high,2.0,hard,0.5237807579537596,0.2411268263744582,1.0955894431852158,2.0,-0.7450305324575638,1.5697949485126284,0.5181700279909932,-0.6903521828299476
do_treatment_high_0048,do_treatment_high,treatment,high,2.0,hard,-1.117133876055695,-0.2744216445396903,-1.2916808545359189,2.0,-1.3928823156865946,0.27580017060327544,2.454179161846721,2.4796459982412946
do_treatment_high_0049,do_treatment_high,treatment,high,2.0,hard,0.19725290809655963,-0.4134485395056435,-0.43995958974456906,2.0,-1.2175657319975763,1.1919302031243322,0.8012929174261275,-0.8017344976085771
do_treatment_high_0050,do_treatment_high,treatment,high,2.0,hard,-0.2747507421493712,0.04527951284222381,-0.7909117413935978,2.0,-1.1108714834549316,1.6455085690293392,0.041262816598423124,-0.8373079952797114
do_treatment_high_0051,do_treatment_high,treatment,high,2.0,hard,-0.35125837811476057,0.5817474610590825,0.02866532060771837,2.0,-0.3429444541449296,0.7828638205823759,0.07976232485795731,-0.30086279591945764
do_treatment_high_0052,do_treatment_high,treatment,high,2.0,hard,-0.6808537158815959,-0.9098847292237099,-1.28436726252433,2.0,-2.2274148545306294,1.3496232670511357,2.2152534315914236,1.8419292597365517
do_treatment_high_0053,do_treatment_high,treatment,high,2.0,hard,-0.6770705675645758,-0.9758931161702455,-0.8370062410897514,2.0,-2.5683482971963913,1.0679390765636474,2.0669827545099806,1.8524785164940556
do_treatment_high_0054,do_treatment_high,treatment,high,2.0,hard,-0.3422150484887116,-0.10339605547606345,-0.10682428016100878,2.0,-1.4782544255847987,0.8953633217869015,2.065383742841291,0.8862966794736685
do_treatment_high_0055,do_treatment_high,treatment,high,2.0,hard,0.4479810461591147,-0.2512706729233776,-0.14132224868840793,2.0,-2.066374129074436,1.764757864975079,0.8439574772947934,0.5800679930421561
do_treatment_high_0056,do_treatment_high,treatment,high,2.0,hard,0.16884300222844756,-0.5469031563157347,-0.12385145155435262,2.0,-2.6999078788008104,1.7640658198517531,0.8195834604315648,0.22190062235608188
do_treatment_high_0057,do_treatment_high,treatment,high,2.0,hard,0.8236941260146483,-0.10160337811770892,0.024966057294677893,2.0,-1.870305692175629,0.9965914675475931,1.0848687880437018,0.20006063367272575
do_treatment_high_0058,do_treatment_high,treatment,high,2.0,hard,-0.016221834235898507,-0.33899571698379805,0.11124328810769957,2.0,-1.3794573315058594,1.0295631396070646,1.284029810040641,0.14169135370400687
do_treatment_high_0059,do_treatment_high,treatment,high,2.0,hard,0.5921393453860363,-0.2760648525566837,-0.6221106837881114,2.0,-1.3364180938524526,2.2694816073292383,0.3853860096237119,-0.1357240049983976
do_treatment_high_0060,do_treatment_high,treatment,high,2.0,hard,-0.6731719049490339,-0.8749767802292863,-0.7276390793325942,2.0,-2.488909137138995,0.46494585308527253,1.6876041685238843,1.7236199138757666
do_treatment_high_0061,do_treatment_high,treatment,high,2.0,hard,0.12341870842269177,-0.15852527946213316,-0.20669678174234682,2.0,-0.9368356391210199,1.0833841340665435,-0.06636148780992901,-0.38091532570033343
do_treatment_high_0062,do_treatment_high,treatment,high,2.0,hard,-0.11307822206550779,-0.708266011030978,-0.365979473652573,2.0,-1.8589696925904935,1.2015454405770243,1.7365046366717412,1.2832390851245226
do_treatment_high_0063,do_treatment_high,treatment,high,2.0,hard,-0.020567700592178956,-0.03159780193271121,-0.4866854210220919,2.0,-1.6466600964855396,0.7193670489342983,1.7396718143083238,1.0779561524396537
do_treatment_high_0064,do_treatment_high,treatment,high,2.0,hard,-0.7915663767380839,-0.1818246879551239,-0.5192210254331063,2.0,-1.5077836215539122,1.5513901728883615,2.09293161806165,1.692469335677667
do_treatment_high_0065,do_treatment_high,treatment,high,2.0,hard,-0.6011002224953769,-0.8126755577611458,-1.1574223683637985,2.0,-2.011227673617152,0.8838298962563133,1.2329682244593696,-0.14550075573263033
do_treatment_high_0066,do_treatment_high,treatment,high,2.0,hard,-1.0248735854810067,-1.5647694662978784,-1.1858052687849494,2.0,-2.523173734070161,0.8569462904426298,2.707726404203849,2.118497454065034
do_treatment_high_0067,do_treatment_high,treatment,high,2.0,hard,1.0586407927949673,0.8555879659274979,0.9425528007299941,2.0,-0.8729731772125698,0.5142594215195562,0.28146065940339854,0.431371009280951
do_treatment_high_0068,do_treatment_high,treatment,high,2.0,hard,-0.029249348348045493,0.0028559203537303866,0.3436677871158194,2.0,-1.6305834944529778,1.4262721149564486,1.676789132320531,1.3605414411246122
do_treatment_high_0069,do_treatment_high,treatment,high,2.0,hard,0.5503483519966546,0.46318052310070806,0.37829368988099543,2.0,-1.6853806931991744,1.6900672488793878,1.2519348331416147,0.44543190919346864
do_treatment_high_0070,do_treatment_high,treatment,high,2.0,hard,-0.7510299918940656,-0.45010961408602246,-0.7543386035795177,2.0,-1.231010998693444,0.9597390097374843,1.4223724917227616,0.8053898039917622
do_treatment_high_0071,do_treatment_high,treatment,high,2.0,hard,0.5499472599806202,0.2191034490086545,-0.6556345389102047,2.0,-1.977690997275769,0.8588578017664954,1.1746771471847308,0.24728458605359493
do_treatment_high_0072,do_treatment_high,treatment,high,2.0,hard,-0.13459333406129753,0.31095063533918893,0.3977653081796124,2.0,-1.3502287016428722,0.8579479889229336,1.5176752479855775,0.9756812400899467
do_treatment_high_0073,do_treatment_high,treatment,high,2.0,hard,0.488754018798946,0.492479110294228,-0.7923969587455622,2.0,-1.0540367594750646,0.4027246560867267,0.2800704382316363,0.8720692652179655
do_treatment_high_0074,do_treatment_high,treatment,high,2.0,hard,0.6525184755866715,0.13653394676093067,0.0431639380601541,2.0,-2.2153236152062448,1.4156775405961926,2.182144216754228,2.0701976883327284
do_treatment_high_0075,do_treatment_high,treatment,high,2.0,hard,0.16158129974608287,0.09416324692278921,-0.08748574815078726,2.0,-1.5291299863795462,0.6545872037992413,0.7851688503679152,0.2880905761464837
do_treatment_high_0076,do_treatment_high,treatment,high,2.0,hard,-0.8151738798867864,-1.4486415620190418,-1.3824830642748696,2.0,-2.7288606907641153,-0.0022117813042682455,2.040717743878311,2.024153638868048
do_treatment_high_0077,do_treatment_high,treatment,high,2.0,hard,-0.360428314121484,-0.6442169012683051,0.146580737153433,2.0,-2.6448837424654466,0.741452228320856,2.2039823406091292,1.533767654684077
do_treatment_high_0078,do_treatment_high,treatment,high,2.0,hard,-0.14701499802647688,0.33027994530410587,0.06527455184999359,2.0,-1.679476655317879,0.4429673794049117,0.6799049761128173,-0.37296116983521466
do_treatment_high_0079,do_treatment_high,treatment,high,2.0,hard,-0.6048593391646488,-0.11476202225722726,-0.17769265728404582,2.0,-1.4741912173014462,0.6639189695261267,1.0590446253821062,0.8089055779558516
do_treatment_high_0080,do_treatment_high,treatment,high,2.0,hard,0.37068394591580633,0.705613959192325,1.246924299489826,2.0,-1.7224832621641837,1.6257932312946863,1.7033982588412409,0.7928724806868143
do_treatment_high_0081,do_treatment_high,treatment,high,2.0,hard,1.043356239555833,0.9450978351912378,0.03377098506571552,2.0,-1.4864739339971735,1.7361726516820881,1.332194292243147,-0.08773569848235141
do_treatment_high_0082,do_treatment_high,treatment,high,2.0,hard,-0.008614724473360936,-0.28971569438519296,0.060661825348067855,2.0,-1.1946954363761702,1.1717217124925237,1.5053543900780904,0.5287903560149374
do_treatment_high_0083,do_treatment_high,treatment,high,2.0,hard,-0.2127204427627224,0.28786186561430094,0.39806573678894663,2.0,-1.4033626612080297,1.1100074492904914,-0.06189268554200522,-0.705026491775951
do_treatment_high_0084,do_treatment_high,treatment,high,2.0,hard,0.13815549256761647,0.008826816386360181,-0.5948226809173773,2.0,-1.2899361015650523,1.02335861829359,0.6911135065068916,0.10129756853736656
do_treatment_high_0085,do_treatment_high,treatment,high,2.0,hard,1.2250958011742716,0.45252377393065085,1.0234305610804515,2.0,-1.3114351520187566,2.2673627376643717,0.458763552549376,-0.08667065149929815
do_treatment_high_0086,do_treatment_high,treatment,high,2.0,hard,0.01099719623816319,-0.5334560058386395,-0.7253838820190153,2.0,-1.6858379729885284,0.7131028887733086,1.0530704777857727,0.5006579959965127
do_treatment_high_0087,do_treatment_high,treatment,high,2.0,hard,0.05375862492315784,0.10054708297638584,-0.2841072838330686,2.0,-1.8218599066268388,0.3937464082997598,1.5457772112423462,2.233708877742968
do_treatment_high_0088,do_treatment_high,treatment,high,2.0,hard,-0.9420273778470499,-1.259817989511515,-0.9006063580102177,2.0,-2.0108098750018737,0.5343208233520677,0.9327978428632142,0.11660895568977525
do_treatment_high_0089,do_treatment_high,treatment,high,2.0,hard,0.557096045968259,0.2195862900952901,0.3132881287157587,2.0,-1.9971501053141478,1.217667477883829,0.8534168730082492,-0.007050824524066579
do_treatment_high_0090,do_treatment_high,treatment,high,2.0,hard,-0.14390374138149215,-0.35135867877947724,-0.7698982775353662,2.0,-1.8824479297545789,1.231614438476643,1.8834884257368876,1.4527338015413407
do_treatment_high_0091,do_treatment_high,treatment,high,2.0,hard,-0.07463051823340323,0.9711876439925742,1.0076470179115589,2.0,-0.790369422585918,0.5284889109669759,1.1166295114005906,0.5985938611090301
do_treatment_high_0092,do_treatment_high,treatment,high,2.0,hard,-0.018061878322143142,-0.43762718241489407,-0.875810262767116,2.0,-2.7519332695970986,0.2604348598419588,1.1873963157671423,1.0322249871626226
do_treatment_high_0093,do_treatment_high,treatment,high,2.0,hard,0.1821250937293737,0.6218491910123392,0.046175574479299875,2.0,-0.6970506674257015,-0.12329148879420071,0.006451559956524189,-0.06785210937738481
do_treatment_high_0094,do_treatment_high,treatment,high,2.0,hard,0.30770896781598267,0.7088156846109241,0.1593573371378595,2.0,-1.2405989049659378,1.102945223156652,0.6657457767916317,0.2733440744743785
do_treatment_high_0095,do_treatment_high,treatment,high,2.0,hard,-0.13217026376265506,-0.13532182509687346,0.34675834984646176,2.0,-1.7415855591048088,1.34439954662656,0.8758937337636068,-0.6368487893063276
do_treatment_high_0096,do_treatment_high,treatment,high,2.0,hard,-0.19965666931838458,-0.12707351278760068,-0.7040245388264866,2.0,-1.9401205035728224,0.29627708920425955,1.2964006302392455,0.9092442652311288
do_treatment_high_0097,do_treatment_high,treatment,high,2.0,hard,-0.746568032896659,-0.7929745738664793,-1.0554175516083482,2.0,-2.981933703339611,0.9313911958877227,2.519978282206884,1.3394851256913505
do_treatment_high_0098,do_treatment_high,treatment,high,2.0,hard,0.2679908750204197,-0.08317037614260711,0.24100584777312895,2.0,-2.62902888996046,1.7885576396094125,1.930149964175024,1.2738944867737108
do_treatment_high_0099,do_treatment_high,treatment,high,2.0,hard,-0.2612249364156895,-0.3381706180696355,-1.0302077941423071,2.0,-2.233907032043324,0.9797284223893183,1.5153042040767157,1.3632321714360616
do_inflammation_low_0000,do_inflammation_low,inflammation,low,-2.0,hard,0.11666300369617418,-0.9422860554172139,-1.04442915026771,-1.5474425140046084,-2.0,-0.4256415388894956,1.292344425911425,0.9554876961211176
do_inflammation_low_0001,do_inflammation_low,inflammation,low,-2.0,hard,-0.3896979798598195,-0.5327222920158848,-0.4250915435311436,-0.4096093686516812,-2.0,-0.06340226574266128,1.3011019937289414,1.6936527405478639
do_inflammation_low_0002,do_inflammation_low,inflammation,low,-2.0,hard,0.3235189298750069,0.1863677607624806,0.1482714086561576,0.34289014374448445,-2.0,0.5489203219558807,1.5803936123199875,1.9443409589065617
do_inflammation_low_0003,do_inflammation_low,inflammation,low,-2.0,hard,-0.3598715081521516,0.06602767597891102,-0.6685973346572092,-0.22021375704103038,-2.0,-0.9894205174257464,1.6880455748244148,1.7118128570042823
do_inflammation_low_0004,do_inflammation_low,inflammation,low,-2.0,hard,0.5343935159746499,0.5878821977735198,0.6054897912009544,0.09344391838267141,-2.0,-0.8014055340526651,1.0032412991000872,1.0181844025920463
do_inflammation_low_0005,do_inflammation_low,inflammation,low,-2.0,hard,0.8969977641793362,0.6688415778356402,1.2171210157952859,1.172824204260569,-2.0,0.7863529967291957,1.3868464943979089,1.1512944469080684
do_inflammation_low_0006,do_inflammation_low,inflammation,low,-2.0,hard,0.13192656998016225,0.7945879227647802,0.9660469885186731,0.9825404364234421,-2.0,0.34032375349103394,1.8263235527670294,1.5216209854831924
do_inflammation_low_0007,do_inflammation_low,inflammation,low,-2.0,hard,-0.44969445826854104,-0.3129418442063221,0.007841065842483896,-0.10615354959369414,-2.0,0.5163163207995818,1.702756699314078,2.2503413152610343
do_inflammation_low_0008,do_inflammation_low,inflammation,low,-2.0,hard,-0.18161287731576115,0.11985692210198418,0.008287730661872814,0.5304791533113316,-2.0,0.18995174781829405,1.273597487186518,1.5112518561994903
do_inflammation_low_0009,do_inflammation_low,inflammation,low,-2.0,hard,-0.9993236816079822,-0.5745240584743085,-0.44005045119053476,-0.9085638333817233,-2.0,-1.1506186692849565,1.6756629864744663,1.9649004381438635
do_inflammation_low_0010,do_inflammation_low,inflammation,low,-2.0,hard,-0.04033289145180248,0.6493175927248831,0.5704729241313575,0.5984049433883696,-2.0,0.5210995772527036,1.6119605650663258,0.22477161372208176
do_inflammation_low_0011,do_inflammation_low,inflammation,low,-2.0,hard,-0.3640785224624505,-0.9654416684791112,-0.3591546183780244,-0.641226610795371,-2.0,-0.13932260814393255,1.4785744429302439,2.21152205779274
do_inflammation_low_0012,do_inflammation_low,inflammation,low,-2.0,hard,-0.7347373887480756,-0.9862108489260979,-1.2016774688909906,-1.745565798227834,-2.0,0.09745103832814661,1.9114035854068516,2.4893262663731903
do_inflammation_low_0013,do_inflammation_low,inflammation,low,-2.0,hard,-0.15217580567046074,-0.3498946442897457,-0.8090585672102809,-1.1316965300368529,-2.0,0.5064094131891124,2.203189149329672,1.6464981410499187
do_inflammation_low_0014,do_inflammation_low,inflammation,low,-2.0,hard,-0.14264090034719612,0.6273463220925939,0.5051731944700938,1.3087252141421666,-2.0,0.7808795370710443,1.8592272373764671,1.8060084439368465
do_inflammation_low_0015,do_inflammation_low,inflammation,low,-2.0,hard,0.21293188031942625,0.19625970975641915,0.1253236496339713,0.00961727376065838,-2.0,-0.5453149710268985,1.1499006410462749,1.4350185280525052
do_inflammation_low_0016,do_inflammation_low,inflammation,low,-2.0,hard,0.2550369965159577,0.5249369983847407,0.44599548272637246,0.8843363563583352,-2.0,0.7679609998433676,1.634497808597437,0.9670013038838278
do_inflammation_low_0017,do_inflammation_low,inflammation,low,-2.0,hard,0.6052338229083624,0.2541625410930603,0.40049609088534455,0.4271056843936705,-2.0,1.4878831546006013,2.1906765574727642,1.6835856477455897
do_inflammation_low_0018,do_inflammation_low,inflammation,low,-2.0,hard,-0.5501972468809554,-0.6319555691318558,-0.24189995096054023,1.0722282571887733,-2.0,0.027841079193330676,1.82475865601218,2.1986262141085375
do_inflammation_low_0019,do_inflammation_low,inflammation,low,-2.0,hard,-1.5180980624288627,-1.5350388492922395,-0.9327847910748122,-0.9525669250033717,-2.0,-0.9212578884161102,2.6738194319442172,2.7448447680686963
do_inflammation_low_0020,do_inflammation_low,inflammation,low,-2.0,hard,-0.2191886320866269,-0.2396439754453831,-0.262288831744408,0.3644282381004037,-2.0,0.08484722242736185,1.8006500080783332,2.5626408672629104
do_inflammation_low_0021,do_inflammation_low,inflammation,low,-2.0,hard,0.19300052705198306,0.39046046892111164,-0.18153301575335695,-0.7559058534147393,-2.0,-0.7634171362553672,1.5277449532675493,1.0875595238500249
do_inflammation_low_0022,do_inflammation_low,inflammation,low,-2.0,hard,-1.2321410007944418,-0.5728282483058516,-0.5656751337686323,-0.31120834620577975,-2.0,-1.422623521157158,2.1502871532138794,1.479038258372304
do_inflammation_low_0023,do_inflammation_low,inflammation,low,-2.0,hard,-0.20753317760936738,0.5530880092512351,-0.35760037830951624,-0.04131829156233584,-2.0,-0.1426291595204328,0.9947832791301329,1.1495221014465211
do_inflammation_low_0024,do_inflammation_low,inflammation,low,-2.0,hard,-0.762217940197517,-0.8025972028196908,-0.007524723967091584,-0.4028897209122116,-2.0,-0.8377082001797934,1.888660346490068,1.8402046976408073
do_inflammation_low_0025,do_inflammation_low,inflammation,low,-2.0,hard,0.3779937442013604,0.4167991700164594,0.22723189214795303,0.37841931804818474,-2.0,-0.03436130094175305,1.6232389031477297,0.6531865904610891
do_inflammation_low_0026,do_inflammation_low,inflammation,low,-2.0,hard,-0.8192550146813843,-0.030196560020359753,-0.9555874260473143,-0.7874937842528795,-2.0,-0.6805541052854077,1.3449177679643993,1.5442653269095197
do_inflammation_low_0027,do_inflammation_low,inflammation,low,-2.0,hard,1.0795568926085137,-0.04148424796680583,0.09348100479352787,0.1791417478448113,-2.0,1.2890597389795828,1.3616908297906762,0.6678141793681736
do_inflammation_low_0028,do_inflammation_low,inflammation,low,-2.0,hard,0.3197991472069023,0.08994022651063857,0.3618667144030393,0.23566304434062801,-2.0,0.7956727982063726,1.2512128281135637,0.7184321314919353
do_inflammation_low_0029,do_inflammation_low,inflammation,low,-2.0,hard,0.46033497553622443,0.22846113956980874,0.06163830665298328,0.7825331852245178,-2.0,0.12753043459638475,-0.1274134075334894,-0.24259827140444545
do_inflammation_low_0030,do_inflammation_low,inflammation,low,-2.0,hard,-0.4595830468253293,-1.202425175045382,-1.1795763396966998,-0.9986040493527514,-2.0,-0.6684632194152514,1.7363362723653384,2.314032931608489
do_inflammation_low_0031,do_inflammation_low,inflammation,low,-2.0,hard,-0.20956631222628846,0.42701974273700805,1.1945632725070472,0.2845789497024722,-2.0,0.6654580548318054,0.7016662199901651,0.41682621394087793
do_inflammation_low_0032,do_inflammation_low,inflammation,low,-2.0,hard,-0.4477825787160591,-0.19416631026303682,-0.4848916116876181,-0.7422155003411697,-2.0,-1.0692197528707936,1.2367577249334858,1.4618402206334002
do_inflammation_low_0033,do_inflammation_low,inflammation,low,-2.0,hard,-0.6039870575766687,-0.36828532283122706,-0.9877115879887666,-0.5405841380192278,-2.0,0.7251734763563301,1.816023768247136,0.9479555651220627
do_inflammation_low_0034,do_inflammation_low,inflammation,low,-2.0,hard,-0.6585431355093779,0.10435766855367301,0.34557527992751597,0.4549666449218295,-2.0,-0.13754693031382448,2.1876705489225556,1.8178709918272509
do_inflammation_low_0035,do_inflammation_low,inflammation,low,-2.0,hard,0.3484502053988042,0.1602337059921139,1.0999029438013395,0.5924211050471369,-2.0,0.25390911003034256,1.2063856754510927,0.9706902126006576
do_inflammation_low_0036,do_inflammation_low,inflammation,low,-2.0,hard,-0.3388426217633366,-0.2331440176126217,-1.0635173205179602,-0.5858848887225034,-2.0,-1.1534376774304256,0.8666933709730893,0.74197452023222
do_inflammation_low_0037,do_inflammation_low,inflammation,low,-2.0,hard,-0.6939423954054443,0.4611419570081629,0.660755259469499,0.9708618684946,-2.0,1.4359983845303552,1.4973099793492555,0.49948303709203856
do_inflammation_low_0038,do_inflammation_low,inflammation,low,-2.0,hard,0.4704393057469847,0.5111657059657537,0.7664742585472639,1.4566414238832697,-2.0,1.2222712963924944,0.8416457370518919,0.015520636405717575
do_inflammation_low_0039,do_inflammation_low,inflammation,low,-2.0,hard,0.43557554146509253,0.3476438737231384,0.605440589910835,0.4959350975669312,-2.0,0.8740809497411048,1.0380007377554998,-0.13653234461557862
do_inflammation_low_0040,do_inflammation_low,inflammation,low,-2.0,hard,-0.0487193420141305,0.4597112807600502,0.765384602971555,1.056140561441176,-2.0,1.1134219559648708,1.5347103474114134,1.3769881689478538
do_inflammation_low_0041,do_inflammation_low,inflammation,low,-2.0,hard,-0.6157156955259343,-0.8778488930047639,-1.365101827255149,-1.0606826979254294,-2.0,-0.3649045650184197,1.6485264401152513,2.1577132868947335
do_inflammation_low_0042,do_inflammation_low,inflammation,low,-2.0,hard,0.17623551786487476,0.17051326219127705,0.5630601422427854,0.40373989996641807,-2.0,1.4225503549038119,1.2502261242445627,1.3648551731870575
do_inflammation_low_0043,do_inflammation_low,inflammation,low,-2.0,hard,-0.41336217113706136,0.11400368303733532,0.8163936409485424,0.23142521926780257,-2.0,0.2690384492551902,1.3451312969059706,0.6750683601104732
do_inflammation_low_0044,do_inflammation_low,inflammation,low,-2.0,hard,-0.05159326931869196,0.46555102619605465,0.46989972483710946,0.03027879267634037,-2.0,-0.2617452598732069,0.679096318672658,0.5349400093500327
do_inflammation_low_0045,do_inflammation_low,inflammation,low,-2.0,hard,0.30302987789515956,-0.996893259031993,-0.6662745551221589,-1.3984811536258601,-2.0,-0.9354783443570928,1.6852473614834114,1.255363633258406
do_inflammation_low_0046,do_inflammation_low,inflammation,low,-2.0,hard,-0.5356251986595766,-0.4399263721841428,0.21138510730672339,0.6128304276421994,-2.0,0.13985730482494216,1.9339133262341937,2.1486524318196127
do_inflammation_low_0047,do_inflammation_low,inflammation,low,-2.0,hard,0.29101912896211823,-0.07589265034291301,-0.37789233615686213,-0.07012073037475525,-2.0,0.21567625478017088,1.0034915012612828,0.4681758886169589
do_inflammation_low_0048,do_inflammation_low,inflammation,low,-2.0,hard,0.327173710015719,0.0657665321215053,0.014692299220735679,0.06763056608178945,-2.0,0.6054608642197181,1.6079072188124883,0.7275514308488313
do_inflammation_low_0049,do_inflammation_low,inflammation,low,-2.0,hard,0.016629339964861916,-0.10890662777723475,0.9188489038420281,1.0500517182911637,-2.0,0.36272056107044925,1.7685373936537565,2.2109920237214644
do_inflammation_low_0050,do_inflammation_low,inflammation,low,-2.0,hard,-0.01054102408825729,-0.15635085951609265,0.5729498149668724,0.21998537928050232,-2.0,-0.003928272976550851,1.6207127369624224,2.0149606691567197
do_inflammation_low_0051,do_inflammation_low,inflammation,low,-2.0,hard,0.05242509549112859,0.1438955243690544,-0.24878881556719662,0.6595282054031666,-2.0,-0.16980011861692684,2.2097479993945837,2.866100349531041
do_inflammation_low_0052,do_inflammation_low,inflammation,low,-2.0,hard,0.2126593820335353,0.06143614261787367,0.18529743034404156,0.36611980739102756,-2.0,-0.17232176663199134,2.3113600722962273,1.9819250630061511
do_inflammation_low_0053,do_inflammation_low,inflammation,low,-2.0,hard,-0.46461910163851794,-1.5103338839917644,-0.5021719980421453,0.13372508817959128,-2.0,-0.6221715260398999,1.9582811374508793,2.769486108758833
do_inflammation_low_0054,do_inflammation_low,inflammation,low,-2.0,hard,0.07929405668307299,0.298748386482644,0.8202728284290264,0.7700389224705549,-2.0,1.009231615287982,1.4375853234656495,0.5047628532609922
do_inflammation_low_0055,do_inflammation_low,inflammation,low,-2.0,hard,-0.21514570588648294,-0.5322756264737982,-0.7517821882023787,-1.334862510888061,-2.0,-0.578572491371486,1.1474168014451076,1.1441057400999992
do_inflammation_low_0056,do_inflammation_low,inflammation,low,-2.0,hard,0.107338731919173,-0.010683003628294607,-0.12917462726927942,-0.47801665722691744,-2.0,0.6313920971311358,1.4710383691037714,1.3380272574000291
do_inflammation_low_0057,do_inflammation_low,inflammation,low,-2.0,hard,-0.0861064334962544,-0.41466160909396543,-0.4734227723392862,-0.7933192859281718,-2.0,-0.9447033159051152,0.9171351911663806,0.19926906626495766
do_inflammation_low_0058,do_inflammation_low,inflammation,low,-2.0,hard,-0.36457201474810874,-0.7002919486656036,-0.9705945246659384,-1.0794070526919692,-2.0,-1.30371464406472,1.722653884176121,3.281902292421326
do_inflammation_low_0059,do_inflammation_low,inflammation,low,-2.0,hard,0.7892926714678004,1.1277101369459999,1.4837870129649708,0.9216570356194598,-2.0,1.7118029676246522,0.7652684039264768,-0.9791302260749806
do_inflammation_low_0060,do_inflammation_low,inflammation,low,-2.0,hard,-0.1577002169413558,-0.9060168379293291,-1.1850646193376146,-2.1315399478167434,-2.0,-1.1899112178411402,1.7787485198405844,2.2125688021431182
do_inflammation_low_0061,do_inflammation_low,inflammation,low,-2.0,hard,0.711442080228261,-0.4633467660406569,-0.22200511548322605,-1.2839102379721798,-2.0,-0.18625760762979654,0.7897933005230862,0.3257967520350661
do_inflammation_low_0062,do_inflammation_low,inflammation,low,-2.0,hard,-1.0126266276226512,-0.4140538796002214,0.1832115511786105,-0.3908795550652554,-2.0,-1.1029676823436836,2.0179060098872696,3.22391150563323
do_inflammation_low_0063,do_inflammation_low,inflammation,low,-2.0,hard,-0.15943264772520857,0.16468084362904278,1.2223922768058317,1.0356983801116868,-2.0,0.915479077740906,1.8530314385948605,0.8309223027254915
do_inflammation_low_0064,do_inflammation_low,inflammation,low,-2.0,hard,0.00505539933893795,-0.6899237917524151,0.005624082264010122,0.21839976207304496,-2.0,-0.5270600128863453,-0.08925119045852914,-0.7052806889606593
do_inflammation_low_0065,do_inflammation_low,inflammation,low,-2.0,hard,0.0017230674329896428,0.48330713821149646,0.049278451658747,-0.3181695314719873,-2.0,-0.7335880533650463,1.4341752599601676,1.2368092547266711
do_inflammation_low_0066,do_inflammation_low,inflammation,low,-2.0,hard,-0.46334166831673745,-0.15141265399858683,0.8681020319215742,0.7334779750593247,-2.0,-0.686706893734942,0.32306603903612263,0.22491935631439364
do_inflammation_low_0067,do_inflammation_low,inflammation,low,-2.0,hard,0.2325994891871468,-0.15566968899093384,0.6580012184012712,0.4756212042389947,-2.0,0.13640314886259833,0.9574770979252966,1.2112700728632766
do_inflammation_low_0068,do_inflammation_low,inflammation,low,-2.0,hard,-0.2894675388163667,0.5406199312311716,0.9267644418878864,0.8528812065034677,-2.0,0.006228133172429984,0.8816070566392524,-1.0877613429545523
do_inflammation_low_0069,do_inflammation_low,inflammation,low,-2.0,hard,0.9629359048162188,1.1291852522167738,0.2586830856089761,0.6865956991976576,-2.0,0.97314365149294,0.23009334690179573,-0.3630956880042268
do_inflammation_low_0070,do_inflammation_low,inflammation,low,-2.0,hard,0.7173789527559481,0.8742305881525927,0.7865192124554407,1.493800685614823,-2.0,1.6496780650914165,1.558220138541751,0.3257610252775241
do_inflammation_low_0071,do_inflammation_low,inflammation,low,-2.0,hard,0.344510516849164,1.2131081113936666,2.1726422134804446,1.1083167663162536,-2.0,0.9416943108506961,1.394750747667531,0.7842169053848073
do_inflammation_low_0072,do_inflammation_low,inflammation,low,-2.0,hard,-0.5643342292594492,-0.07259450362427122,0.1990529030562724,-0.3404634286371316,-2.0,-0.19247665485425924,1.4598798603492167,1.354285486926766
do_inflammation_low_0073,do_inflammation_low,inflammation,low,-2.0,hard,0.03341045736816259,-0.13325832679682265,-0.3274651322492542,-0.2766974681409332,-2.0,0.13742262926361515,2.106651071131904,1.899732277029077
do_inflammation_low_0074,do_inflammation_low,inflammation,low,-2.0,hard,-0.3696052675269443,0.28155837665089634,0.24402892031916357,-0.3729314189564847,-2.0,-0.2824180655562593,0.8250111159208467,1.2169593482557424
do_inflammation_low_0075,do_inflammation_low,inflammation,low,-2.0,hard,-0.5148000612158891,-0.15744510012442084,0.4924348346237377,1.253369427466012,-2.0,0.029752685955073244,1.6774487479290519,2.8356953546982795
do_inflammation_low_0076,do_inflammation_low,inflammation,low,-2.0,hard,-0.5184536567918528,-1.027419862173848,-1.3998420401359637,-0.800117486268927,-2.0,-0.3307363830127514,1.241884932386876,2.336666129895866
do_inflammation_low_0077,do_inflammation_low,inflammation,low,-2.0,hard,-0.30446462893302895,-1.278012986800166,-1.6405089859192743,-1.831678385639559,-2.0,-0.2992326248686654,2.0944936141966988,1.9890577232470334
do_inflammation_low_0078,do_inflammation_low,inflammation,low,-2.0,hard,0.47601259434805027,0.8017799688872869,0.5634714363779336,0.7225451881152427,-2.0,0.058754169963775194,0.5437269139909973,1.0698855517800026
do_inflammation_low_0079,do_inflammation_low,inflammation,low,-2.0,hard,0.003297317083980605,-0.6818927107292524,-1.3844487455742218,-1.571040664749316,-2.0,-0.682725651525432,1.5362097988515715,1.7348627905061282
do_inflammation_low_0080,do_inflammation_low,inflammation,low,-2.0,hard,0.003091957161990342,0.2890470316570333,-0.1321072516565261,-0.31107253688765074,-2.0,0.7210082249638623,2.040483325611887,1.0589515183515796
do_inflammation_low_0081,do_inflammation_low,inflammation,low,-2.0,hard,-0.04527356349643389,-0.9041706482677155,-1.4760176629263784,-0.45372208245836754,-2.0,0.02967187918536826,1.9109404374537262,1.8319662760016429
do_inflammation_low_0082,do_inflammation_low,inflammation,low,-2.0,hard,0.48157309538101933,0.7909415152316656,0.7500927776084236,0.16108397658696394,-2.0,0.4310960546971685,1.2410943701383508,0.7731978879301444
do_inflammation_low_0083,do_inflammation_low,inflammation,low,-2.0,hard,1.4288466203227494,0.7517976058426501,0.14475015803157276,-0.7120391810813447,-2.0,-0.4570333631136032,0.9359838044617881,1.3524598285808525
do_inflammation_low_0084,do_inflammation_low,inflammation,low,-2.0,hard,0.905547661150661,0.9144988966591612,0.8006227575035204,0.521252351743322,-2.0,1.1717816926076794,1.1386278344704366,0.7701385655328581
do_inflammation_low_0085,do_inflammation_low,inflammation,low,-2.0,hard,-0.8407529800099532,-0.4720393176056179,-0.12943253838373175,0.5635509315395294,-2.0,-0.20884628260612037,2.021138954770081,1.4372529267253424
do_inflammation_low_0086,do_inflammation_low,inflammation,low,-2.0,hard,0.749585185868232,1.1838560565302227,0.9454993254431215,0.6000190068268638,-2.0,0.6716304466587275,0.9402523643976801,0.7033853007933151
do_inflammation_low_0087,do_inflammation_low,inflammation,low,-2.0,hard,-0.3574568775592469,-0.39471970428945446,-0.5579149642497062,0.10714207966150763,-2.0,-0.9734989788599073,0.7888725181453817,1.6253088023933455
do_inflammation_low_0088,do_inflammation_low,inflammation,low,-2.0,hard,0.18045749557281687,-0.2814041766161697,-0.005215432668591036,-0.5534480656826454,-2.0,-0.5626757612235929,1.4047604166822003,0.8883519154895825
do_inflammation_low_0089,do_inflammation_low,inflammation,low,-2.0,hard,0.12685143891052145,0.8291868493695631,1.515487751652261,2.2451202189949204,-2.0,2.4011547176179446,1.4558120852572705,1.3312626273538068
do_inflammation_low_0090,do_inflammation_low,inflammation,low,-2.0,hard,-0.390877124421005,-1.091317339703815,-0.651260731132453,-0.42184732871509384,-2.0,-0.6987757906124524,1.7874209374871324,1.3232736811249914
do_inflammation_low_0091,do_inflammation_low,inflammation,low,-2.0,hard,-0.20777158339089788,-0.588761372306989,-0.5464132830647102,-0.7994005895241024,-2.0,-0.8823220935990707,1.3865879523999805,3.075865124819008
do_inflammation_low_0092,do_inflammation_low,inflammation,low,-2.0,hard,0.1363197851710323,-0.26707499979656907,0.1182586691724927,-0.6474243093068625,-2.0,-0.8658477666587773,1.095620565401747,1.8888881468248968
do_inflammation_low_0093,do_inflammation_low,inflammation,low,-2.0,hard,-0.6116568869296914,-0.8055560018987994,-0.8866373419851061,-1.0097904126808739,-2.0,-0.35087049821719923,2.4309337770807478,2.3432320024705082
do_inflammation_low_0094,do_inflammation_low,inflammation,low,-2.0,hard,-0.3767304195787057,0.210819904540044,-0.26947804163428163,-0.04993614889177593,-2.0,-0.17101278879893925,1.2739160487550214,1.04450281752569
do_inflammation_low_0095,do_inflammation_low,inflammation,low,-2.0,hard,0.2894409501330208,0.9791893781494998,1.3785125708586305,1.0858204631899822,-2.0,0.8978313655042705,0.862647979926114,-0.5315782337714148
do_inflammation_low_0096,do_inflammation_low,inflammation,low,-2.0,hard,1.1837822319033569,2.1017145404854047,2.2696702574217897,2.798845296709015,-2.0,2.2144524531478194,0.9621481733911831,-0.15596621449510567
do_inflammation_low_0097,do_inflammation_low,inflammation,low,-2.0,hard,0.2642080245334413,-0.2735642835498562,0.30341620114601253,0.4158444248384978,-2.0,0.14224689297367932,2.284253042813854,2.0610284080299293
do_inflammation_low_0098,do_inflammation_low,inflammation,low,-2.0,hard,-0.7805696457881062,-0.39352425920146183,-0.8544224688232369,-0.14465172452429492,-2.0,-0.7010011261616081,2.0048115377244096,2.971584960366826
do_inflammation_low_0099,do_inflammation_low,inflammation,low,-2.0,hard,0.1289023971584708,-0.3208226109664687,-0.08862789147848951,-0.888015505209002,-2.0,0.7131692145217616,1.4450977744030573,1.1875447487115849
do_function_high_0000,do_function_high,function,high,2.0,hard,-0.4456426423030576,-1.0426011316370227,-0.061874008282584714,-0.7960349225277782,-0.8437723144887217,-0.1546805473937179,2.0,3.2631476793207197
do_function_high_0001,do_function_high,function,high,2.0,hard,-0.37539374555463323,-0.6497873486123067,-0.3883579817263667,-0.8913806539038419,0.517684333387874,-0.5791074019346011,2.0,1.9387575655070657
do_function_high_0002,do_function_high,function,high,2.0,hard,-0.22899165177470168,0.31295323629290706,0.7405338994406581,0.9602087009466023,-0.17570828668433386,0.42672107439311924,2.0,1.8416283487337877
do_function_high_0003,do_function_high,function,high,2.0,hard,-0.9486088517872617,-1.0771271690077082,-1.6523490712214894,-1.0174324737093878,-0.8887572556853758,-0.6212447447288878,2.0,2.276069217738582
do_function_high_0004,do_function_high,function,high,2.0,hard,-1.2747902974855239,-0.41257380636473656,0.24904664561194007,0.9480434200416805,0.010521729467556362,0.10342709631871613,2.0,0.6425397496938521
do_function_high_0005,do_function_high,function,high,2.0,hard,0.6091332825211719,0.10902247912291968,0.35385991261991134,0.12641150639311424,0.09858389520032759,0.7829952360016704,2.0,0.546389179671942
do_function_high_0006,do_function_high,function,high,2.0,hard,-0.12852057416697174,0.10117207405984704,0.4172023543471748,-0.30662391322574273,-0.23610425737967417,0.13970241154568877,2.0,1.8526511145658995
do_function_high_0007,do_function_high,function,high,2.0,hard,0.48938313158592656,0.04622919778073897,-0.09809904307612063,-0.5171412250697254,1.3093575647582192,-0.9920979034329283,2.0,1.9799847069915844
do_function_high_0008,do_function_high,function,high,2.0,hard,-0.9737811329249283,-1.0316141792716496,-2.014845220430358,-1.3975209183049524,0.12133868387127279,-1.5118321214902486,2.0,3.055340980523567
do_function_high_0009,do_function_high,function,high,2.0,hard,-0.013796535100598587,-0.29877445617551207,1.1867550521622545,1.4887315597500699,-1.6016782393428797,-0.32480822800753306,2.0,2.1097184338938373
do_function_high_0010,do_function_high,function,high,2.0,hard,0.7990949608503157,-0.3349678132575268,-0.12955391749495737,-0.3967213546017202,-0.012692898528310837,-0.20312157491469096,2.0,1.9698785125917309
do_function_high_0011,do_function_high,function,high,2.0,hard,0.2195848952390838,0.8864823276925601,0.6238153735474865,-0.017791909010544726,1.5458976616837798,-0.4047378394852392,2.0,1.3595109382654629
do_function_high_0012,do_function_high,function,high,2.0,hard,-0.1427890046472629,-0.7964541340780761,-0.7100512553719702,-0.8691926334275788,0.10990662231026363,-0.49124325203453584,2.0,2.6247837521880055
do_function_high_0013,do_function_high,function,high,2.0,hard,-0.2558200471767896,-0.379065082559243,0.009290680455998679,-0.03793359273170551,0.6258194371685795,-0.20439849242570912,2.0,2.9310710262865585
do_function_high_0014,do_function_high,function,high,2.0,hard,0.40118488713905737,0.5063660525426897,1.4013357194712401,1.1097710727137982,-0.6955193709406535,0.6591214287528012,2.0,1.7223196416962943
do_function_high_0015,do_function_high,function,high,2.0,hard,0.952336211135302,1.3198767929903847,1.5070353969854988,0.8501460649674393,-0.12015269635431136,-0.010142658250720249,2.0,0.8471456908459206
do_function_high_0016,do_function_high,function,high,2.0,hard,0.16089596685115704,0.024037685503214293,-0.7396021101170396,-1.5055355666722048,2.043358020146342,-0.5675008225647343,2.0,2.6712729112864455
do_function_high_0017,do_function_high,function,high,2.0,hard,0.24448211351930535,0.25624372497401493,-0.46183577650984886,0.026078888098034103,0.8147039751293184,0.3654636955434395,2.0,2.000582159944625
do_function_high_0018,do_function_high,function,high,2.0,hard,0.13082549843477942,-0.5336889394349189,0.1556458459026534,-1.1331638825851835,0.473759003424836,-0.11998163481093671,2.0,1.9239217195908733
do_function_high_0019,do_function_high,function,high,2.0,hard,0.2690215651419357,1.250331522821112,1.6219853200516738,1.3329203174199569,-0.19695949848891403,1.157567079239689,2.0,0.7627807139887534
do_function_high_0020,do_function_high,function,high,2.0,hard,0.8331451695185768,1.089696451445937,0.7530978737300752,0.8571536814942523,0.06298152441538052,0.8176916304235486,2.0,0.5300990264012686
do_function_high_0021,do_function_high,function,high,2.0,hard,1.7646936581885637,0.8299004798541623,1.294260221631065,1.112517796861487,0.06479953325655044,0.6938531080931729,2.0,1.6941059698373329
do_function_high_0022,do_function_high,function,high,2.0,hard,0.5579430026408226,0.7331612860597518,1.4332383780167288,1.0959114396709975,0.12471062197558361,0.3158529966559583,2.0,1.0732665366063598
do_function_high_0023,do_function_high,function,high,2.0,hard,0.05507554846808022,-0.06341501921096722,0.9482126739355553,1.407072454672809,-1.5498099107469285,0.7218179978645777,2.0,1.6443122975154774
do_function_high_0024,do_function_high,function,high,2.0,hard,-0.33640767044774517,0.3765191074315972,-0.2094495537125119,0.026933382943193144,-0.1150033344217723,0.006696486526993645,2.0,2.4174463526960706
do_function_high_0025,do_function_high,function,high,2.0,hard,0.6496310622237292,1.2036794118593646,0.21977544845169894,0.0920629952665428,0.6435176963752396,0.5210901475855619,2.0,1.0386354550422265
do_function_high_0026,do_function_high,function,high,2.0,hard,-0.8639417327118672,0.008961070806993376,0.23643728896223304,-0.1372775520390005,0.20736254214021602,-0.31344702724721385,2.0,2.1332870339662064
do_function_high_0027,do_function_high,function,high,2.0,hard,-0.7468322689001393,-0.5120432735104942,-0.6301594991730703,-0.45721543213274385,0.7778938508782007,-0.5843234460317192,2.0,2.7427760618951083
do_function_high_0028,do_function_high,function,high,2.0,hard,-0.9071904353765057,-0.346154564588861,-0.8814045443416494,-0.3214683427128442,0.24790711405902136,-0.2887593852960384,2.0,2.4548639860935895
do_function_high_0029,do_function_high,function,high,2.0,hard,0.5856283306032604,1.0795646690816185,1.0861552593310004,-0.2796763908770963,1.2906326514505737,-0.46097647201053693,2.0,1.4340770677689372
do_function_high_0030,do_function_high,function,high,2.0,hard,0.7310781460731387,0.9371624801218654,0.8292532196303086,0.9977275742820896,-0.34101808187422394,0.8316343985676887,2.0,0.5499756570439008
do_function_high_0031,do_function_high,function,high,2.0,hard,-0.6394353286573742,-0.9179118938972681,-0.39964425241894885,-0.5202706695599859,0.19449213146646305,-1.2485251970274343,2.0,2.70112257405546
do_function_high_0032,do_function_high,function,high,2.0,hard,-0.009009579741911224,0.10108789490902303,0.1890556726903196,0.1603728047981344,0.02814259627709393,0.3908659171505848,2.0,0.9552336062200616
do_function_high_0033,do_function_high,function,high,2.0,hard,-0.13922899725989482,-0.05296793216334765,-1.0094677745621286,-1.0750064054879758,1.4175886147352854,-0.4094047084915271,2.0,2.0726548251683896
do_function_high_0034,do_function_high,function,high,2.0,hard,-0.08528316256421067,0.007037182553918053,0.06434882381562342,1.0526180422913631,-0.9280527273261351,0.6099303353057162,2.0,1.2358207979578473
do_function_high_0035,do_function_high,function,high,2.0,hard,-0.44074933271942035,-0.12564438196734276,0.06794588193963597,0.10784181227529122,-0.44398313020870095,-0.3348177698799864,2.0,2.5961904792729564
do_function_high_0036,do_function_high,function,high,2.0,hard,-0.9461293084517296,-1.4730041043677446,-2.276430057039829,-2.580939389593824,0.7739030832822898,-1.3357492639773811,2.0,2.1229671870009157
do_function_high_0037,do_function_high,function,high,2.0,hard,0.4066439389115916,0.33517778994601166,0.49690668052481757,0.4376249500044956,0.056814213930014415,0.5629835691678998,2.0,1.5130190563389108
do_function_high_0038,do_function_high,function,high,2.0,hard,0.24309253061238156,0.7506097543996835,-0.39330839342958657,0.3567931177787144,-0.30765397771905684,0.2764112987204218,2.0,1.483655400255348
do_function_high_0039,do_function_high,function,high,2.0,hard,0.005050450436965744,0.47250049024216484,-0.002979834631243461,0.4702448158092679,-0.1309670087017428,0.2998576461333987,2.0,2.3192683078601655
do_function_high_0040,do_function_high,function,high,2.0,hard,0.4699483356179876,0.7717209815954287,0.3733649668562215,-0.10471830079677846,-0.2404334488559723,-0.09467985036967785,2.0,1.0701392133219434
do_function_high_0041,do_function_high,function,high,2.0,hard,0.31961053736683415,0.9031713158880024,0.33067197846622637,0.24105968082551282,1.3584264615389772,1.0126853776916793,2.0,1.4334547767281793
do_function_high_0042,do_function_high,function,high,2.0,hard,-0.05330817330311284,0.4834849669068221,0.21197743159222646,-0.10421068119405402,0.40746137304226254,-0.6268769946111793,2.0,1.7429880072621267
do_function_high_0043,do_function_high,function,high,2.0,hard,0.7572275279164312,-0.07962042644513623,-0.1180222484255907,-0.31184104447627475,0.03213027666323659,0.1531994044505056,2.0,2.1911605173576314
do_function_high_0044,do_function_high,function,high,2.0,hard,0.20919696906537558,-0.2506039075607242,-0.2611469518622539,-0.4256672735581898,0.5889249904941513,-0.18563243703915905,2.0,1.9943829892439737
do_function_high_0045,do_function_high,function,high,2.0,hard,-0.03555919816361827,-0.4905365432542913,-0.6108771409086607,-0.2609217832529055,0.896836791040589,-0.11173439732115328,2.0,0.6074266653704625
do_function_high_0046,do_function_high,function,high,2.0,hard,-0.13599930311300115,0.9124767737835638,0.922700021440154,1.3787551097852249,-0.03416818364535987,1.0951668287882943,2.0,1.092982177078493
do_function_high_0047,do_function_high,function,high,2.0,hard,-0.11359643308555897,0.898652534852988,1.4237780464524679,0.9794833087592374,0.25044108146330624,0.20427632206663843,2.0,1.5553183613216464
do_function_high_0048,do_function_high,function,high,2.0,hard,0.139808593078272,-0.1251677527595523,0.11600213166821476,0.38621731798849523,-0.013922437326196635,-0.3204934974236434,2.0,1.4656253962446057
do_function_high_0049,do_function_high,function,high,2.0,hard,1.1096362323977673,1.4003064316626905,0.85301432874822,0.9163000869234916,0.7605675463386774,1.6747237406565727,2.0,1.5449904968858785
do_function_high_0050,do_function_high,function,high,2.0,hard,0.30505712704869375,-0.5285195286600353,-0.053674608716203054,-0.5367482720818011,0.15042606666833977,-0.410667762628826,2.0,1.7685257763262534
do_function_high_0051,do_function_high,function,high,2.0,hard,-0.0017296361019543546,0.5874976835140657,0.254193874204214,-0.22185114247257098,1.5402683160503128,0.3690700812118733,2.0,0.8716909144856044
do_function_high_0052,do_function_high,function,high,2.0,hard,-0.40274868858278573,-0.5140356708084177,-0.9606900835937706,-0.33604362466216015,-0.10947168802157659,1.5061713875339127,2.0,1.6421133047160872
do_function_high_0053,do_function_high,function,high,2.0,hard,0.5234484553830355,-0.5126788080717846,-0.08011676257586586,-0.10363797284077636,-0.4527764212188224,-0.35878252406640737,2.0,2.2300370606998143
do_function_high_0054,do_function_high,function,high,2.0,hard,-0.2567805885027073,0.9758640994503086,1.226787574049641,1.8860947116086098,-0.9914382333624606,0.7917893798606245,2.0,0.9719159574163161
do_function_high_0055,do_function_high,function,high,2.0,hard,0.05041318406480489,-0.5342310747679108,-0.5373991279734417,0.22891958234059195,-0.8935478557731366,0.29788935241013803,2.0,2.637647860461697
do_function_high_0056,do_function_high,function,high,2.0,hard,-0.10053277948498528,-0.2073667045652952,0.16024257103013392,0.1525060533403128,-1.1279633750899458,-0.1090539831116756,2.0,2.0712802612403802
do_function_high_0057,do_function_high,function,high,2.0,hard,-0.06288584925103943,-0.3668043271179481,-0.09365592776847873,-0.22124341825367227,-0.259664359473632,-0.36155966825454955,2.0,2.0762483575999644
do_function_high_0058,do_function_high,function,high,2.0,hard,0.10843771809468088,-0.1963955285035412,0.0839348755840833,-1.447988044876096,0.8378812993611547,-0.691443491181027,2.0,3.0798196062166183
do_function_high_0059,do_function_high,function,high,2.0,hard,1.0666033857811825,0.25673570860860595,1.0925158070229202,0.8615531573144405,-0.5620498420341443,0.25139386877573344,2.0,1.2285074150250228
do_function_high_0060,do_function_high,function,high,2.0,hard,0.40836839540809444,0.5741450029884155,-0.11128477761690003,-0.5642210454077057,1.4140652879401574,0.25738685452857524,2.0,1.4089836905118218
do_function_high_0061,do_function_high,function,high,2.0,hard,0.08711787187958442,0.7334502296720481,0.3472721259302887,0.3875383022790541,0.7566741841946629,0.12578370273005474,2.0,1.7383751372207021
do_function_high_0062,do_function_high,function,high,2.0,hard,-0.13348816019944112,0.08065377974880028,-0.16202736362472941,-0.09820363297622103,-0.3637145390261096,-0.42536056722188176,2.0,1.8380183740585352
do_function_high_0063,do_function_high,function,high,2.0,hard,0.24626710648084812,0.10427496826262347,-0.6395433483031989,-0.2808671871479431,-0.16579786092798887,0.09038612198083294,2.0,1.9149466923752045
do_function_high_0064,do_function_high,function,high,2.0,hard,0.2962134916426997,-0.5748584928916167,-0.26587710797415276,-0.6039233613858622,0.3436635630976077,0.07145618770485185,2.0,1.6662145202562861
do_function_high_0065,do_function_high,function,high,2.0,hard,-0.27161186434131296,-0.23341647148015968,-0.40147444520409203,-0.13337306973105106,-0.38923262486329885,-1.3131684400023889,2.0,2.04434769195712
do_function_high_0066,do_function_high,function,high,2.0,hard,-0.21851217234641773,-0.8199090311804649,-0.7550740262107284,-1.0765706743992054,-0.3249336840814808,-0.4262656065305964,2.0,3.09955015386561
do_function_high_0067,do_function_high,function,high,2.0,hard,0.2574786612569453,1.0609744260423744,0.6575437260152865,-0.2618188993443028,1.880280197525185,-0.043033135106916615,2.0,1.7682751412850832
do_function_high_0068,do_function_high,function,high,2.0,hard,-1.004703805306627,-0.8259031164940797,-0.7461420080478779,-0.28536641530465096,-0.7704433819014835,-0.7040798770281889,2.0,2.6944950534437933
do_function_high_0069,do_function_high,function,high,2.0,hard,0.22195330683855513,-0.7058187453934689,-1.4071229883588217,-1.4449392396985532,0.553439390660871,-0.4186435800321689,2.0,2.411854422994872
do_function_high_0070,do_function_high,function,high,2.0,hard,0.9702712367435968,1.0212700984687535,1.2452266342847504,0.3373702508714559,1.0701631584945603,0.5817836689554863,2.0,1.225958573597627
do_function_high_0071,do_function_high,function,high,2.0,hard,-0.7394112428439872,-0.4004830382773983,0.7300841462569946,0.47483935688446827,-0.3288255483356487,-0.17014159819431285,2.0,2.4199867407182367
do_function_high_0072,do_function_high,function,high,2.0,hard,0.606754063373287,0.786466192251138,0.5690342590360248,0.7354262396585284,0.5083191042346441,0.6397754615367476,2.0,2.2825704036123833
do_function_high_0073,do_function_high,function,high,2.0,hard,0.6304571554896692,0.6452155173906684,0.7518403576634509,0.8968244807681285,-0.3488787148897551,1.3181361467512103,2.0,0.6751495164823805
do_function_high_0074,do_function_high,function,high,2.0,hard,-0.390978823703592,0.4069310847221221,1.2545799171310315,1.4873376358542858,-1.1566925739686957,0.3685889803260525,2.0,2.2240800796061797
do_function_high_0075,do_function_high,function,high,2.0,hard,0.4644990076433143,-0.25448069519264,-0.20679529464177113,0.05978449089650195,-0.712196674099239,-0.07608078877020641,2.0,1.6060677289984957
do_function_high_0076,do_function_high,function,high,2.0,hard,0.27544552829646946,0.34016839147919364,-0.35646316077867063,-0.9897007001594893,1.3499290095554544,0.23602078157625955,2.0,1.3947814693879854
do_function_high_0077,do_function_high,function,high,2.0,hard,0.3167782246511502,-0.30567812806099826,-0.09524503574711676,0.17969279086121964,0.34237294312680533,0.14658641629073393,2.0,1.6784026529467724
do_function_high_0078,do_function_high,function,high,2.0,hard,-0.4569342706417929,-0.13525604852117123,0.12115067582359748,0.7397459261863074,-0.9413601061842245,-0.1620391266613914,2.0,2.095870038752812
do_function_high_0079,do_function_high,function,high,2.0,hard,0.4674337207439329,-0.42203682113027785,-0.8747511143332993,-1.6268555159457856,0.5442172962339169,-0.5465773908785887,2.0,1.8766368976712453
do_function_high_0080,do_function_high,function,high,2.0,hard,-0.22188787610624,-0.163587484692455,0.2469558378529841,0.4308482735998862,-0.11648959660814706,0.6871931072118216,2.0,1.3795846261018805
do_function_high_0081,do_function_high,function,high,2.0,hard,0.03199327369008412,0.7552933478320384,1.0459757595363266,1.0916549631010768,0.22719733649881527,1.1976940471307258,2.0,0.4296877630798347
do_function_high_0082,do_function_high,function,high,2.0,hard,0.4484539612978221,0.026834493308562024,-0.40981187364700755,0.0441509163916835,0.38641233412100756,0.33471787878505643,2.0,1.2631392394250496
do_function_high_0083,do_function_high,function,high,2.0,hard,0.5721217442081,-0.5605588869143692,-0.22159054206142892,-0.6588958615906491,-0.3300432765365637,-0.05313367224744432,2.0,2.250665244264418
do_function_high_0084,do_function_high,function,high,2.0,hard,-0.35011393958869247,0.04739855465573087,0.23994627149009756,0.5472283790545474,0.7608245360600511,0.36174199034928023,2.0,0.9160310263532047
do_function_high_0085,do_function_high,function,high,2.0,hard,0.9140494321242798,0.3734885529175184,1.1099800891273448,0.8431386961236924,-0.1832929947540114,1.200238661120064,2.0,1.3191969448766905
do_function_high_0086,do_function_high,function,high,2.0,hard,0.14171715651173167,-0.12865563451578133,-0.9340849246593057,0.20809207752147085,-1.5542898784268773,0.3240275580464027,2.0,2.8132152314964873
do_function_high_0087,do_function_high,function,high,2.0,hard,0.3697263742306159,0.9730157085809532,1.2947827800599794,1.2851063514117338,-0.012687112682887858,0.7667258059768013,2.0,1.605411592349092
do_function_high_0088,do_function_high,function,high,2.0,hard,-0.2520184728541127,1.2893138760091263,1.0406454505867355,0.7813092317520459,0.8198660376448127,0.650667606394522,2.0,1.2999646526945745
do_function_high_0089,do_function_high,function,high,2.0,hard,0.38764120668453184,0.37911483082144487,0.33142265428039974,-0.014178808035088586,0.8955151947536644,0.08019076200261317,2.0,0.9076993690615929
do_function_high_0090,do_function_high,function,high,2.0,hard,0.5845239610744369,-0.24007820749467773,-0.20747748710425218,-0.27590982256691365,0.2297829157353014,-0.314901372203995,2.0,1.2937147895622663
do_function_high_0091,do_function_high,function,high,2.0,hard,-1.1465665328191428,-0.6032428027433884,-0.6544291702975641,-0.9808770570031602,-0.08567637396092875,-0.6519644784747347,2.0,1.9760676278624791
do_function_high_0092,do_function_high,function,high,2.0,hard,0.013507537757173331,0.057836610924573977,0.2115124480163493,1.7028165974466822,-1.3338637999900216,0.6682477877870551,2.0,1.5487966847893468
do_function_high_0093,do_function_high,function,high,2.0,hard,-0.6194649762187981,-1.4683412848580013,-1.8620006200631367,-1.9348454987159114,0.8276288811487489,-0.7628387159215433,2.0,2.562197526874544
do_function_high_0094,do_function_high,function,high,2.0,hard,-0.21731858313567254,-0.11527848817033265,0.385290696647131,0.29027954185097965,-0.05553817003846917,0.09420442276603129,2.0,2.215911535267553
do_function_high_0095,do_function_high,function,high,2.0,hard,0.4453494828737417,-0.12145928426306829,0.13006837622759387,-0.8041901315534516,0.6847266617703167,-0.7615344065756339,2.0,1.9596020768408606
do_function_high_0096,do_function_high,function,high,2.0,hard,-0.29350165525713257,-0.5474041150688436,-1.2305397451556925,-0.7635665716496429,0.1591456157035612,-0.7625421827966707,2.0,2.1204664593949767
do_function_high_0097,do_function_high,function,high,2.0,hard,-0.5961714717398633,-0.11242263023885118,-0.17490698845374208,-0.24007573886612643,-0.12933028428090584,-0.25071469489839393,2.0,1.7899068692224556
do_function_high_0098,do_function_high,function,high,2.0,hard,0.030998927746147,0.09868786221111978,0.5519090318615669,0.5661533263076135,-0.17076871719871553,-0.3015816473931191,2.0,1.2757409671215034
do_function_high_0099,do_function_high,function,high,2.0,hard,-0.3539126865884869,0.09504538943603225,0.22187964461143117,-0.12692369408661763,-0.19966538294431732,-0.49269690669734745,2.0,0.7139190921639911
