sample_id,regime,target,level,intervention_value,intervention_type,comorbidity,severity,diagnosis,treatment,inflammation,side_effects,function,recovery
observation_0000,observation,,baseline,,none,-0.39656123757894957,0.7514647802482122,0.8750438807007961,0.4253073238612153,0.13105389439086526,-0.8855406075154055,-0.19877163772578396,-0.359952802053517
observation_0001,observation,,baseline,,none,0.12028564176913743,0.4372629703643363,0.8117251319589608,0.9083204020592401,-0.5511008025456664,0.010230404908991575,0.173137274620494,-0.5895810463711031
observation_0002,observation,,baseline,,none,-0.9481631747995328,-1.2117201061314158,-0.8827166925152132,-0.44691290594188177,-0.7438775269785767,-1.5786860084301562,0.3339955780832633,1.28164318175264
observation_0003,observation,,baseline,,none,0.6978858550543471,-0.07711603327929606,0.27579641106263364,0.3345747314020535,-0.2779026238164241,0.23060624235737212,-0.009322988034428548,-0.14200719715210053
observation_0004,observation,,baseline,,none,0.3191473704641076,-0.25296468363696833,-0.8133973326016078,-0.9825008136952788,0.4568231525770814,-0.587585262150816,0.17970245738190355,1.0278000526619964
observation_0005,observation,,baseline,,none,-0.14602374260968173,0.14248634970512994,0.35214113797615654,-0.095258702586768,0.7735010393888595,0.7584431598537962,-0.1298369244788432,-0.7716415670569134
observation_0006,observation,,baseline,,none,-0.15597466409508787,0.5235283298410147,0.4165407839448889,1.3467259792989013,-1.3905360305619643,0.2063048987493727,1.3786234940688786,1.8688198368710318
observation_0007,observation,,baseline,,none,0.15191768388940619,-0.8525356419201356,-0.8105286560353305,-1.0670847596907045,-0.1651187497467861,-0.4146014446031245,0.2519580592382729,0.8920656167743682
observation_0008,observation,,baseline,,none,-0.1338301511021698,0.21094135002013023,0.8399145783603683,0.161496838950145,0.3859539992156313,0.22025614907373664,-0.12351155368298602,-0.9884089665574265
observation_0009,observation,,baseline,,none,-0.1129544305816068,0.38485987867412863,0.10203842511272057,0.10704916490949697,0.11691836457753468,0.6892695305009485,-0.007471747309713145,-0.6913542777902603
observation_0010,observation,,baseline,,none,0.36003391000455653,0.4100084741789076,0.03570485458464301,0.1893052892813437,0.0931941747092917,0.4494828135129748,-0.7324738906981367,-0.9036519556417539
observation_0011,observation,,baseline,,none,0.25735260288688494,1.7982630140497262,0.9616527515467596,0.8596502727782038,0.7796800458136415,0.8876475083216742,-1.2052336412267335,-1.855979599808947
observation_0012,observation,,baseline,,none,-0.032063967817091525,0.24517964922008947,0.07286113485042484,0.32974308495752636,0.4324870465465882,1.0291404068604153,-0.7869088240988595,-1.607632483510866
observation_0013,observation,,baseline,,none,-0.04273828159293097,-0.013670880516753189,0.5230393347190857,0.8582292257899671,-0.35179671297717086,-0.44072298326437437,0.7227785964060092,-0.07066294556268593
observation_0014,observation,,baseline,,none,0.08045816133282228,0.3615814844851994,-0.5084714773275814,-0.35902706242831683,-0.050390273781499295,-0.4540464150132576,-0.3210571958917049,-0.33090869329429684
observation_0015,observation,,baseline,,none,-0.3070091972594528,-0.4869948176587662,-0.3126863282089001,0.18523533365132644,-1.1556065118191436,-0.2370573049941955,1.21027383334763,1.1721315850598493
observation_0016,observation,,baseline,,none,-0.20187513232813845,-0.6909450693885163,-1.8882314373855928,-1.7290342709789523,0.5539537844780352,-0.9974069827961397,-0.9190906327586238,-0.002195761344971847
observation_0017,observation,,baseline,,none,0.27413009010320905,0.40298123271455005,0.01755372488791157,-0.19416092150849393,0.44896967898801543,-0.3227574702521519,-0.5478983508213265,-0.3474375190118587
observation_0018,observation,,baseline,,none,-0.06524139657043185,0.5311439118313015,0.6967754877004777,1.5123273168017997,-0.2785532447664022,1.2435432782622504,-0.29274602613842543,-1.3992639946741567
observation_0019,observation,,baseline,,none,-0.6872130878383618,-0.598517861611756,-0.8079459892110109,-0.31819579082744964,-0.342690048961355,-0.7628921983359307,0.7838523870899086,1.5181247626128616
observation_0020,observation,,baseline,,none,-0.23863935981660342,0.2958124171383313,-0.334786526461775,-0.06471334040549064,0.9788202188885413,-0.47305226601295935,0.37270373346286134,0.17282110048389693
observation_0021,observation,,baseline,,none,0.3283108026467689,0.04193070904002197,-0.1463793255440731,-1.1098888580866908,1.8582584640438107,-0.21387085470257639,-2.038346865166565,-1.2799829660936357
observation_0022,observation,,baseline,,none,-0.11614138604163898,0.7343966090713101,1.155511248823092,0.48101330352473826,-0.15776877665894062,-0.1961736522607031,0.282113419308184,-0.04529264072888248
observation_0023,observation,,baseline,,none,-0.07436640511816169,0.05533833390090625,0.7957720062486987,-0.16604216831163954,0.26849268777014457,-0.657461006498276,-0.595276674032455,-0.5545700360922521
observation_0024,observation,,baseline,,none,0.3209183140856192,0.49179975214843674,1.198725063738698,0.9774176588299854,0.1770828970750351,-0.055658781253924206,0.12977352450154248,0.03891585622434389
observation_0025,observation,,baseline,,none,0.9123051524577178,1.0216964189579683,1.2606710500848013,1.014673505004338,0.22621054448437622,0.7824893889212753,0.40777145294196215,0.23393799040062305
observation_0026,observation,,baseline,,none,-0.35659433593414386,-0.9256550641112564,-0.6527999176804766,-0.4988683577961214,-0.2597641916659258,0.09157732815850828,0.014545743621497464,0.293093406307639
observation_0027,observation,,baseline,,none,0.6741034067170488,0.38080866971116584,0.8356469559171471,1.0835605656683955,-0.7501741392368672,1.1837073236354845,0.8232478139745745,-0.4521894850748339
observation_0028,observation,,baseline,,none,-0.6150063876699302,0.48975923305466235,-0.1374027087274038,-0.5502556046911041,0.6079181950591533,-0.32192251157152413,-0.3061704206375082,0.23969116306205115
observation_0029,observation,,baseline,,none,0.08748881137018696,0.07948845302893076,-0.41306171258304064,-1.015041973218652,0.9891699311285929,-0.4390281066792694,-1.0924131459794229,-1.154251095184849
observation_0030,observation,,baseline,,none,-0.5847647597561931,0.29196804450066066,0.9085492411857251,0.5216161855362493,0.3469528124365037,-0.27620056494856104,-0.26895682980281244,-0.9056005813992247
observation_0031,observation,,baseline,,none,0.6757290922520935,0.9150557843758134,1.2516868479775949,1.2881880092873983,-0.7284837492619518,0.8414093036190767,0.8948217245159491,-0.5574920631360518
observation_0032,observation,,baseline,,none,0.4169614983591259,-0.6219914684982351,-0.12225123946568323,-0.2778228056518596,-0.40465005860453035,-0.6085274475601841,0.37209581708091144,1.3516009488840202
observation_0033,observation,,baseline,,none,0.5688583923275341,0.7518862101674553,0.7876104911665309,0.15524844008904426,1.457493279330192,0.3577823991674278,-1.2308149528707322,-0.6426750130936214
observation_0034,observation,,baseline,,none,-0.44276657727774804,-0.8540806273372805,-1.1811700065258846,-1.4306507364576593,0.2831488654889346,-0.41932734459123294,-0.15112540584998316,-0.06663961883330294
observation_0035,observation,,baseline,,none,0.34227751274236756,0.3702097394448474,-0.2068623254884624,0.0194901486204693,0.406308757592036,-0.6890331548460715,-0.70116005931424,-0.5728710847000006
observation_0036,observation,,baseline,,none,-0.25950666491474855,-0.38945534038654483,0.11851364731614616,0.07714206724211267,-0.006820146817729189,0.5672356987243722,0.415481183458429,0.19925619959025978
observation_0037,observation,,baseline,,none,-0.22869265557597132,-0.14920398571319235,0.4071297196690295,0.8426074551207301,-0.5161344529826606,-0.7737945237059639,1.527471205809567,1.089140756533363
observation_0038,observation,,baseline,,none,0.2532685396993653,0.14184888178667612,-0.4325725814852863,-0.7969545193516763,0.6927997356994486,-0.7104078483074132,-0.6431890633041737,-0.2559052243080478
observation_0039,observation,,baseline,,none,0.43835908623435327,0.4281853713278329,0.015609780749189561,-0.07206674590658252,0.3400244936114828,-0.4248181056936315,-0.8949175659721127,-0.4458649986967551
observation_0040,observation,,baseline,,none,0.10221010770268812,-0.15260955615619815,-0.1887951765255426,-0.7341339947194835,1.2188543593973076,-0.7114308085045158,-0.6860130971181303,-0.5122962699266246
observation_0041,observation,,baseline,,none,-0.3139935505052993,-0.89528246907712,-0.3684353015962691,0.09042351747139199,-1.343934591177549,-0.2851950827103723,1.3110632737280632,1.5928472639616136
observation_0042,observation,,baseline,,none,-0.4129082604415049,-0.7940130093023783,-0.8848809246231564,-0.32472497781538295,-1.1252192067560576,0.27036182140894427,1.4654865748796377,1.1637692487527753
observation_0043,observation,,baseline,,none,0.7221585129126166,0.9636309212509948,0.44115458162193477,0.6549769001791322,0.9066386580209358,0.08627024051666166,-1.4646118615876014,-1.0372272331620782
observation_0044,observation,,baseline,,none,0.2969729553561484,1.070127935144084,1.4573246101015276,1.8705870087367098,0.10504299718944521,0.5645822523588253,-0.008788065878084117,-0.9044048343533986
observation_0045,observation,,baseline,,none,0.3598639682141961,0.36819066106577725,0.6300084123519121,1.1809138485714166,-1.0878997358026676,0.33516118861912064,0.22375608730664537,-0.23905984947071166
observation_0046,observation,,baseline,,none,1.0917440713564157,1.185369538089789,0.7197047620552699,1.3175522249467724,0.46200176562007816,0.7907472279777891,0.05586099324795635,0.20942424351766487
observation_0047,observation,,baseline,,none,-0.40793147431783033,0.20287489364250422,-0.1470897017535234,0.90113192747001,-0.3456922194539027,-0.06235355553295463,0.7543925247204997,0.7548643970288978
observation_0048,observation,,baseline,,none,1.2797288992029237,0.21289838855950882,0.7465966085301763,-0.08742464054788146,0.21832067967440966,-0.22718867690010142,-0.6298599378035127,0.682550430051133
observation_0049,observation,,baseline,,none,1.575454066769925,0.16649218304480196,-0.4905944434350823,-1.2190376557143248,1.1940597419493426,0.11638931618882381,-1.9259190310985632,-1.4435106253567511
observation_0050,observation,,baseline,,none,0.8092065601300661,0.5408163900289948,0.3402968312442459,0.8258719860330024,0.7658446863509185,0.6389215074154125,0.19860904755403375,0.3958104811300824
observation_0051,observation,,baseline,,none,0.4135532657776238,-0.6566684462944663,-0.36634780165798914,-0.8301154951607493,0.46329117090350036,0.21442254960694598,-0.5200721462915081,-0.0981685919076361
observation_0052,observation,,baseline,,none,-0.3319109774451615,-0.36858035595327626,-0.24952922615024486,-1.0940808473468333,0.8573884653148598,-0.09483220572435014,-0.03369098972774076,-0.2952326751157091
observation_0053,observation,,baseline,,none,0.4972428139101114,-0.39104190160213237,0.11276966422251217,-0.4062371608330718,0.2541610623365535,-0.8141498787955744,-1.3032440342203717,-0.30116446339495484
observation_0054,observation,,baseline,,none,-0.22134607455175406,-0.46696056631881033,-1.2757713120440313,-0.5892774461108521,-0.2256441890003251,0.3711530155958515,0.29626233897781085,-0.28274188861255334
observation_0055,observation,,baseline,,none,-0.010825394894945583,-0.3831712099192971,-0.33604962342766614,-0.6150599917817323,0.010074315771852665,-0.0875863899491425,0.3970595402551197,-0.3486741387924549
observation_0056,observation,,baseline,,none,-0.14521658869486978,0.15834711329374335,0.293093392050203,0.703516992089467,-0.4706949545385296,0.8954503993001516,-0.7286363378735055,-0.8504621624338431
observation_0057,observation,,baseline,,none,0.14191497824551524,-0.22428126590786093,-0.035054821205288494,0.012005069423940362,-0.6292275294711458,-0.014096752602988732,0.5417897562952445,1.0367437422259242
observation_0058,observation,,baseline,,none,0.6440388577216957,-0.12304941625750992,0.17771246184178033,-0.7597830025189776,0.7838100441495605,0.17021808662138016,-0.08836441956332453,0.4958193582113135
observation_0059,observation,,baseline,,none,-0.2777920289332469,-0.17005189605930607,-0.7364802899183474,-0.33349164429817757,0.7113887859658777,-0.027277480274384425,-1.1632895295751307,-0.7950410604047993
observation_0060,observation,,baseline,,none,-0.4927019168151441,1.1387006436773173,1.7474030439342358,1.8909915728687525,-0.5130430786284074,1.3893042995715175,0.4441636588623922,-0.4182102248941358
observation_0061,observation,,baseline,,none,-0.5014782758747387,-0.1046472232198156,0.1328389737537108,-0.04948477160021811,-0.44153089387629685,-0.5599554104562509,0.28485906409326944,0.43357005246815444
observation_0062,observation,,baseline,,none,-0.48413866360893965,-1.311360184459986,-0.8999091413348792,-1.6825380664217837,-0.20645987849529615,-1.365082713664532,-0.028471218136895515,1.04805039860016
observation_0063,observation,,baseline,,none,-0.7155514918981778,-0.45522907788120737,-0.6981389790950974,0.3163523955038764,0.15783402482923992,-0.28291848057258684,-0.2126028579512032,0.5141166376387784
observation_0064,observation,,baseline,,none,-0.4564670374696569,0.9660217012829923,0.9597945638494828,0.7385732979287551,0.008043143963258115,0.8345666762736175,-0.32436410253517983,-0.8053556558065377
observation_0065,observation,,baseline,,none,0.6466328082572281,0.5372138636037751,1.1487229462117525,-0.13170927807632415,0.0006403951120853568,0.9281315521343338,-0.5849110159740225,-0.6872028837580691
observation_0066,observation,,baseline,,none,-0.2966559841194993,0.43267375994064877,0.3818166405704339,0.9388886178935423,-1.0828189517810096,-0.23237270069630667,0.8155494518214889,1.3191851694300682
observation_0067,observation,,baseline,,none,0.12855382894319042,0.6450448131102191,0.6782190317011917,0.4735329392908568,-0.012230440156161315,0.5312085534887125,0.009852957951350803,0.26793871663023333
observation_0068,observation,,baseline,,none,-0.608446983044557,0.16827450785935405,0.30980511807184746,1.0708117327234183,-0.07499653080993374,0.25362301983808366,-0.4444244455523704,0.04816009488591211
observation_0069,observation,,baseline,,none,0.08482528995022197,0.584775076939976,-0.29023249911031124,-0.13581804976330075,1.2828819570318024,-0.1730619437146798,-1.2294861251190448,-0.7360181582297799
observation_0070,observation,,baseline,,none,-0.8703907242647756,-0.46794868966885717,-0.5074336615186823,-0.2940631453982773,0.13251186345433735,-0.24748102418711757,0.2190609446387292,1.2557877407653242
observation_0071,observation,,baseline,,none,-0.3493779487398408,-0.3367227637049138,0.043457768700169375,0.3298032233875594,-0.9136669790764858,0.934374638051949,1.3519066290042923,0.471663700594998
observation_0072,observation,,baseline,,none,1.12726946356413,0.649814029870937,0.3405598785114289,0.1860045939317332,0.8720816481981157,0.820435215518246,-0.3353105580916306,0.07985934871854128
observation_0073,observation,,baseline,,none,-0.2914848454883938,-0.1439036956379399,-0.15059795720530111,-0.02147677361414599,-0.1853706783655309,-0.3724592370816414,0.20305334427073451,0.39928849369933933
observation_0074,observation,,baseline,,none,0.5599881926956896,0.6055087931150208,0.5285841503615573,0.9752368573646082,0.09458849648987869,0.3819833956674501,-0.1760960214370238,-1.202623796100679
observation_0075,observation,,baseline,,none,0.22752706256060146,-0.4785673036162184,-1.2206825849306406,-1.6406289021061293,1.9967907618107565,-0.491253748893238,-2.184418365508527,-1.6108009875344111
observation_0076,observation,,baseline,,none,-0.07649288861236898,-0.19377396120148135,0.22775732790653136,0.4232611606000255,-0.5993557100806216,0.29885340606503696,0.4806357753975978,0.5129929709966654
observation_0077,observation,,baseline,,none,-0.3260534106524747,-0.24851836619828022,-0.9006885830426362,-0.5549490146114161,-0.4337319623844051,0.14710778471776165,-0.5559920677585859,-1.168293070554458
observation_0078,observation,,baseline,,none,0.6434546992067247,0.5043478667800367,0.6652470508445094,-0.3112690880431614,1.6855240294059475,0.7907996735728271,-1.5686705108779209,-1.8141083831537632
observation_0079,observation,,baseline,,none,-0.08869172970143994,-0.2169271515471178,-0.26203274057536574,0.30451538079263785,-0.4896480483920101,0.23431511086437656,-0.29429727435359065,-1.4078489247127794
observation_0080,observation,,baseline,,none,0.763712239135874,0.937799762726249,0.6734578597356613,0.9740115210650517,0.004604361028012392,1.0896392892371072,-0.6187464523161009,-0.33024691332850287
observation_0081,observation,,baseline,,none,-0.3595395149971852,-0.303672870937194,-0.2399151864781837,0.5918199185026213,-1.5353053183331744,0.9822429503511865,1.2509991363889286,0.6642126989187149
observation_0082,observation,,baseline,,none,0.028669493695602198,-0.16765085480724728,0.22595400500080873,-0.09607579688611635,0.3320773038455318,0.6074102042559303,-0.13786024731494864,-0.3358627431458726
observation_0083,observation,,baseline,,none,0.2327495633952313,-0.45550577546142856,-0.0032256465304801307,-0.7578403548050989,0.7568712615237241,-0.7409460906411298,0.034365903742228254,0.8969943290534002
observation_0084,observation,,baseline,,none,0.18658008651409178,-0.25809351189187124,-0.447454832983229,1.0411135880729998,-0.9029037996957372,-0.12352352146615952,0.6854238969327933,0.7234817970057904
observation_0085,observation,,baseline,,none,-0.6169007559244319,-0.31702432090062516,-0.3675537271635161,-0.7121553616268214,0.8672460365903877,-1.288885629471735,-0.6830232819236348,-0.6644033968902683
observation_0086,observation,,baseline,,none,-0.3320313662214891,-0.17283409666009622,-0.5852652302987696,-0.8165807151532747,0.33625060364064085,-1.4226024711538745,0.18390350769352817,-0.19605955170683442
observation_0087,observation,,baseline,,none,-0.09799010668306907,-1.0879461084012618,-1.7099009127531253,-1.3881960086446745,0.8440183441425708,-0.543107222908741,-1.4084296207583131,-0.5018785641825867
observation_0088,observation,,baseline,,none,-0.4268496546621221,0.16335695726889154,0.6224909529905213,0.4587571198512435,0.20634620149878388,-0.5718161201167253,0.8271712656171487,1.3399581526522304
observation_0089,observation,,baseline,,none,0.33866255444002047,-0.11424047870911241,-0.6514428944120809,-0.45132848438117534,1.1802600170571336,0.24638312031987272,-2.012183140646223,-2.103332936708945
observation_0090,observation,,baseline,,none,0.294009590679399,-0.24515526292799708,-0.5882899093958358,-1.2945764987431945,0.019232494004926437,-0.944677481312318,0.22730211711318893,-0.3700538171220886
observation_0091,observation,,baseline,,none,-0.9785422270891295,-0.1276241909532143,0.07484032382761734,-0.5332797996873793,-0.27350244599538587,-0.18570330644509098,0.7540590368311186,0.9414897323181033
observation_0092,observation,,baseline,,none,-0.9026270356366688,-0.050163396700978136,-0.7189926502139801,-0.5930955522135883,0.9147530308148961,-0.34719938755515234,-0.6684856437812667,-0.4613167587007009
observation_0093,observation,,baseline,,none,-0.6407816384098981,-0.8042518472503415,-0.48377879322725864,-0.09957568479266365,-0.4143503929988306,-0.2332791721419823,0.25176484520159803,0.7889050017620884
observation_0094,observation,,baseline,,none,0.058629765073201195,-0.1367681008221889,-0.5449645493668609,-0.5110779139788046,-0.1306781979817524,-0.01286993449938606,-0.6830938141210705,-0.9790333306453007
observation_0095,observation,,baseline,,none,1.0165862650194026,0.09958415579644908,-0.47858901175337704,-0.06090682878166476,0.2290331897586595,-0.2764066292874633,-0.41696119428162925,-1.330680891581931
observation_0096,observation,,baseline,,none,-0.19117822523395783,0.2732886889192465,-0.04437384912744374,-0.02739378424374035,0.7770698071426136,-1.3336082073581976,-0.2211288986278846,0.0053041669359137344
observation_0097,observation,,baseline,,none,0.12532527494148696,0.540066500783576,0.060532359238885614,0.2668597092588552,0.8881777545098463,-0.10617970065574964,-0.9385882570427353,-0.5241063861360227
observation_0098,observation,,baseline,,none,-0.531555852459811,-0.5914954840184536,-0.4143178467508337,-0.802906248233224,0.2899929861497362,-0.40933520206963514,0.16430416068057135,0.9499320460327553
observation_0099,observation,,baseline,,none,-0.5234181079618389,0.329449563041938,1.0055721103832957,0.3306123327614515,0.12730583398427353,-0.7160549541789698,0.4053456999333428,0.41149575610688016
observation_0100,observation,,baseline,,none,-0.9786139073447114,-0.2257382112352765,0.13386445870515953,-0.27312257378186844,0.29956939675246375,-0.2216538439231056,-0.30882664335864773,-0.42546531224314016
observation_0101,observation,,baseline,,none,-0.014172123862135932,-0.07177559664794785,0.16787169142935351,-0.2799773390668841,0.1850558316013318,0.13271705681244733,0.2959217290190871,-0.6758851480636303
observation_0102,observation,,baseline,,none,0.47360834141133173,0.6923182411067899,0.3154296170454228,1.2988216273054383,0.5892939216421442,0.8770913370340132,-0.33125614905613465,-0.19289125324162837
observation_0103,observation,,baseline,,none,-0.17835716021456086,-0.9521861392759008,-0.9775336221123367,-1.6565895606509438,0.3041242495547524,-0.7912066548967434,-0.12929017948259086,0.16353590310489236
observation_0104,observation,,baseline,,none,0.6982265433231217,0.35736106564094106,0.36780872915179685,-0.24841637993266363,0.577937205621394,0.08627695718389924,-0.23466667448556539,-0.6758223091019966
observation_0105,observation,,baseline,,none,0.09892742638678574,0.1950774904744415,0.1376311661855552,0.8230950230529123,-0.5289803612537992,0.49973814260681076,0.490792049849609,-0.24461560999730075
observation_0106,observation,,baseline,,none,-0.018206243781609257,-0.017955967665278797,0.04613890716675309,-0.2956556590804793,1.0454921046779784,-0.8140607199378507,-1.0964670758093655,-0.8575534018576447
observation_0107,observation,,baseline,,none,0.258626946346761,1.2060133107758724,0.4745172381293925,0.957693602731867,0.10154452095988173,1.085641823645591,-0.4781362605098561,-0.8991661028697471
observation_0108,observation,,baseline,,none,0.24368878489112572,0.3258486030235016,1.1629712177505365,-0.18309421660773595,0.9303724099120856,0.15325197826424383,-0.6183530095248824,-0.874668649991872
observation_0109,observation,,baseline,,none,0.573903185273912,0.5849627199567956,-0.1589238499622302,-0.6092952716449588,1.0336180530763692,0.1693332834704004,-0.3482806559002093,0.1751986721657709
observation_0110,observation,,baseline,,none,-0.4009771322200354,-0.9446802490823544,-0.9426948483246529,-0.6620495677921813,-0.4998861140287112,-0.8921251840577,0.5536204566672676,1.3665535376174076
observation_0111,observation,,baseline,,none,-1.1440245794184953,-0.894560973035756,-0.4118523982428823,-1.1036028187357574,-0.9193249117928879,-1.7796172784887827,0.7832372067064793,1.77831305957742
observation_0112,observation,,baseline,,none,0.057373349340872244,-0.3515996320383402,-0.7103553335509631,-0.6021649942412498,0.18107106650114094,0.3124578573949972,-0.1297132056083583,0.47456797235276943
observation_0113,observation,,baseline,,none,-0.30583757766103953,0.9602967195472676,1.3677263817490883,1.4905211457945806,0.5566512198497546,-0.14110500632070444,-0.8930396649247506,-1.5428923271811081
observation_0114,observation,,baseline,,none,-0.01358860368276788,-0.21732647615361164,-0.9234248585504647,-1.0817419517526978,0.3667862213978882,-0.7392587886394176,0.31316982503918617,0.6900304059411793
observation_0115,observation,,baseline,,none,0.8321500110195424,0.6420338339418286,0.18321930093233302,-0.0486948844988616,-0.8022159547269949,0.22598492158742642,1.0117396847042692,1.0861617806698185
observation_0116,observation,,baseline,,none,-0.5514209025461827,0.22190942279079195,-0.9993882447340667,-0.21661051225029448,0.5628601316571723,-0.23087873414695864,0.597726725279947,0.9939227962375214
observation_0117,observation,,baseline,,none,0.3823986683273823,0.5960118679246997,1.0289734134477824,0.8597416298937105,-0.7104276875911771,0.7196261166199802,0.8180985486286332,0.11622205560958451
observation_0118,observation,,baseline,,none,0.47293377220425953,-0.37460163697125654,-0.9590955457131752,-0.5316985751830343,-0.7636028146551854,-0.1127924847915262,0.04587645997689721,-0.4390270070721644
observation_0119,observation,,baseline,,none,0.2303681194557739,0.48051807567160787,0.06044977306572341,0.5116864687887089,-0.20374234271161773,-0.3951552115307958,-0.0012665113394180194,-0.8677428615408341
observation_0120,observation,,baseline,,none,0.5592540795854892,0.74663414561247,1.0279906627060804,1.6453894237728282,-1.2817006093345666,0.8816147327218876,0.5209994926181212,0.2134508261959984
observation_0121,observation,,baseline,,none,-0.22918113928170453,-0.2512505140293163,-0.08200555354333833,-0.2857068970276734,0.5567254550653173,-0.30640390902041287,-0.11678214335903242,0.02486820012119812
observation_0122,observation,,baseline,,none,-0.3407548523684221,-0.006380712428534746,0.4977271395033411,0.5810531699485274,-0.3376879953282702,0.3963625566116884,0.9998461300432019,0.6551673655757496
observation_0123,observation,,baseline,,none,0.5194913992805769,0.41600949994132475,0.6689367773489687,-0.02491418510342802,0.729050062243443,0.2879215351088991,-1.9008841940242893,-1.8209579285072464
observation_0124,observation,,baseline,,none,0.36015001092892657,-0.4405841591967362,0.019429025501040642,0.08241975450673544,-0.7555335754195406,0.7265927613075276,0.6136013684080527,0.3246588264869795
observation_0125,observation,,baseline,,none,0.6951890710762972,0.20488299657940118,-0.08589837066052716,-0.5734173291981586,0.6127706887593256,0.3854566620285483,-0.524768927562115,-0.9206480851648372
observation_0126,observation,,baseline,,none,0.10614478890574894,0.08465944121435012,0.002997589695872882,0.30154824361931765,-0.4259595056135749,-0.4714820328327869,0.3942026080555991,0.9010870924947763
observation_0127,observation,,baseline,,none,0.8117815597853181,0.27502653015439094,0.5862694667826777,0.16646392467431823,0.2613424648319153,0.4152661638724132,-0.10696565291722626,-0.9894127273902205
observation_0128,observation,,baseline,,none,-0.14104013014226544,0.1707946831489352,0.4991078756945967,0.4049943096785827,-1.278968438260894,0.3407740672315627,0.491695129832105,-0.28840981834943663
observation_0129,observation,,baseline,,none,-0.5301645780828348,0.129869387878083,0.5587630444147477,0.7571591506788207,-0.5018594334657966,-0.11325366896745553,0.9665805993112848,0.23786663328706714
observation_0130,observation,,baseline,,none,-1.0185445987582105,-0.576271255645309,-0.9326422237387174,-0.9866429262091718,0.7889996199892289,-0.171120575105993,-0.09879982621090008,-0.07638853896455504
observation_0131,observation,,baseline,,none,-0.5507006450420638,-0.571829522431653,-1.0939199550137477,-1.2182681271568399,1.3128469347870548,-1.1304966682612494,-0.8675281322273921,0.09727807476771916
observation_0132,observation,,baseline,,none,0.40925175304373346,0.9678970554128694,0.21243870476612292,0.02352701967566212,1.2691137690951675,-0.4965492316565941,-1.0132595511796567,-1.2883457873199795
observation_0133,observation,,baseline,,none,-0.7324643440159382,-0.4439616745274826,-0.6675503468071372,-0.7210900321438668,0.2500875089758033,-1.5672361445927652,-0.18247337177687753,0.6243390949514479
observation_0134,observation,,baseline,,none,-0.226182126097211,0.018434534860846757,-0.06536641598885679,0.32786570811215554,-1.0979800791580572,-0.18546540745958484,0.869255984851852,1.321292350560316
observation_0135,observation,,baseline,,none,1.053291978920889,0.3555818350777651,-0.30802963753602497,-0.6540557758714503,0.9188480616713244,-0.16217188317909492,-0.6809453613462271,0.26422636581883574
observation_0136,observation,,baseline,,none,0.4233979712410408,0.18755454276030686,0.04530161951061987,-0.3259886893481033,-0.5530497311067222,-0.2059906767362584,-0.3899662836549079,0.1208128188044632
observation_0137,observation,,baseline,,none,0.8954922785741064,1.1258961542938872,1.2974490246208026,1.5117658151329276,-0.6464001908505946,-0.015505003099688608,-0.0001882477484112799,-0.46711780720854756
observation_0138,observation,,baseline,,none,-0.49578109373139995,0.024817404989814773,0.4852055666753865,0.8835764172813234,-0.7915449816077031,0.22737804436104092,0.4580470179051176,-0.42600786824450526
observation_0139,observation,,baseline,,none,-1.2299874858581645,-0.9545257528316068,-1.1843067193999621,-0.9495221611862852,-0.2393856593445876,-0.4123178402544825,0.5068216865617468,-0.43245121915065254
observation_0140,observation,,baseline,,none,0.7581904685507762,0.5348554051696921,0.7336693686423692,1.7432997438692137,-0.47387584372603,0.8329956855828058,-0.04918211656119853,-0.7719547727958334
observation_0141,observation,,baseline,,none,-0.7084712687200888,-0.39644251494495913,-1.0266093801368403,-1.2572168843197282,0.5045868158320794,-0.6282880810521693,-1.0296683400984308,-0.5364541614687737
observation_0142,observation,,baseline,,none,0.04546176964119683,-0.43877029900303877,-0.7565958118385256,0.04512688586203051,-1.0658610359928269,-0.28603949991416255,0.9505865402279546,0.8456563311081833
observation_0143,observation,,baseline,,none,0.10854661582648702,-0.016679268199744676,0.006562438837886916,0.0896324496549115,-0.3343180822931739,-0.3391185069785531,0.7813993184485276,1.818534158901182
observation_0144,observation,,baseline,,none,-0.4744482061821555,-0.5878956110210829,-0.883654402089421,-0.24653387114932557,-0.7163487802124804,0.34622361201364515,0.283491244999301,-0.4022996840684562
observation_0145,observation,,baseline,,none,0.7763165326259048,-0.14946139160828786,-0.555583591463307,-0.8801183098054175,1.1064084668089889,0.22100813805436964,-0.938812294205953,-1.2020286290071112
observation_0146,observation,,baseline,,none,0.7746687646365953,0.6183545087902754,0.6588904146691433,1.055525795280147,-1.0290334340568663,1.2707927167017325,0.13221513766311,-1.6488155156140287
observation_0147,observation,,baseline,,none,0.2757220871100862,0.12110678566811678,-0.4183811485827928,-0.8813295054672488,0.5629363398812086,0.8294967999324495,-0.3906985614235086,-0.12832999114192822
observation_0148,observation,,baseline,,none,-0.01474532991756139,-0.7422247614749617,-0.6444615686519652,-0.343326463882924,0.05828631259076261,-0.1820369882641114,-0.15498834367991837,-0.2159236077074882
observation_0149,observation,,baseline,,none,0.0957184164676967,-0.3305007859319853,-0.38297866090415,-0.31253454140093756,-0.4828664891743993,-0.13038816693832314,0.8412094206365847,-0.024134962330922605
observation_0150,observation,,baseline,,none,-0.547954006036399,-0.427112560157692,-0.16216269451514673,0.34878238610860335,-0.47851749528158394,0.023862649337153957,0.21051247491906122,0.18314202951106356
observation_0151,observation,,baseline,,none,-0.11953187883145779,-1.5291988738217777,-1.0311204814642905,-1.4973455763800803,-0.1701504054860142,-0.07879681818554474,0.4615790990739694,1.4797698376972563
observation_0152,observation,,baseline,,none,-0.0524665732701755,0.05527508847203695,0.08404697196822977,0.30284716486778096,-0.3697088797139211,0.6027690175618066,-0.0948449652012065,0.6450245897495137
observation_0153,observation,,baseline,,none,-0.426116425554065,-0.16491975787820456,-0.4293362055734987,-0.6639913350841793,-0.5027080894825816,-0.94831592514897,0.2001163566387003,0.46759826371674784
observation_0154,observation,,baseline,,none,0.42460743386825583,0.6216743932261897,1.0307667174059718,0.697157926505419,0.01045767769294764,0.10707179572354597,-0.09257853261016583,0.06106030328165635
observation_0155,observation,,baseline,,none,-0.7132406973098142,-0.7969075269705138,-0.6516243736315988,-0.6776358647871087,-0.4414074454244872,-0.43681570853928964,-0.2999620656804971,-0.14841977499869335
observation_0156,observation,,baseline,,none,-0.22670948815151437,-0.8700693496188804,-1.2560441347217175,-1.5077829667800124,0.5579699737324938,-0.5912456873007803,-0.7745574221477574,-0.398577371090218
observation_0157,observation,,baseline,,none,-1.1264389072788317,-0.47436342811932286,-0.3737338941774335,-0.35581222693347536,-0.8771143706147199,-0.39369586623700004,1.351092079260062,1.2074563503239637
observation_0158,observation,,baseline,,none,0.24840925212586476,-0.5136025589595798,-0.801633511377493,-1.4880216967944029,0.9842297808717531,-0.3698621666424103,-1.1165755685699468,0.026540061267140702
observation_0159,observation,,baseline,,none,0.3713027370730565,0.5303853622295616,-0.8183584189331534,-0.6767358818318785,1.342638556256128,-0.2852439699799551,-1.7325965571608832,-1.9025119094967762
observation_0160,observation,,baseline,,none,0.31064618159396856,-0.12039988738452176,-0.6210706567857239,0.09053747562890102,0.5150821203435341,0.4778811150166873,-1.17977365335427,-2.2397300910586306
observation_0161,observation,,baseline,,none,1.4590433038767645,0.5152437548281547,0.2409711964413881,1.3205400088166308,-0.8400490099631153,1.5661944623201354,0.1770873273558861,-1.133926847384659
observation_0162,observation,,baseline,,none,0.46989552688078734,0.4760954351978741,0.16620124831649818,-0.2901606865994486,0.3070162896718584,-0.404379908383061,-0.6474198974268096,-0.8245455664102377
observation_0163,observation,,baseline,,none,-0.47099534447009467,0.23142549873354595,-0.5941720237821783,-0.6496328129293443,1.1749539378543283,-1.1420572096802144,-0.6706912531918562,-0.10902885330996459
observation_0164,observation,,baseline,,none,1.3317701034971008,0.8537690541569082,0.5601577056691249,0.46550809063053444,-0.13259623297575718,0.8839170046550576,-1.7125148895179099,-2.3496020647299174
observation_0165,observation,,baseline,,none,-0.4601589866863935,-0.4449809517597581,-0.2205172334716104,0.0716243875506265,-0.8919433186908954,-0.35282313831667367,0.34765880394513093,0.6353906878947115
observation_0166,observation,,baseline,,none,0.3943692845245604,-0.5681992591260606,-1.114753135618165,-1.8317060354029155,0.7949188835433691,-1.477928714141191,-1.0808606364893778,-0.1668624114994895
observation_0167,observation,,baseline,,none,0.3715638123907595,0.6756987074260294,0.7029792266215427,-0.5028706193940827,0.43843394204351127,0.28440754969688264,-0.06304768994714688,-0.49386778743640136
observation_0168,observation,,baseline,,none,-0.4398615093823924,-0.27147287682478133,-1.2911394236285902,-0.8584965354014625,1.158268565850989,-0.39430670894721676,-0.2614673677736577,0.3083151261611193
observation_0169,observation,,baseline,,none,0.6976743144922903,0.35252987048775825,0.5362991053961165,0.9870667443812127,0.004254550565147064,1.469957215215644,0.09418875868354362,-1.0377917357346376
observation_0170,observation,,baseline,,none,0.17729685937341852,0.7782971449605669,0.3836644578370114,1.191641660656818,-1.3430591840975348,0.6400119481688753,-0.13406022231989578,-1.0430771639250107
observation_0171,observation,,baseline,,none,0.2854772953264369,-0.5838801660747173,-1.2292012025836807,-1.253326121099246,-0.5980899542347362,-0.47467258598677514,0.7304900394063238,1.4270828487043563
observation_0172,observation,,baseline,,none,-0.3378664981301129,-0.4888132948240984,0.08037350330076759,0.7087018798025262,-1.3341732248242357,-0.502661502784109,1.6087316913513388,1.7744520339862095
observation_0173,observation,,baseline,,none,0.651316686207026,0.4583467773300252,0.6108169460988004,0.3414464633119181,0.38719740701958927,1.1365681836694583,-0.8881678622455984,-2.788416244459525
observation_0174,observation,,baseline,,none,-0.43046898134066086,-0.44910226010143683,0.03603048810982995,-0.6790387016896077,0.47871150457228273,-0.20346076386138423,-0.09307887617659455,-0.13887810331374734
observation_0175,observation,,baseline,,none,-0.8895796668659562,-1.8409896817056723,-1.536452637378845,-1.5860268691029593,0.3158603776964367,-0.7021105936053675,0.23121087440830068,1.129644721711613
observation_0176,observation,,baseline,,none,0.7125634899110702,0.6734624087063935,0.7448386233974866,1.0963867449689844,-0.12960261640324852,0.7074101458260607,-0.3554170589586596,-0.009762393830812233
observation_0177,observation,,baseline,,none,-0.21336439346981018,-0.16460507312623832,-0.37474919810326257,-0.22471134590584976,-0.5040745507883947,-0.22846504736940543,0.4550784605054686,0.8682179912084043
observation_0178,observation,,baseline,,none,0.021685043542532537,0.520562136346795,0.6444434616182518,0.37791149701392884,0.3751177491497074,0.36016368680616606,-0.6972998593106078,-0.7178335155881934
observation_0179,observation,,baseline,,none,0.9613784768313645,1.692898258103428,1.4466563211830636,1.3993390163494377,-0.1759290483104038,0.703257355997296,-0.11323863394496793,-0.21232824374066972
observation_0180,observation,,baseline,,none,0.5682456740900305,0.3038251679671561,-0.08086327584810621,0.01963895605707988,-0.16152729842095875,-0.1540252145797686,-0.14810829711197343,0.3674826761679444
observation_0181,observation,,baseline,,none,0.31635455796554457,0.41368452146707146,0.24262479185750352,0.2882944339524518,-0.662882394236018,1.2668051592184972,0.47611099705329996,0.40748828623108335
observation_0182,observation,,baseline,,none,0.5349569144576488,0.5009998009093857,-0.22112718262228964,-0.03979992653693332,0.03068597391537592,0.36222581126561004,0.736274980184469,-0.15000432370851968
observation_0183,observation,,baseline,,none,-0.3637543452429501,-0.16973448945344843,-0.20136857586671347,0.08173623050274743,-0.5311829687136626,-0.45363359983641927,-0.0699074087376485,0.10553483393107815
observation_0184,observation,,baseline,,none,0.37654429462057987,0.19442677447771772,0.35864293431793753,0.7619697514898855,-0.7227435975605345,-0.18470165987114662,0.959937423800596,0.14574434874237308
observation_0185,observation,,baseline,,none,0.5549685573534248,0.5817663586476433,0.5497745023139289,0.5101713942900857,1.0002904553153298,-0.11641031817606362,-0.8421932033808426,-0.3032643131362046
observation_0186,observation,,baseline,,none,0.37771112783932764,0.8284796572160481,0.9926073356794872,0.8496478927049771,0.11401993383437803,0.7351244386007687,-0.20778127400695326,-0.9845916121160012
observation_0187,observation,,baseline,,none,-0.1020673144424665,-0.49597948113481627,-0.6372360683416968,-0.4524662780911101,0.08943800801751926,-0.7518652172576927,-1.108156532023899,-1.1064642562719933
observation_0188,observation,,baseline,,none,-1.873706929065447,-0.3611305506563366,-0.34466853737900477,0.46978196618017576,-0.6227988775764197,-1.0624397202037876,1.4626221166090994,2.70764913929882
observation_0189,observation,,baseline,,none,0.27865125561468423,0.44820456981167334,0.38136572502550303,-0.5178111185592623,1.6094604944683013,-0.2587819397811275,-1.8089310504329659,-2.156854577166466
observation_0190,observation,,baseline,,none,0.05743822215556876,0.1916960179059683,1.0970268047995724,1.4873964050832662,-1.4931387844079687,0.939857839147394,0.536589867249898,-0.13737236953094295
observation_0191,observation,,baseline,,none,-0.1847768055659446,-1.2539083602377799,-1.812333147779648,-0.926270615171642,-0.012422550668682086,0.09838018964349615,-0.09133611767436504,0.12022540632846473
observation_0192,observation,,baseline,,none,0.38904931281674565,0.2670213667329543,1.2089512822422663,0.9401877592932947,-0.939321386697634,0.20807822555856698,0.35853862601003084,0.08551924318329965
observation_0193,observation,,baseline,,none,0.13285148997260185,-0.39495231572959155,-0.7539774948132392,-0.4577664114704754,-0.05859511968776625,-0.5319161253800114,-0.4506856435465486,0.4401204927395399
observation_0194,observation,,baseline,,none,0.10197787074872351,0.35857339919183756,0.11993516384877764,-0.19912433707891325,0.7295435496972199,0.11833829733243434,0.16485228224988946,0.3200686816812054
observation_0195,observation,,baseline,,none,-0.7417954874778316,-0.04147192914655734,0.06512294252090446,0.595537281447565,-1.1888835793155925,-0.24944498922936081,1.3712739059416552,0.8370479484713537
observation_0196,observation,,baseline,,none,-0.7296612769065763,0.06417736422453568,0.31034183398851856,0.058667345795007264,-0.18245320915895122,0.1486118414958919,1.5336323938886318,1.6914933651961355
observation_0197,observation,,baseline,,none,0.18526801365631035,0.04648603160402959,-0.006996079334865839,0.04026085546198434,0.012472257764749136,-0.14758064884290448,-0.4513912045548126,-0.5088882885396153
observation_0198,observation,,baseline,,none,0.038028556383708424,-0.010678022065752885,0.0654282121950372,0.32271463844402903,-0.015529135200389288,-0.49695254592799754,-0.4090375155373234,-0.46150914903321616
observation_0199,observation,,baseline,,none,0.06937044634259357,0.26712030380874774,0.8969870489899985,0.3812800113763622,-0.17664692531256337,-0.14644828370167398,1.0717357942002592,1.24818410776147
observation_0200,observation,,baseline,,none,0.08313146355070451,-0.9908413449435458,0.3644381529488444,-0.586654493494602,0.9875675261342349,-1.046032829903202,-1.3612805251287359,-0.4085940938229783
observation_0201,observation,,baseline,,none,0.20572820869466943,-0.0728713702187245,0.10364144003459061,-0.17570113477092805,1.0159629375551498,-0.280070268306044,-0.6429632749810439,-0.39924924657518973
observation_0202,observation,,baseline,,none,0.018032831874496523,-0.25876718827784356,0.07881517052546255,-0.3043905080928578,-1.090506426682252,0.0863102780611569,0.5980776736500952,0.11858600206254599
observation_0203,observation,,baseline,,none,0.07888542982933267,0.31562764510588726,0.20114212689033364,0.06780549470111102,0.28877116748632,0.08205819302320774,-0.3622546761599459,-0.3961366975247707
observation_0204,observation,,baseline,,none,0.1280571774305832,-0.13904766439360802,0.6645010836104808,-0.10056350863153346,0.23227770313246832,-0.06709089320662473,-0.9141419249298808,-1.384942731476659
observation_0205,observation,,baseline,,none,0.46470477192886356,0.6972403581852863,0.5379214392249914,1.0387615182460233,-0.03246589512620432,0.055955628351290865,-0.4612483180250682,-0.21833005337825911
observation_0206,observation,,baseline,,none,-0.25734440777187695,-0.27655843128513635,-0.029862525024440645,-0.16761976811208468,0.5804797216679282,-0.576846933395607,0.6461617727186059,0.7060187688873572
observation_0207,observation,,baseline,,none,0.39319811046023306,0.7028803984423675,0.08173140357601327,0.37596768391672153,-1.0985390167265803,0.14127443461313974,0.7285126911176245,0.39457801275496174
observation_0208,observation,,baseline,,none,0.3181916820129373,1.3319020024410966,-0.15217078117813565,-0.6334114839124916,1.1681543330312363,-0.07605870631541677,-0.15926795082668344,-0.05538626941697705
observation_0209,observation,,baseline,,none,0.0527010031608363,0.815899005679855,1.826270182183662,1.3934554986137642,0.39073180731331725,1.9713841539093113,-0.6052303246151496,-1.614505253108578
observation_0210,observation,,baseline,,none,-0.23755588997132274,0.3072667177050995,0.7729085030005981,1.5761662073611107,-0.37692132172324455,0.33927201054846606,0.40427767025927097,0.38249212112211994
observation_0211,observation,,baseline,,none,0.18456996341422346,0.701562146685198,1.0534812019844828,0.5563644021185871,1.3290529359429442,0.8121104158786392,-0.6599091051998434,-1.4341179450732553
observation_0212,observation,,baseline,,none,0.4319865079793305,0.11942126624577493,-0.38563502651274567,-0.2631828653150772,1.1454529899557744,-0.5473898220316318,-0.6127897791983481,-0.23848820553519842
observation_0213,observation,,baseline,,none,-0.5374887757629674,-0.7615559502603568,-1.5241122144377617,-0.24517571986979436,-1.1311258775594146,-0.8676488703025864,0.8606304256597811,1.7120411032435676
observation_0214,observation,,baseline,,none,0.03107281523803183,-0.4012172561744472,-0.5103450807200672,-0.5422102650534488,0.590119722285807,-1.2571704163488648,-0.3859620071792728,-0.6982104824017404
observation_0215,observation,,baseline,,none,0.032372047447957054,0.12053683553892851,0.1352552141209717,0.8836041034189567,-0.7397860082846036,0.050557883258538494,1.0577651056207993,0.6619807821393414
observation_0216,observation,,baseline,,none,-0.3306008270593456,0.5052800292778705,0.7805448411794581,0.4239180786289385,0.2199932320973964,0.588445822116439,0.10875601222785568,-0.21232583241122094
observation_0217,observation,,baseline,,none,-0.3096439268831596,-0.5814408969847586,-0.5489083487447999,-0.7632172811194128,0.11529819230153107,-0.5306455265960974,-0.8704926837006391,-0.5619544313430281
observation_0218,observation,,baseline,,none,-0.7755735169678273,-0.3085680230259782,0.32499861049796974,0.3665098128520723,-0.8042662920418439,0.4686656288963996,0.4943656190354877,0.5263363530686949
observation_0219,observation,,baseline,,none,-0.5515637125412289,-1.009698027442774,-0.7678615260223345,-1.025679817031574,-0.3399093415214074,-0.9978056203865338,-0.14599887563452418,1.0149350273038138
observation_0220,observation,,baseline,,none,-0.7687382948803476,-1.1462907733801,-0.9093293631507611,-0.6732611336741064,-0.10556026193669804,-0.1258783376274607,-0.5390477409644516,-0.18404247775961016
observation_0221,observation,,baseline,,none,-0.30828609472633867,0.21301111923997187,0.7360997968462865,-0.14626008534239032,0.03656092806828626,-0.4893942281548285,0.4742831125096622,0.7839137106218294
observation_0222,observation,,baseline,,none,-0.2799931525377018,-0.5393577959134163,-0.8464811336296407,-1.2892239309599165,0.6537933740930582,-0.32842250415361474,0.1656042330131849,0.5680312358112523
observation_0223,observation,,baseline,,none,-0.2706426156732873,-0.5471627577017159,-0.33262065618520315,0.300928427163046,-0.4906113334559951,0.8439996872019319,0.042597437670589766,0.28158117529402804
observation_0224,observation,,baseline,,none,0.18592151384874714,1.1178710298961336,0.7008683950848629,0.8958090331293557,0.02279771698472116,0.3925160449515198,-0.22673799667590827,-0.23284954914243267
observation_0225,observation,,baseline,,none,-0.09378333229952276,-0.031178694791907262,-0.39249418900992766,-0.056118221157373915,-0.1258527337050805,-0.7561566494853531,1.110181661199611,2.0335574420479627
observation_0226,observation,,baseline,,none,-0.3644563682096721,-0.2773592201013403,0.4681302030244194,1.236756145700872,-0.6635070746071353,1.3757018070549554,0.4988750816166714,0.4785160671404438
observation_0227,observation,,baseline,,none,-0.3609415260500536,-0.3674619344346905,0.17953576227893708,-0.7357278376342126,-0.5920816786715276,-0.9629224718173184,0.4835480799073972,0.576280176354882
observation_0228,observation,,baseline,,none,-0.5657551207529482,-0.1883584140984488,0.06547415502831147,-1.3316576221668481,0.559473064474918,-1.1905834468222387,-0.0615790045236245,0.5724296174913849
observation_0229,observation,,baseline,,none,-0.09808404902968218,-0.4225724159385578,0.23722884056238186,0.9724283960626421,-1.827519357816724,0.27599336048923057,1.9645401257567892,2.2061098389689717
observation_0230,observation,,baseline,,none,-0.10702733891360619,-0.04626077822977874,0.11442969826633331,-0.580966053409556,0.5316560438522578,0.10836983320448135,-0.08407699988002315,-0.05834260065144579
observation_0231,observation,,baseline,,none,0.8114790638775882,1.1113865143028998,1.6400653955235556,1.4356313666923786,1.2036702319087529,1.3714205688044563,-0.5447562689315891,-2.651899080204963
observation_0232,observation,,baseline,,none,0.7670758178217173,0.3766333486497063,-0.10858213740339473,-1.0244273259327428,0.5441102042023108,0.10663952024831347,-1.0885371759134796,-0.22272764765816377
observation_0233,observation,,baseline,,none,0.7389509993183568,-0.6721534772258868,-0.7059890738951665,-2.274012809193807,1.8276349122611835,-0.9937670859676366,-1.0640576433581694,-0.22246899885612162
observation_0234,observation,,baseline,,none,1.0396212006583965,0.400279862867201,0.5211765610195334,0.17738567102690678,0.9285328618907119,0.3925606242653986,-0.9981388924586927,-1.0050909664282837
observation_0235,observation,,baseline,,none,-0.6085340910624725,-0.04193508386300582,-0.5636566153170748,-0.05804269407627963,-1.0602572651004516,0.12343935767136077,0.529632106489142,0.5833747522814589
observation_0236,observation,,baseline,,none,0.3364921182931273,0.7959928044684732,0.35624766342659997,0.0001204640585196759,0.045224195234415565,0.9530165250711817,0.1508248142714269,-0.8221318170361909
observation_0237,observation,,baseline,,none,0.3805265352492594,0.4481557014161013,-0.23787572072695856,-1.4506821805558914,1.553308463456225,-1.2114683414034058,0.0755080671845818,0.46244023359644
observation_0238,observation,,baseline,,none,0.23810795630966536,0.8803835187545986,1.0998769849428753,1.2142909514425377,-0.6728627751971787,1.3155915264128435,0.5161963564575388,-0.42551552868334375
observation_0239,observation,,baseline,,none,1.0633355817379735,0.22452535790211336,-0.05409855550475018,0.642288899103256,-0.1726853454588462,1.2167107988268322,0.32643357445820065,-0.6595264298912167
observation_0240,observation,,baseline,,none,1.2689376214320365,1.5276884828848454,1.4810451874931114,0.3850464851963815,1.7499934048301875,1.0193969496368904,-1.7286770778577352,-2.2098714915548543
observation_0241,observation,,baseline,,none,0.4896833140791754,0.44766319846311153,0.6351761984474285,0.8646160156104635,0.06345985522210207,0.2696802049205263,-0.9575112791547238,-0.8696061921469411
observation_0242,observation,,baseline,,none,0.32657310015099944,0.5665845990071756,0.40534872343040185,0.5216066235064497,-0.005748382216484493,0.4324019231935192,0.18847807691895063,0.41937460766369483
observation_0243,observation,,baseline,,none,-0.561199045953618,-1.8230461908454174,-1.6557476486043854,-2.6415399471667644,0.7561653414627107,-1.358171441486184,-0.8554947848933443,0.2696385517108805
observation_0244,observation,,baseline,,none,-0.5601793813854299,0.05411623909353591,0.0902579236846277,0.7482016348684765,-0.3739474871210159,-0.17669870140809826,0.3271977843621479,0.277696481197379
observation_0245,observation,,baseline,,none,0.35011152248623884,0.36155722283071856,0.5092072277351213,0.48985329714610737,-0.7001369216713688,0.9698529778306655,1.3756488576745656,1.060275367722321
observation_0246,observation,,baseline,,none,-0.03781634435913704,0.9276890955562087,1.4714033909820556,1.383237059819755,-0.5726990352810765,0.4369327797142608,-0.4784912548076664,-0.26474326859011077
observation_0247,observation,,baseline,,none,-0.6652803385769118,-0.3715975407461059,-0.9028909250454904,-0.008456080092512086,-0.09375841688259817,0.4954680916973558,0.4546910665275224,0.7705522121242949
observation_0248,observation,,baseline,,none,-0.06201211081026991,-0.5300614983545386,-0.4586583888178565,-0.5035646846244635,-0.10844440704933858,-1.0279712161015575,0.3614845015100435,0.7281059633048583
observation_0249,observation,,baseline,,none,0.180003907070565,-0.2756202661962517,-0.8655884215385417,-0.201719414707061,0.07455340314210226,-0.717816852057072,0.064620917401864,0.4453019115068861
observation_0250,observation,,baseline,,none,0.467963456725903,0.530379831304613,1.1658507826379827,2.2495210456360293,-0.8772335421436712,0.3621259661680567,0.1908805960638268,-0.2211712457849513
observation_0251,observation,,baseline,,none,-0.0538397062129953,0.11621084971351321,-0.8240181775329835,-0.5110754739575423,-0.6961060693836516,0.0773763710371721,0.6073726078300117,1.5579977491372756
observation_0252,observation,,baseline,,none,-0.13460861760669093,-0.41129481637063886,-0.3138958241404394,-0.12343938845109667,0.46943930140984114,-0.5703245607136269,-0.7539561968946841,0.1253245645033778
observation_0253,observation,,baseline,,none,0.0031039090562691913,-0.5318338694068866,-0.7099302384605866,-1.0224729655149982,-0.6145199976277018,-0.9232875211666536,1.2144845663877173,2.1795832996462043
observation_0254,observation,,baseline,,none,0.08649169869626726,0.818554781197386,0.42759229940382687,1.3223326028704587,-0.31534087420194246,1.1493490085666553,0.2863330007173305,-0.852640659448244
observation_0255,observation,,baseline,,none,-0.5815666098661172,-0.5264339124144388,-0.1478074070479526,-0.721482627776866,0.17994417561184878,0.2726556724874698,0.7175113189118802,0.8299948440344874
observation_0256,observation,,baseline,,none,0.41665420647352663,0.25739959571046356,0.46735042910308733,0.06573592246082421,0.10591539082721924,-0.18037681441274087,-0.33316292418273674,0.4231236436800446
observation_0257,observation,,baseline,,none,1.0951631361983467,0.4999409052391957,-0.0477846482908183,-0.24838171332561085,0.7425146741787821,0.9935196162631974,-0.4027893499185348,-1.4805438165720326
observation_0258,observation,,baseline,,none,0.40710019971886857,0.9841570465072724,1.0876673782677193,0.9518790120265593,-0.15723337479062488,0.9057853549297881,0.34461660767906394,-0.2922758867242257
observation_0259,observation,,baseline,,none,-0.7240988186778553,0.05086046504763797,0.16111502753273954,0.004686555346498034,-0.3235814667640075,-0.29769117380210997,-0.11629164465742192,-0.9458175775220511
observation_0260,observation,,baseline,,none,0.047254257727956675,-0.47774388947365365,-0.8238667914300828,-0.37799829817503955,-0.1803514221093829,-0.7730411297934773,0.9163566259662924,2.7345529986231365
observation_0261,observation,,baseline,,none,-0.8828140817429755,-0.6562601592033891,-1.3354788694806514,-1.1557376969487159,0.4196193484114161,-1.6412653735318192,1.3348703127632013,2.1125625308271805
observation_0262,observation,,baseline,,none,-0.914605932668447,-1.1012796656275483,-0.6281733610190545,-1.634677971321083,-0.028506839917207427,-1.156451432883537,0.8394941996608265,1.1930572887820552
observation_0263,observation,,baseline,,none,0.32962565271518274,1.1579119897345522,1.3575267963740987,1.9146309369317827,-0.3313304647793559,1.1507517113315633,-0.5261992172764764,-0.7109221022927252
observation_0264,observation,,baseline,,none,0.03882454175349106,0.24881562653242228,0.45174164897351926,1.289691664075513,-1.2424423407337406,0.3092216984471304,0.45026739602340354,0.04446634451171183
observation_0265,observation,,baseline,,none,-0.3435550961223902,-0.3805967298202252,-0.6299351090341909,-0.7941907271994109,-0.0037585707551390235,-1.0359575568832842,-0.994742575518512,-0.07059336943176397
observation_0266,observation,,baseline,,none,-1.0437235404355842,-0.8993554480801561,-0.24055296628745215,0.5297735899166167,-1.357054698395634,-0.8169213160162883,0.8706264301524415,1.070161787110189
observation_0267,observation,,baseline,,none,-0.6344660178489113,-0.17204186350071105,1.5119260617633157,1.0815170896277366,-0.8006566919778543,0.45940463779285823,1.6499477448849738,1.9176541619285614
observation_0268,observation,,baseline,,none,0.08109804776147242,-0.06624646956463331,-0.009569980638497538,-0.5488135676230469,0.21961003926306272,0.0905369347220461,0.3522004938178249,-0.02111624777497173
observation_0269,observation,,baseline,,none,0.015946865483801878,0.7824928372619515,0.9363268036922823,0.5180555041547057,0.4808723781158688,0.6203281541700472,-0.8102784157349479,-1.0471352060577266
observation_0270,observation,,baseline,,none,0.34485004580016765,-0.22170522639028653,-0.6322985947800488,0.14281501083720005,0.48719176130379876,0.5114452761908127,-1.0639505857012703,-1.6109076022666298
observation_0271,observation,,baseline,,none,0.7616974597681417,-0.08413910057267382,-0.5042455011426817,0.02664569722750132,-0.34068235106261435,0.04080823746438711,-0.301848783939903,-0.17604364962932126
observation_0272,observation,,baseline,,none,-0.1696282611485049,0.5865017408963482,1.3629628944863077,1.664828621407136,-0.15874157359355845,1.5600196740228023,0.7167062634914227,-0.1407166233861119
observation_0273,observation,,baseline,,none,0.2344835780220423,-0.048707881598767294,1.0456382958538941,0.24569640205668497,-0.907416817123892,-0.29297874527318585,0.8241258015235775,0.2547719940397708
observation_0274,observation,,baseline,,none,-0.06889922371962524,0.6617054654654243,0.44106140651975856,0.971816381836015,0.1355908626319255,0.7381545931177262,0.6859854699919714,1.1023534014929324
observation_0275,observation,,baseline,,none,-0.24826981762430653,0.2661461813850249,-0.11712491502509634,-0.48241643697466163,0.5227611904064948,-0.5466961418799642,-0.6000230137997579,-0.4605365301335924
observation_0276,observation,,baseline,,none,-0.12239537284409964,-0.7647227754021697,-1.1769497944853784,-0.8215732833108045,1.017205346260132,-1.0237718042174409,-0.6005179516182517,0.030775019078785378
observation_0277,observation,,baseline,,none,0.4803766054599442,0.03151152261617868,-0.30723869293536704,-0.6532331790469559,0.2900392282787774,-0.4632100687089062,-0.6903940013327545,0.036680519684965884
observation_0278,observation,,baseline,,none,-0.5142094849598433,-0.33528834464168084,-0.3104335848159968,-0.4794439696865081,-0.34125153035294153,-0.17726496421319737,0.3076556018488924,-0.04797607865036119
observation_0279,observation,,baseline,,none,0.5705191199931113,0.2891425052419064,-0.39193127834657243,-0.6593844922110332,1.3074873895110821,0.4378934238658959,-1.22847876936987,-1.8663073737539666
observation_0280,observation,,baseline,,none,0.738643600548928,0.6684894209290149,0.21468467381989093,-0.8858369646819715,1.5088829484816642,0.009523644571686779,-1.412712101419451,-1.7246139656009696
observation_0281,observation,,baseline,,none,0.01786643618183051,-0.29374093984661376,0.16715040707423395,-0.8375724936842911,0.43640656988369664,-1.8837672316099296,-0.002887823766573594,1.3551052262830003
observation_0282,observation,,baseline,,none,0.12745912432394213,0.04675696206928655,-0.0787522874733382,-0.16225793494582222,-1.0433216869187407,0.33314424654890545,0.46903598121636425,-0.19572210184307204
observation_0283,observation,,baseline,,none,-0.7058996534919681,0.006612772884449891,-0.41991576393353386,-0.659494026927495,0.7230679286233485,-1.6799589377917388,-0.3522208843830216,1.6636854149085858
observation_0284,observation,,baseline,,none,1.1802672752272843,1.4926459608799627,0.7221091130801021,1.0824748047639534,0.41506191433157996,1.9732459490651815,-1.0757243424557486,-1.9210659251457616
observation_0285,observation,,baseline,,none,0.48944284953476075,-0.05241212724868155,0.4425215191646611,0.7788223264166522,-0.636816564556903,0.6895550262120095,0.9160400850906594,0.7646626995721495
observation_0286,observation,,baseline,,none,0.08613793169546163,-0.055689811028886906,-0.6103444456186383,-1.3107042657242756,0.5989881499765102,-0.5513708630304793,0.43130385619399103,0.8766400293270615
observation_0287,observation,,baseline,,none,0.028718801692449624,-0.04329041981456358,-0.1512034624059096,-0.8963757613052763,1.3203992156632365,0.0618780558485067,0.06066753738185371,-0.2562320644413132
observation_0288,observation,,baseline,,none,0.2254859342789606,-0.5170866327871011,-0.01094347271917695,-0.31652077106808374,-0.23031620244383125,-0.2136321352053514,0.5168528329634356,0.6572523059342954
observation_0289,observation,,baseline,,none,-0.32561796756590156,0.241063242370146,0.4426234513653279,1.4962243146516476,-1.1144863499734698,0.4851631390143034,0.8763104099303399,0.2650149254437599
observation_0290,observation,,baseline,,none,0.14163088214532032,0.3814934807071471,0.44590396982640723,0.033734892018663865,-0.47522718440523626,-0.12132529776292608,-0.15849213095902576,-0.1965492874771599
observation_0291,observation,,baseline,,none,-0.4617884672871238,-0.0625584923380898,0.05103171760214045,0.4074794229203832,-0.4944392797018579,0.07966602123346721,-0.025003869146075552,-0.13854882506964572
observation_0292,observation,,baseline,,none,0.2486597963987409,0.11892172763465972,-0.40529684841801156,-1.1925189497125375,0.500386833643497,-0.4589189490998919,-0.44637603730782927,0.4893901782322021
observation_0293,observation,,baseline,,none,-0.33910663513246075,0.19779190507877153,-0.2214087282441212,-0.47485535959310665,1.2271435159423518,-0.26257971754515796,-1.3601424352572058,-1.0373178313712996
observation_0294,observation,,baseline,,none,0.44775916435907576,0.7951387488984629,0.44305628288689797,0.6945215717358662,0.2692096583482934,-1.1423672877113629,0.07589713502320994,0.39964714108120647
observation_0295,observation,,baseline,,none,-0.0601845760225849,0.5378849588439456,-0.9832030177794351,-0.7355914531954701,0.754649987454292,-0.4429792984065504,-0.36647068926886134,-0.3185189654744891
observation_0296,observation,,baseline,,none,0.1343730405941658,0.009019713227258863,-0.24038742003010302,0.01176169595966911,-0.10810183113817928,-0.7432226707825249,-0.617542749659471,-0.6079111218707037
observation_0297,observation,,baseline,,none,1.4804440550882392,1.2109981208990903,0.9986236417226148,0.7712722670129635,1.182390533225488,2.3392441973257574,-1.3617256520804126,-2.842963086526204
observation_0298,observation,,baseline,,none,0.40211656862054224,0.08708888144642332,-0.004580639487804822,-0.11473293398862652,0.22413829365200674,0.4983422968148015,0.1659332373024665,-0.15405462741796588
observation_0299,observation,,baseline,,none,0.13390020873600064,-0.06773853339216279,-0.16381364218783143,-0.21927259527719142,0.09177311903063867,0.40671111385504005,0.49249188315037207,0.9316197352434715
observation_0300,observation,,baseline,,none,0.02219428073757498,0.5062725153277279,0.5155006700693787,1.23266291677155,0.38174751633773363,0.8590972104183691,-0.14442098935531883,-0.3105438697740037
observation_0301,observation,,baseline,,none,-0.5195810590237142,-0.3368377260568812,-0.210540699652441,-0.15751101515084076,-0.008061986081782269,0.04566234893550364,0.5017664776464803,0.2130303431238869
observation_0302,observation,,baseline,,none,0.5421105693012425,0.3026314324125151,1.04325943525093,1.1814158298447235,-0.2366767676736934,0.35414886155071695,0.18833929536492777,-0.401364522894414
observation_0303,observation,,baseline,,none,0.8011695911360275,0.8624231795956407,0.8124678457688865,0.522785538332081,0.16574460124503398,0.972867938296485,-0.5571872671797417,-1.1957539075373376
observation_0304,observation,,baseline,,none,0.032177560413478516,0.35527536577654545,0.7034682215094072,0.6924610719625818,-0.44106748066845775,0.7849460459484378,0.399995170665987,0.5036777622181265
observation_0305,observation,,baseline,,none,0.8383757640026568,0.20971812601883993,-0.14656607207104663,-0.8560886080978743,1.2790525298524045,-0.005647010192292093,-1.057290914348695,-0.47398925693289984
observation_0306,observation,,baseline,,none,-0.05613888500108813,-0.3631467515445637,-0.20402620893309742,-1.3187990198499822,0.6878949415921221,-0.29741291730543995,-0.7273012344413873,-0.641596201572161
observation_0307,observation,,baseline,,none,-0.8865271749802076,-0.2644191853810242,-0.13218962454327587,-0.14676663404537044,0.04235566654527219,0.10137098329594219,0.38778284626075543,0.07390643153894988
observation_0308,observation,,baseline,,none,-0.32661914445089435,0.0343986383743079,-0.12037438839801042,0.044345770707609665,-0.05351131842075779,-0.10340723283714573,0.15342704736095802,0.4294112949223669
observation_0309,observation,,baseline,,none,-0.5284961648728326,-0.47474102775543425,-1.3147885020581578,-1.2918421787204775,0.5896695013120483,-1.4196702537316002,-0.035103126141885155,0.2664288390896627
observation_0310,observation,,baseline,,none,-0.13727001181713352,0.5018388709682151,-0.2544877348524734,0.24148790393399747,0.17518686324702132,0.4756516607899922,-0.046121577119305104,-0.4415890623302861
observation_0311,observation,,baseline,,none,0.3134904054258948,0.16988438329380134,0.3398326454435254,-0.1896388210038878,-0.36952476181233535,0.7945616557935468,0.18910999472007495,0.6276930933047367
observation_0312,observation,,baseline,,none,-0.46448678578584496,-1.2908229311626958,-1.2234706877792019,-1.9428434408164268,1.0279427767382932,-1.7562476718602538,-1.4510015635688966,-0.6472642808330666
observation_0313,observation,,baseline,,none,-0.04012255524211601,-0.42603245237877285,-0.5415867181867104,-1.3063211809248179,0.3453311023123982,-0.08603962717559799,0.9707659362504285,1.064357985342619
observation_0314,observation,,baseline,,none,0.09967604717841842,-0.6676027627091876,-0.9737452198414255,-0.7026182937117779,-0.6536850246957517,-0.18120328922878415,0.816228848678624,0.9453813011703354
observation_0315,observation,,baseline,,none,-0.36651412098977354,0.31624425305218046,0.29469935089659194,0.004753091403777054,0.30440189177732013,0.16423049924128197,0.1441137570890842,0.46515301017616056
observation_0316,observation,,baseline,,none,-0.4546595471175115,-0.06565552511446265,0.19175637501103937,0.25052415772327297,-0.6043547202006623,0.3674662459908591,1.4668772030484774,1.3211084183550472
observation_0317,observation,,baseline,,none,0.04359140546573105,0.0898677760671186,0.9736209201799935,0.06167161777231023,0.6453914953625778,-0.48296268608843496,0.06168114678643832,-0.456728791862659
observation_0318,observation,,baseline,,none,0.4361848228072697,-0.8534649647580219,-0.8068356121435917,-1.4925208878100038,0.729464528789393,-0.4250070026753627,-0.3724816765698898,-0.5022235231880928
observation_0319,observation,,baseline,,none,-0.30161403694576855,-0.9497540890579735,-0.9728114300684558,-1.0121906234443374,-0.35517248875954893,-0.11447408260128511,0.6975408485927381,1.1517566246230708
observation_0320,observation,,baseline,,none,-0.37569581689856213,-0.33835810442758874,-0.19889292372164907,0.36113356108955075,-1.052567005172103,0.744520345571137,1.7108803679073779,1.2917607198525758
observation_0321,observation,,baseline,,none,-0.07062666986210081,-0.9395424812902822,-0.2942376580446503,-1.0619614367374643,0.3089910197138254,-0.12112708039817349,-0.032434700508980785,-0.02261293140538126
observation_0322,observation,,baseline,,none,0.14497430531842936,0.5723793544466617,1.6365465757050415,0.6783119673661286,-0.39218349355574456,-0.06903612532142828,-0.40787302836439016,-1.112958558513516
observation_0323,observation,,baseline,,none,-0.2715084269375292,-0.24153220545812426,0.034514184962392,-0.004498839965916129,-0.9154657799958588,-0.007436033159306091,0.003513206331908547,0.19391024579485938
observation_0324,observation,,baseline,,none,-0.16707388630207207,-0.18850779287948732,-0.9126246194294058,-0.6956653615133988,-0.46043594175595004,-0.5378188148878057,1.0929361645861948,1.018829812725797
observation_0325,observation,,baseline,,none,-0.11563427459970721,-0.11264906046200683,-0.11418341328674862,-0.3441675326122808,0.5105019139340357,-0.1853746353720295,-0.3890299827968008,0.10033002050451628
observation_0326,observation,,baseline,,none,-0.5428957971941955,-0.8551017353513471,-1.3601349056093053,-0.6096539568187267,-1.0791554734012392,0.03621365901975482,1.218479918801146,1.4197228407427256
observation_0327,observation,,baseline,,none,-0.08876855456891156,-0.5837154507024188,-1.0295932039210878,-1.8695103217146851,0.36339959658313825,-1.6678749929716097,-0.23830139752231336,0.129774470977089
observation_0328,observation,,baseline,,none,-0.2800239014192697,-1.1453431250431811,-0.15213103608187484,-0.8316595058569614,-0.03795479805506352,-0.2647726891798006,0.36552273104334565,0.04708347521040612
observation_0329,observation,,baseline,,none,0.7916945815583343,0.5659238324926712,0.3132560711533605,0.14415465151948756,0.7786754983811217,0.6137212166710855,-1.1715098636927213,-1.68255085493857
observation_0330,observation,,baseline,,none,-0.2586612175822443,0.02206645848870914,-0.35846207509433237,-0.6802159978249177,-0.0385890552835324,-0.9290326507528619,0.37025007631327655,0.8867638449986543
observation_0331,observation,,baseline,,none,0.2285555010578044,0.04118765319125001,0.6996171092492195,0.6316031097313146,-0.7915699605372783,0.9734298767479593,-0.6138985530806398,-0.5993127900573907
observation_0332,observation,,baseline,,none,0.18975942063338774,-0.008433636339352707,0.011205391409767887,-0.08811681765966814,0.5321166594921004,-0.2606641145283851,-0.5352247057552675,-1.3260177409883795
observation_0333,observation,,baseline,,none,-0.559016060360306,-0.8613556744685689,-1.3595050240510385,-1.3431674730716736,0.38635643070404324,-0.8715481971650211,-0.7467080621335457,0.5281992948200962
observation_0334,observation,,baseline,,none,-0.6244748436441849,-0.31178953685837035,-0.2692396315807012,1.043654190142861,-1.3652034296005908,-1.0267713273512646,1.1747169654501437,1.663779981440334
observation_0335,observation,,baseline,,none,-0.22274281511045518,-1.3816246085497237,-1.9573365038710153,-2.4497097674336903,0.7567096708109418,-0.7510659973063272,-0.38688800445211513,0.07173288514741966
observation_0336,observation,,baseline,,none,0.3312870585611502,-0.32032235257302166,-0.7339964780895946,-0.9543746033121265,0.6656183498111878,-0.4850289948656781,-0.6134793319792271,-1.2618655080649641
observation_0337,observation,,baseline,,none,-0.2866196560741416,-0.5298412199296388,-0.4000584220887313,-0.18872793906195712,-0.8946646917325352,-0.36614452670366515,0.8142434462879529,0.47612016250896805
observation_0338,observation,,baseline,,none,-0.328077205263594,-0.48389778832146935,-1.7228861773357218,-1.8417106201650268,0.5112854317463975,-0.31781776192187305,-1.1098740035284367,-0.19799351732002624
observation_0339,observation,,baseline,,none,-1.450110369871262,-0.906121758466716,-0.47418507114774894,-0.18881902042278492,-0.12597981138036884,-1.6440693810536744,0.012505520157670702,0.8838744918248467
observation_0340,observation,,baseline,,none,-0.19841944610176168,-0.23509654950159511,-0.09959745181464055,0.2962439682122676,0.41044837821375973,0.5063911935634007,-0.3098892981549321,-0.3857263420516335
observation_0341,observation,,baseline,,none,0.15623944174573723,0.18710167266671612,0.5737145073121366,0.5361116822015738,0.174417399266931,0.8619112830722443,0.04599806972101955,-0.5084803146817554
observation_0342,observation,,baseline,,none,0.22234361298796246,0.7785271812422918,0.49206828295117766,0.8915346105263029,-0.12424560905951519,-0.4649657557898219,0.1721450809466778,-0.05966672030716472
observation_0343,observation,,baseline,,none,0.2145961313706144,0.8362685374077266,0.9502254694376773,0.7187651947588435,-0.1795792087133511,0.5786020705127517,-0.7688045051327045,-1.2548909533857548
observation_0344,observation,,baseline,,none,-0.1639222418687849,0.20905836940985162,-0.31710777841529747,-0.31269240151833344,0.45047701767422904,-0.4126868607659494,0.40239069737842276,0.9262055815835598
observation_0345,observation,,baseline,,none,-0.11357891460010552,0.5447955613716005,0.01766799341019265,1.1331548813652275,0.09259323424701443,-0.006478182732948978,-0.06698953212847741,0.2586794774400155
observation_0346,observation,,baseline,,none,0.41613812703553865,1.156117580952201,1.0803577820222618,1.2833460455478796,0.6269519692711034,0.15964671449732581,0.2608473218069388,0.256321977418298
observation_0347,observation,,baseline,,none,-0.0678554422533264,0.13771136493256725,0.12628490645160834,0.6065095170047459,-0.3823499434576459,0.6415616426768743,0.6446814622996974,0.1808535028821336
observation_0348,observation,,baseline,,none,-1.151521665798774,-1.5052164360365712,-1.3702811507784087,-1.5682253594849873,0.08430448685844807,-0.6546452782310527,0.8806259679270212,1.5564155448461288
observation_0349,observation,,baseline,,none,0.5100048404605754,0.8596430797402874,1.4373173225750708,1.1063584987551844,-0.8489084393382225,0.1932718259801911,0.7226063440186763,1.1765428332421164
observation_0350,observation,,baseline,,none,-0.5388402307231805,-0.8746464716925402,-0.9342494698844215,-0.3048240339293107,-0.6270099427297147,-0.8434731705517078,0.38674990613097066,1.2987222963977372
observation_0351,observation,,baseline,,none,0.6876444382198492,1.412278262443987,1.485151260545281,1.4129900859460007,0.8553077673859307,1.397430882531737,-0.9194655990303914,-0.9886522644137984
observation_0352,observation,,baseline,,none,0.8470734842595122,1.4554741977434087,1.4716410282688717,0.7000810041988931,0.6640418887432054,1.910242460785142,-0.26933170152166563,-1.9760379308681522
observation_0353,observation,,baseline,,none,0.3812198376791231,0.007740756539115712,0.07602416688376593,-0.5392385800508893,0.6511577158018578,-0.9005583623084217,-0.7334249318939265,-1.2667925439834409
observation_0354,observation,,baseline,,none,0.45205785052744213,-0.2334507299730988,-0.013995780392459328,-0.2885971183553864,0.4537496625194509,-0.6991507436491556,-1.3863027065652918,-0.5113073236641505
observation_0355,observation,,baseline,,none,0.9288993498370218,0.3059013023358109,-0.5993484614744802,0.0807913708578818,0.6041051384089203,-0.13702081815848932,-0.6887297221687765,-0.6851237240964604
observation_0356,observation,,baseline,,none,-0.5510621528508242,-0.4182840644089971,-0.6628041198850461,-0.26074346943548726,-0.134392641016571,-0.8919652946655112,0.3927094935530512,-0.9869368348668718
observation_0357,observation,,baseline,,none,0.12692591895956393,0.7294804429968185,1.1976672845545575,0.72055518240213,-0.2159082973942308,1.0023173329984572,0.35031682393798097,0.15917333019175792
observation_0358,observation,,baseline,,none,0.11953306764960119,-0.5340409133530416,-0.6366493519346611,-0.7505472544708448,-0.9766894553082159,-0.8468970592110783,1.0088053672801518,1.9181941377002296
observation_0359,observation,,baseline,,none,-0.4835548322441898,0.10246222530372234,0.4312770540740921,0.5172490361488271,-0.916626575599927,1.2052793746935353,1.7970747055879364,1.2916467937055431
observation_0360,observation,,baseline,,none,1.0059062288749612,-0.3306940605127653,-0.07146905565796288,-1.3304365135893987,0.5967147090490429,-0.024612531514552144,-1.454611117635104,-1.148374569356027
observation_0361,observation,,baseline,,none,-0.29034669203242436,0.4036063720239514,-1.1661519947886692,-0.7763929884629432,1.3264406728041755,0.018717215495426598,0.052630220296138286,-0.7873812820706149
observation_0362,observation,,baseline,,none,-0.36562315239822923,-0.2869178393696398,-0.9219797483797382,-0.9239093560200853,0.5674718200592811,-0.2841661881525962,0.08178181198493722,0.7993182774161234
observation_0363,observation,,baseline,,none,0.13385712432055988,0.19357181760618786,-0.16758130547022138,-0.2261313853388182,0.9109294372424199,-0.5849602985720456,-0.6720113216731529,0.8650651154331729
observation_0364,observation,,baseline,,none,0.5155587991603015,0.30782811775352226,-0.07250755775155399,-0.6023150377486554,0.13462221996131696,-0.8061199879332872,-0.9133691940518203,0.7491955662381101
observation_0365,observation,,baseline,,none,-0.3005232665227777,0.25750452439127236,-0.0019982559580269676,0.31908786896717933,-0.9270845887197582,0.5268077330695877,0.7852646306250567,0.48223549208809746
observation_0366,observation,,baseline,,none,-0.2997836459335645,-0.024192185152370677,-0.24715410668378326,-0.355693158100598,0.5471988117394075,0.3307093409179128,0.015986308085455536,-0.020861390014734527
observation_0367,observation,,baseline,,none,0.25205455563844936,1.0204056370096553,0.5016294646036445,0.21128269015657702,1.6227513639903728,0.4324399691281965,-1.2232338099245272,-1.0684506212441678
observation_0368,observation,,baseline,,none,-0.7128072497529486,-1.3870907872594427,-1.591132750459505,-0.582253263046375,-0.6996288315544408,-0.5688430374825681,0.4797933643028047,0.37819475219591625
observation_0369,observation,,baseline,,none,-0.38629280785551245,-0.7229408480974853,-1.636654230915689,-1.6311464518274637,0.36539008165373904,-0.9127382382471936,-0.43150575449862383,-0.1317193905441263
observation_0370,observation,,baseline,,none,-0.419117566603693,-0.9663949391904084,0.08835219273895778,-0.8099708000850419,0.20502741585559042,-0.45181535450196647,-0.40706621444096014,0.3774941090991505
observation_0371,observation,,baseline,,none,-0.21716713523561954,0.20687393761946873,0.8695231662850644,1.3997521260662673,-0.24619007701174422,-0.0749868229014381,0.5649888040976077,0.65692113664461
observation_0372,observation,,baseline,,none,-0.07113319997039746,-0.8935823110927237,-0.37829745825321637,0.1231152348354464,-1.5240070266605659,0.07152628197139063,1.3806248448028846,1.1439941038535795
observation_0373,observation,,baseline,,none,0.9221042136863127,1.8609848197137,1.6214070691890423,1.0625593494831012,0.6385807357664419,0.9083695413421455,-0.23859298456804529,-0.9778461338421004
observation_0374,observation,,baseline,,none,0.4536804616641691,0.3634861718698269,-0.13997255393013025,-0.38953676969338075,1.1269759450391572,-0.9210799002812255,-1.30659863061276,-1.4684404158631383
observation_0375,observation,,baseline,,none,0.011199107822788504,0.6187904157487878,1.7623673447375938,1.468412757083101,-0.5096371271023189,-0.6418669728160644,1.0269178166715383,0.8803461561439706
observation_0376,observation,,baseline,,none,-0.11235094540010934,-0.5618108927488715,-0.9889929584247097,-1.162055849792238,0.011766932489359783,-0.7522424665102747,1.2716645462195553,2.139650493655838
observation_0377,observation,,baseline,,none,0.43717563279318983,0.40418545212811974,1.0661381319028425,0.11531679460255495,0.10837267388088734,-0.8147255320782706,-0.15196748471741434,-0.18799575905327615
observation_0378,observation,,baseline,,none,0.21419996440709002,0.4620641666461177,0.5574869644904329,-0.05518738815843227,0.004693626618441471,-1.1467284428413318,0.5103626608525602,0.47975713967073985
observation_0379,observation,,baseline,,none,0.4456044781339933,-0.04124638735860581,-0.5057579320897647,0.4828704951423549,-1.166298413379609,-0.46784125772401763,0.026821824235167435,0.024170592349122305
observation_0380,observation,,baseline,,none,0.6904875393441395,0.3694608366289894,-0.08887014376520724,-0.508726790801546,0.8813697270359686,0.12368765463665846,0.3702160984932903,-0.3699400990794568
observation_0381,observation,,baseline,,none,-0.5040924540919131,0.42582458789264016,0.15961158937457176,0.10376149406803642,-0.3601548316104005,-0.17049871026373262,0.7221435318546966,0.986782160188489
observation_0382,observation,,baseline,,none,-1.12642747941108,-0.15530196031464294,-0.46563539619706185,0.2683273537318309,-0.4292982671445486,-0.2734692524005021,1.2593868304450826,0.519972904264051
observation_0383,observation,,baseline,,none,-0.010901247111390785,0.2818507422314612,-0.4671325244679919,-0.5636901412027132,0.22257127740641947,0.5912445263901733,-0.0011254136802603398,-0.746265029698953
observation_0384,observation,,baseline,,none,0.039730684919592994,1.0134932031617843,1.1103719163675734,0.8072485578375991,0.4653391029475008,0.6908903584962403,-1.1242592357304797,-1.348152365607649
observation_0385,observation,,baseline,,none,0.14338942946650896,-0.8725278984855698,-1.258367841233404,-1.8734253889613397,0.5175983373665738,-0.08038442621315334,-0.15396233831033618,-0.920287380601253
observation_0386,observation,,baseline,,none,-0.2994118824556151,-0.06397158462298669,0.3096992526094035,0.5456958192123262,-0.6419952243317151,0.2538943879817501,0.5403263964532414,1.177144019929211
observation_0387,observation,,baseline,,none,-0.11631013985533784,-0.272101884726173,-0.34828483690805284,-0.2625282605074676,-0.8232878772755783,0.37646770661696616,1.0768975017232618,1.5585374143514874
observation_0388,observation,,baseline,,none,0.2793683488254862,0.9074255873543986,0.8736271732289116,1.4082463763592963,-0.21495270986791742,1.628574040166895,-0.3475233717728806,-1.103731154857202
observation_0389,observation,,baseline,,none,0.3062792300534795,0.7693320015944092,0.7360105922566716,0.474964072236248,0.07152732721426355,1.3889336441348268,-1.6520566723905565,-1.552428788752363
observation_0390,observation,,baseline,,none,0.665489421439998,1.0505630008612734,0.7372878535641081,1.316966581787572,-0.5294306846710337,0.8137307505527417,0.1386759830021781,-0.23891614678307
observation_0391,observation,,baseline,,none,-1.0831397070400306,-1.0566369856646183,-1.014175418303661,-0.766883744504357,-0.1538507960041834,-1.4364991686171613,0.26849880352309946,1.3688763537587865
observation_0392,observation,,baseline,,none,-0.8243292429117163,-0.2962475836540304,-0.19461808020728183,-0.30192201967335464,0.4005433055569694,-0.4491128453156454,0.33567178366241596,1.144060241715255
observation_0393,observation,,baseline,,none,0.7309705994445771,1.0518014727539637,2.087004588730675,1.9552764897135735,0.1943559793613968,1.972702518078868,-0.7817592857240145,-0.5630400266353757
observation_0394,observation,,baseline,,none,0.3040992687864962,0.861528831703647,0.11775950328023932,0.39597572533024694,0.5278675940982799,1.1370374709933113,-0.6477272932570851,-1.0558158951523142
observation_0395,observation,,baseline,,none,0.3967174383901002,-0.18549869081108655,-0.5334206843842878,-0.5024013633063854,0.32397569491824824,-0.02516049600406542,-0.5278775191643796,0.8024648887589767
observation_0396,observation,,baseline,,none,-0.1424172437643655,-0.44131123843424025,-0.6064514022598871,-0.990792387970279,-0.09780261839401028,-0.3583010970340784,-0.2534850627800345,0.604047726407801
observation_0397,observation,,baseline,,none,-0.23707769650257182,-0.04335099140886743,-0.6847403524016973,-0.5785941229532449,0.06256689170919738,0.4409064451965359,0.3110889473840536,0.9654336106242675
observation_0398,observation,,baseline,,none,0.09990186872624687,0.7673629796342124,0.006573976862026765,0.06890927148334433,1.189609500493085,0.16678493779744394,-0.9996697377033571,-1.0529990098583957
observation_0399,observation,,baseline,,none,-0.46989375374154424,-0.018783202011915412,-0.8117990797047404,-0.18662786401158837,-0.11434882371348706,0.0691813584202931,-0.022233235384426148,0.19787118735602616
observation_0400,observation,,baseline,,none,-0.7650808435419529,0.15234541433508464,0.08499637483731257,0.9468698419444227,0.2587878947683454,0.6483174623692549,-0.2907987775315826,0.6270468385514665
observation_0401,observation,,baseline,,none,-0.5552849549206432,-1.3649322798200956,-1.5204853812124361,-1.0817951533144012,-0.9986293161464027,-0.8769921995757606,0.7163815164728209,1.0076084741159712
observation_0402,observation,,baseline,,none,0.058263091560230656,-0.09503374351099955,-0.026688595162053123,0.26803636610026566,-0.39456791118866674,-0.28295383822367437,1.030136130119659,0.501181701782687
observation_0403,observation,,baseline,,none,0.3185956448155081,0.472437848282554,-0.3149762084311281,0.3083508932090282,0.06866599092873583,1.561193682097902,-0.25931861804607,0.25249053620846773
observation_0404,observation,,baseline,,none,0.8256296753577714,0.7127329002738771,0.16885855509746867,0.6798463458884423,-0.25004751305953604,0.3679620345205401,-0.39828864459137703,-1.631579783706604
observation_0405,observation,,baseline,,none,0.1859106928881419,-0.8155210242972547,-0.30562311757676724,-0.7768246845364197,-0.2769102840909367,-0.8651244078686686,0.19446805722680885,1.2096248198652724
observation_0406,observation,,baseline,,none,0.23625850343399685,0.7158204836833363,0.9918909402178603,0.3174323680830047,0.28344736214060456,0.12023832748804239,0.13389929987260085,-0.3769150837107534
observation_0407,observation,,baseline,,none,0.8440704643672031,0.7635163549063704,-0.12098774111347588,-0.07787265561590895,0.823398638344149,0.38101215003829936,-0.8212815317884408,-1.1068230404093
observation_0408,observation,,baseline,,none,-0.3883277126807139,-0.5050854276381931,-0.07072987688288124,0.6261673050083977,-1.0088786994013135,0.30977536626803925,1.0342536629352295,0.026854366107632588
observation_0409,observation,,baseline,,none,-0.4796456859204784,0.2631251741281266,-0.06746236212661039,-0.4947823825384775,1.1397680569642423,-0.6077294208374984,-0.3332451153907243,-0.18440716509344124
observation_0410,observation,,baseline,,none,-0.26896582808273667,-1.0529093429242966,-1.5321876039036928,-1.9765205079674013,1.866291848096882,-0.8361893025254847,-0.8435050917079117,-0.8787228447708556
observation_0411,observation,,baseline,,none,-0.0481120318233498,-0.2893400049347316,0.07181537271566618,-0.02053103395913395,0.11910452590060541,0.8600893830195988,0.04832183524437679,-0.2566026890442041
observation_0412,observation,,baseline,,none,1.011617886530518,1.1501514338535728,1.4523774903994346,0.8902331099709216,0.5143443244910783,0.6787559127339509,-1.35077860706164,-1.4782027007873366
observation_0413,observation,,baseline,,none,-0.1744202349633967,0.06590182728987282,-1.2193755037335736,-0.4429382904958815,-0.08601509116671824,-0.26873637835104897,0.05823467899681072,-0.5693415147156203
observation_0414,observation,,baseline,,none,0.6535567001762312,0.345145885289207,0.7080889253890208,0.4773151333751556,-0.3485859253445505,1.2240915441280857,-0.27257754702690873,-0.2957902876635429
observation_0415,observation,,baseline,,none,-0.23633040512628586,-0.2423193976839964,-0.5039874191728413,-0.01975415576761802,-1.0538313020825414,-0.6261212743454168,1.177468735446411,1.8347457516230419
observation_0416,observation,,baseline,,none,0.24570809011544817,0.055224052969097895,-0.2504297292770859,-0.14332580789188948,0.40161049165312157,-0.592622542803377,0.29045143035903465,-0.5732067320072574
observation_0417,observation,,baseline,,none,0.34065846447123227,0.6720813812750115,0.3786098928980939,0.5699015327060332,-0.5931443181948614,0.06062498847390729,0.13014228789342183,-0.2828763061898486
observation_0418,observation,,baseline,,none,0.26647626994519824,0.03438079693259724,0.5244127160079487,-0.27410091329753317,0.5873564048960548,-0.08847487957292001,-0.11748399604247156,-0.46077973670266703
observation_0419,observation,,baseline,,none,0.37552327732839713,0.6018285243474889,1.1266076907111207,0.6110745598565444,-0.3270124937427238,0.9215923775855566,0.30710503318046384,1.5978673725918173
observation_0420,observation,,baseline,,none,-0.3445197190640678,-1.284700767776366,-1.0353573696423906,-2.127524785587668,0.7230041096198957,-2.0518734857305105,-0.5131968579319511,0.6319593320692379
observation_0421,observation,,baseline,,none,0.7280736846554319,1.124361346343318,1.3520059950974543,0.7802468480536111,0.64617596689595,0.33171910300987006,0.030228585056486512,-1.031345309791384
observation_0422,observation,,baseline,,none,0.4904961730926426,1.5641248774992893,2.419658089202818,1.9490302887628237,-1.0942960939188189,0.5911295215528984,0.3933871141162406,-0.09398625456479293
observation_0423,observation,,baseline,,none,-0.3509393417436291,0.004165023489147379,-0.05982839946833269,0.19512373623362872,-0.549961951115848,-0.8689731374095645,0.15215496470978213,-0.16889113997655308
observation_0424,observation,,baseline,,none,0.2528815785668157,0.13375501652833208,-0.4406208824686924,-0.9985073337078425,1.0977964706804446,-1.0679831543871123,-1.2751542072920674,-1.1220301655046407
observation_0425,observation,,baseline,,none,-0.53658038995299,-0.643143510947288,-0.3720570768504635,0.5238054817570568,-0.7589122073313822,0.4360002501106905,1.2209882045326919,1.733266885543206
observation_0426,observation,,baseline,,none,0.04745016985262934,0.3830991852831417,0.6412807406500372,1.1890217728233738,-0.207121020422876,0.6657809207731482,-0.23778955904351481,-0.5488979634787736
observation_0427,observation,,baseline,,none,-0.5855431953361753,-0.734967209431855,-0.7947820630414959,-1.223667024233801,0.14634945494217827,-0.7644807200491588,-0.30167809083562813,0.2510600108926526
observation_0428,observation,,baseline,,none,0.3591832787849487,-0.1579386481680935,-0.29202283841921833,-1.3425371070136336,0.8855094661646357,-0.2069514354114717,-0.19074795147859802,0.5171992793854219
observation_0429,observation,,baseline,,none,1.4821854950056779,-0.02692229771840271,0.9937805437968262,-0.4924879341915141,1.2620759134418011,0.5741578736355133,-1.1508405858851605,-0.2347552547133751
observation_0430,observation,,baseline,,none,0.735420006743675,0.6360980807310032,0.39072409004405184,0.4025112040487737,0.3501133347430627,0.7183949754995549,-0.5423641723356469,-0.7165903557689818
observation_0431,observation,,baseline,,none,0.3653897109214134,0.11035989502689131,-0.3993036934828137,-1.0480950959975828,1.3489540901229558,0.6149996695678078,-1.4779022005652587,-2.1430320381918033
observation_0432,observation,,baseline,,none,-0.45143575705673067,-0.4339887839839941,-1.7829167226780696,-1.6002447553960442,0.7580007172104531,-0.6315571498022758,-0.27753993476261396,0.0738456400430571
observation_0433,observation,,baseline,,none,0.1901290062593048,0.13193544702063056,0.47589864727423237,0.610525773599046,-1.1219909899739755,-1.0384976703125768,0.1994817007187194,0.7430442196726315
observation_0434,observation,,baseline,,none,0.5922780475950978,0.060535748626043384,0.6388610544902846,0.5137024431095489,-0.12325993056643006,0.7904673357704485,0.006265666136907294,-0.3823290730930556
observation_0435,observation,,baseline,,none,-0.04419151612036356,0.06274173751520912,-0.5783405455200594,-0.09641650900489585,0.40634972536112024,0.4389983873055444,-0.19798675874488636,-0.010253933209229238
observation_0436,observation,,baseline,,none,0.06463927741435102,-0.49471359087164113,-0.2044954380124557,-1.008377308656592,0.8329772863706946,-0.21926833877677027,-0.6378162689881931,-0.7474951720088212
observation_0437,observation,,baseline,,none,-0.8471713398387042,-0.650714882156397,-0.804065870871275,-0.2879024801937659,-0.8049582347813817,-0.7961179283771047,0.9124574476147376,2.230530720204416
observation_0438,observation,,baseline,,none,-0.42771024259600127,-0.4401058439801031,-0.41160102048286823,-0.020074906633033074,-0.7333553468729707,-0.7188206864544764,0.9469752692413371,1.5026112102328322
observation_0439,observation,,baseline,,none,-0.9241763308833367,-1.501071353276847,-1.6923767992105727,-1.0845991294752102,-1.5636519646582911,-0.8884245318879777,0.47410452226235367,0.2707135413775278
observation_0440,observation,,baseline,,none,0.9572345530603689,0.06407883724765673,0.005250420260206341,0.11724137576724253,0.24426933545660182,0.7957527190105413,-0.9792215950245426,-1.1878096107179703
observation_0441,observation,,baseline,,none,0.23631606462189422,-0.13082448174113617,0.26810357698156045,-0.5645624126105848,0.7405676608461274,0.26632262935012896,-0.22833600346139243,0.10430517257977251
observation_0442,observation,,baseline,,none,0.36234548845268566,-0.02756830713732128,-0.32461633921154703,-1.6285764005044534,0.942085826062478,-1.6315422040405898,-0.8438955486422629,0.1376594226111777
observation_0443,observation,,baseline,,none,-0.1013493210202058,0.05865489923535466,-0.33063672020546425,-0.0648539959085277,-0.11572167276813079,0.1021189902466621,0.5340860221977037,1.2460207849196816
observation_0444,observation,,baseline,,none,-0.7303326374837018,-0.7137295404135222,-1.19035136607422,-0.17986339817988828,-0.6059969015496331,0.28623350415717885,1.4883987716767846,0.8575261072374595
observation_0445,observation,,baseline,,none,0.08798541691358214,0.03600874141282763,0.5500717302931483,0.008542043139353084,0.8207332166078551,0.4413456775500012,0.17256338817060024,-0.8095984442198617
observation_0446,observation,,baseline,,none,-0.31824442771802275,-0.427177181010545,-0.8444958818635547,-1.1295342084826197,0.9726611736219055,0.6386243764286103,-0.09225339332542981,0.20375948361996
observation_0447,observation,,baseline,,none,-0.4849131672837297,-1.6345068015396749,-1.204052506170984,-1.2513742578295897,0.10006383003390851,-1.1840494371251435,0.1277484992568751,0.7121478468742233
observation_0448,observation,,baseline,,none,0.027705468880855795,-0.042304183148161714,-0.7025563433079698,-0.07225043387127406,-0.05386704062846554,-0.6582075034220268,0.6215229150061697,0.6573513573223136
observation_0449,observation,,baseline,,none,0.05490915751938833,-0.382648605293955,-1.4512950562928346,-0.9551287094842051,0.19738660628188864,0.005923497495478769,-0.4491346782110045,0.12115855635618933
observation_0450,observation,,baseline,,none,-0.09024631587218372,-0.14309515337414447,-0.4521195206417351,-0.9982577898512484,1.2203320044935744,0.2511019191296139,-0.7252810110108454,-1.2104578012541154
observation_0451,observation,,baseline,,none,-0.38713439080567613,-0.6540332714154625,-0.5147385091413474,-0.7384968538804924,-0.8268201177453722,-1.0517145365460023,0.571687336946656,0.3905716967596661
observation_0452,observation,,baseline,,none,-0.4929339170860667,-0.017215413290026904,0.4823375108694659,0.21787609055564228,0.06649684677425552,-0.06352821178175937,-0.12676514672039763,-0.6600635268350126
observation_0453,observation,,baseline,,none,0.0031602906501139306,-0.020744620266160474,0.3355235261094626,0.5191542849139896,-1.083777212196333,0.38537902643186744,0.3957587546676806,0.5811269470665512
observation_0454,observation,,baseline,,none,0.6112426557206577,0.7820054664540308,0.821488890571539,1.0574563698839228,0.2503468627728562,0.9926045516376724,-0.14255535303761835,-0.7503887168126204
observation_0455,observation,,baseline,,none,-0.8021550602899455,-0.17081262847604106,-1.43957228417068,-1.4315960475058365,1.245390227406935,-0.37995640553213095,-1.3880558141757997,-1.4357235374665325
observation_0456,observation,,baseline,,none,-0.32859099671578423,-0.5133344315407007,-0.2644241437036429,-0.6998867616036554,-0.3466066053986299,0.7439571905951032,-0.6176874157493295,-1.80969789329348
observation_0457,observation,,baseline,,none,-0.08117914327615817,0.3508112031829257,-0.4639168880771406,-0.12542570471847414,0.5251687451651241,-0.39338483010776226,0.15760105077249742,0.5879637640614997
observation_0458,observation,,baseline,,none,-0.07936899493021693,0.05880948290962891,-0.3372875549649973,-0.364918343770675,-0.2223225395015595,-0.37612949974502613,0.3856452105426209,-0.05781857830725162
observation_0459,observation,,baseline,,none,-0.29638171212222586,-0.7364414907053064,0.1867158108621294,-0.3945767317650641,-0.872036085246042,-1.0982778674439682,1.1126503346528989,1.9285727310218541
observation_0460,observation,,baseline,,none,0.9642532743595216,0.6169904667447103,1.0135979327048923,0.4536283650895463,-0.005504430867724369,1.0180162281946386,-0.3408221119847392,-1.0489216996940918
observation_0461,observation,,baseline,,none,0.199899560014472,0.1869643520964515,-0.41073590963775813,-0.05787642924884717,-0.16728146790261542,-0.5362608251702145,0.29553015021099366,0.5970477543587747
observation_0462,observation,,baseline,,none,-0.4926917368209122,0.29007463290968033,0.04799713316056267,0.07032953935363198,0.6975829092626373,-0.09603901067928623,-0.5810117563813733,-0.9034127333648767
observation_0463,observation,,baseline,,none,-0.9410654470347761,-0.8330291248850121,-0.39700986729091997,-0.37217865309875764,0.5898979815332249,-0.3213287304286354,-0.3856745308167495,0.12512211135364426
observation_0464,observation,,baseline,,none,-0.08607493700989734,0.7251797935722146,0.5400492125873678,0.26156712086492334,0.443746537561534,0.7895811376748605,-0.8369620978857892,-2.2838494214247183
observation_0465,observation,,baseline,,none,0.7397343783322144,0.9027536378128613,0.66599691535175,0.8526431982432748,0.12631251835040244,0.6952355597564962,0.5821682871846006,-0.3298612926284378
observation_0466,observation,,baseline,,none,0.09638355086791596,-0.9896603680953695,-1.4888486211094767,-1.8023673513233909,0.9218459790696285,-1.116049373202012,-1.14716916056649,-0.11392850642701807
observation_0467,observation,,baseline,,none,-1.1579954889636852,-1.3283848205530573,-0.9657553854020706,-0.7183097490765269,-0.783215989338058,-1.1551972680664115,1.678651994757073,3.0060441224060166
observation_0468,observation,,baseline,,none,-0.6884716903371179,-0.18865624458696967,0.12657130112308126,0.3101423140376088,-0.19567942850745676,0.3906939984565112,-0.25404649045089345,-0.10018734909717286
observation_0469,observation,,baseline,,none,0.06145847924378181,-0.6846461638337471,-1.0512131273082865,-1.2849777520359345,-0.5323546439029407,-0.797394329474699,-0.09173345509128367,0.020561981364930038
observation_0470,observation,,baseline,,none,0.5338051307539302,0.6117548670531194,-0.4976619911325598,-0.8181741996614349,0.8537179523380998,-0.16642742978075697,-0.1497555294903643,-0.5121039447026623
observation_0471,observation,,baseline,,none,0.07053723342869628,0.7406838434880566,1.531251034088676,1.3616636582196122,-1.198700974496771,1.1044885058223919,1.1084317588321904,0.45814244121672826
observation_0472,observation,,baseline,,none,0.07464665527305675,-0.08182797770387391,-0.4593864849421259,-0.5938517300441026,-0.5596635586636097,0.40711834363887434,0.5764881105691512,-0.24037737509418244
observation_0473,observation,,baseline,,none,0.5364981723947772,1.0793950626220628,1.1438990514351675,1.558882195241181,0.19381098693372906,1.5945588614710733,-0.7546985111936588,-0.9987291376574342
observation_0474,observation,,baseline,,none,0.6281266622611276,1.1016559416171674,0.5301654201097208,0.11692649910101227,0.7408114337782136,-0.4221500934239922,-0.22534101418209845,0.7819277063470628
observation_0475,observation,,baseline,,none,-0.338265262718883,-0.26495677373961957,-0.6445939936663178,-0.14015057994062213,0.6515916599710638,-0.7720738142746559,-0.7793453881399106,-0.6000703283659112
observation_0476,observation,,baseline,,none,0.2190228896697673,0.13663629077316955,0.5657274822694998,1.0070578355684148,0.06336841264908022,0.7769045419637876,0.042476260184184614,-1.4389758373311574
observation_0477,observation,,baseline,,none,-0.47869160754967016,-0.24446486510973878,-0.4119702051879165,0.045566291060548214,-0.2948625464426855,0.12992757268681573,-0.005522368786196219,-0.40820042869382067
observation_0478,observation,,baseline,,none,-0.5382848986783114,-0.15435210193136512,0.21216913503370652,0.6336861532821634,-0.8610180102124165,0.24407664416570765,1.5343469308791247,1.2133061057328416
observation_0479,observation,,baseline,,none,0.2941703225196886,-0.5728099030748766,-0.15246021316997027,-0.5305996996578504,-0.4756050478406366,0.5305469887507206,0.4449390340098621,0.016313685976444114
observation_0480,observation,,baseline,,none,-0.711720433481333,-0.570662716346968,-0.8025533322065268,-0.3945983807384319,-1.4253407020459745,0.31783855708793957,1.8802329230751769,2.3142573714819124
observation_0481,observation,,baseline,,none,0.08493193365236865,-0.7771747612334522,-0.5854375569683387,-0.5170204649270022,-0.5601924186007483,-0.2638394544672032,0.2919542497248384,1.0442284098677113
observation_0482,observation,,baseline,,none,0.15709951531388042,-0.0625969517949006,0.29746462695108933,-0.6508393936802493,0.3198326562422072,-0.1691254510589898,-0.622589566455528,-0.8990716265758256
observation_0483,observation,,baseline,,none,0.43064380477520997,0.19174799506657358,0.7601890940380964,0.3572932896762947,-0.457497458590293,0.9160877928199918,-0.4857388719583362,-0.22668972986731872
observation_0484,observation,,baseline,,none,-0.5752145941246558,-1.3113649214755219,-1.3446378359157243,-1.9162487236568864,-0.14072504295121174,-0.7368776347404025,0.3986144892334397,1.7801107745351956
observation_0485,observation,,baseline,,none,0.19040810068272068,-0.4984828211300126,-0.4744247416862385,-1.532126616211173,0.7255383845538117,-1.2112505398838325,0.028508369707932024,-0.24267938710462034
observation_0486,observation,,baseline,,none,-0.06271409315807133,-0.24294479395122218,-0.71708631934879,-0.6526577070491406,0.1101510471447926,-1.024023085347646,0.2087393259454792,0.5277780472575705
observation_0487,observation,,baseline,,none,0.7430301205828874,1.6002936377857644,1.8004335121020152,1.9039921737566547,-0.023536388059154596,0.33261176480030075,-0.557576682310721,-0.8876290741189707
observation_0488,observation,,baseline,,none,-0.37137611790763936,-0.9533316891031318,-0.8368594698512349,-1.1882684429816979,-0.4096917206822708,-0.7509152221358122,0.17689301744441707,1.3857625862659004
observation_0489,observation,,baseline,,none,-0.5550103160231641,-0.3262310440840612,-0.9868923953845092,-0.47339965805367545,1.015980066786111,-0.7674211227087493,-0.7656810421657385,-1.1108109568785043
observation_0490,observation,,baseline,,none,0.2501105683544278,-0.2716973752158113,-0.4470904430616057,-0.23903492058440606,0.20783485324387363,-0.37491262844344275,-0.23336617232684795,-0.16691529520709092
observation_0491,observation,,baseline,,none,-0.42790609984426586,-0.48705561276600373,-0.5233953180563884,-0.39760914378756407,-0.21046448389235095,-1.1702112214216398,0.6227839769913899,0.7729034457442098
observation_0492,observation,,baseline,,none,-0.6471488449275078,0.03958359340871692,-0.28536516953506724,-0.2779058076906236,-0.1431356234686767,-0.4299248624444705,0.36482171066756847,0.04565563945583112
observation_0493,observation,,baseline,,none,0.4550358783396134,0.4737624866544748,0.04065076991834138,0.36716056412813225,-0.36115562334098206,-0.4213728534233582,0.47182531197536715,0.39753809967888953
observation_0494,observation,,baseline,,none,0.21519318681829178,0.3635245304012799,-0.5139680819729034,0.5083747704519412,0.30438585016190006,-0.27073800716236907,-0.056374258964746043,0.3712221963501692
observation_0495,observation,,baseline,,none,-1.5557112379519127,-0.8446185001001513,-0.737497542539308,-1.406787522714943,0.1502629028862183,-1.5165624298547222,-0.1416728730007299,0.9740526145098969
observation_0496,observation,,baseline,,none,-0.4604924428562959,-0.034594910076446106,-0.2683784499442987,0.27265230676260166,-0.234905198161859,0.18516564770518323,0.3505822519166838,0.9319408183158853
observation_0497,observation,,baseline,,none,-0.5540184933661828,-1.4685964472883377,-0.8904928830589548,-1.5687208832353412,0.12920813000995746,-0.9961932746606279,-0.4200251894480519,0.0606639067612581
observation_0498,observation,,baseline,,none,0.3221736648131782,0.41854467803268436,0.29987268963978797,0.6878188972216975,-0.45544365851771995,0.8196066022971817,0.27125076195769543,-0.09038565789249382
observation_0499,observation,,baseline,,none,0.7362814670429044,0.4728545373907518,0.8183762828468992,1.0695211756071181,-0.3128691325916707,0.7870625985607363,0.21638081113604024,0.05779081894944729
do_comorbidity_low_0000,do_comorbidity_low,comorbidity,low,-2.0,hard,-2.0,-1.3445448207953477,-1.5632207660125854,0.07678216133104643,-2.1442705983697916,-0.5834520145240222,1.7293790775037974,1.1999611212372097
do_comorbidity_low_0001,do_comorbidity_low,comorbidity,low,-2.0,hard,-2.0,-1.4418788479733609,-0.9505830357322388,-0.6644825898376758,-1.8903848692926117,-1.1969794314123217,2.675588179856001,3.3103740680795575
do_comorbidity_low_0002,do_comorbidity_low,comorbidity,low,-2.0,hard,-2.0,-1.8020798429994807,-1.1444641620542275,-1.0880523941560982,-0.5337235626682416,-1.383301939761139,0.7630409226475217,2.5056788599462387
do_comorbidity_low_0003,do_comorbidity_low,comorbidity,low,-2.0,hard,-2.0,-2.4760784868535373,-1.8041101089456313,-1.6055961428316687,-0.5634373733107082,-1.4889303764189121,1.851948635560165,2.5104074028076884
do_comorbidity_low_0004,do_comorbidity_low,comorbidity,low,-2.0,hard,-2.0,-0.7940740375702254,0.16367834345139998,0.7916030715599689,-2.170501143331117,-0.8172498032346608,2.2930582415603356,1.5509242372547916
do_comorbidity_low_0005,do_comorbidity_low,comorbidity,low,-2.0,hard,-2.0,-1.6409815458311972,-1.4372068328847947,-1.2727001903372215,-0.02961314853893604,-2.819590381732307,-0.1831908914788961,1.7952626411518087
do_comorbidity_low_0006,do_comorbidity_low,comorbidity,low,-2.0,hard,-2.0,-1.497378281065292,-1.2609506095009753,0.2508686112506844,-1.6147946400589153,-1.1001561892731178,1.5204890096643031,1.4116917748418272
do_comorbidity_low_0007,do_comorbidity_low,comorbidity,low,-2.0,hard,-2.0,-1.8413976303844357,-1.7287274827300685,-0.9359445522837057,-1.5510923378840578,-2.35596959124957,1.4509367921803702,2.7247822060975113
do_comorbidity_low_0008,do_comorbidity_low,comorbidity,low,-2.0,hard,-2.0,-1.6916388472246064,-0.6103558180183513,0.2520285462645481,-1.3754680607626564,-1.573129690964173,2.5135294581491534,3.2293942476491337
do_comorbidity_low_0009,do_comorbidity_low,comorbidity,low,-2.0,hard,-2.0,-1.9227637079638455,-1.6235055171272952,-0.9772328053245769,-1.6391632423739066,-1.5613493519237351,2.0431538118555688,3.1627018802709426
do_comorbidity_low_0010,do_comorbidity_low,comorbidity,low,-2.0,hard,-2.0,-1.4370158783366394,-0.6155199561782129,-0.4401210700658583,-1.549529945353746,-0.6663184966361522,1.7909755629897224,3.4205094696201632
do_comorbidity_low_0011,do_comorbidity_low,comorbidity,low,-2.0,hard,-2.0,-1.3450661532880894,-1.4770799475168879,-1.7533445804456371,1.051853714988291,-2.116164164196441,-0.5028747073350109,0.1735482067875077
do_comorbidity_low_0012,do_comorbidity_low,comorbidity,low,-2.0,hard,-2.0,-1.528943256068504,-0.85104812217018,-0.03883977329484112,-2.156387296030376,-0.3745069421799239,1.3610438286019542,1.9636085334908109
do_comorbidity_low_0013,do_comorbidity_low,comorbidity,low,-2.0,hard,-2.0,-1.100352183967973,-0.8395570127185356,0.171993644943491,-1.3428137595836989,0.07688287107198588,1.4012333584865035,2.6827996346578242
do_comorbidity_low_0014,do_comorbidity_low,comorbidity,low,-2.0,hard,-2.0,-2.114060092175718,-0.7932625067569075,-0.9408133707634423,-1.2441702410136366,-0.8552087642648363,1.3155172903803987,2.674131888956231
do_comorbidity_low_0015,do_comorbidity_low,comorbidity,low,-2.0,hard,-2.0,-0.9455944030065202,-0.7093772064162943,-0.18366967775461934,0.09668197507815224,-0.9277400424757845,0.7676881148939113,0.5481919172800025
do_comorbidity_low_0016,do_comorbidity_low,comorbidity,low,-2.0,hard,-2.0,-1.8992172837745835,-1.1547543721991125,-0.4224182086128588,-1.4932953269570635,-0.9164855244584834,0.49744551883764476,0.806444196936587
do_comorbidity_low_0017,do_comorbidity_low,comorbidity,low,-2.0,hard,-2.0,-1.6072719708549026,-1.3684623872196418,-1.2195652720931585,-0.005769663860865859,-1.5309718592543238,1.1232003968164017,2.2843121543580134
do_comorbidity_low_0018,do_comorbidity_low,comorbidity,low,-2.0,hard,-2.0,-1.850889098708917,-2.2327875249082463,-1.2531507407545166,-0.9445967015178869,-1.8718353257128342,1.106577462030399,2.3925131517472265
do_comorbidity_low_0019,do_comorbidity_low,comorbidity,low,-2.0,hard,-2.0,-1.6651002589858965,-2.4571065508240535,-1.5184296078501032,-1.2668666953372352,-1.488051338163929,1.5344804046699843,2.233417973491605
do_comorbidity_low_0020,do_comorbidity_low,comorbidity,low,-2.0,hard,-2.0,-1.6272094562117292,-1.7964986206745,-1.401765916650808,-0.009387307282206048,-3.0361860147380724,1.6204576343409296,2.981406090934069
do_comorbidity_low_0021,do_comorbidity_low,comorbidity,low,-2.0,hard,-2.0,-1.169193207477529,-1.0382153080502272,-0.1326809307661172,-1.5624619937699875,-1.260179837290271,1.126402809703199,1.9109210514579371
do_comorbidity_low_0022,do_comorbidity_low,comorbidity,low,-2.0,hard,-2.0,-0.18649350610897875,0.34441149690274886,0.7188699216320074,-0.1501640657822928,-0.14045001925922662,1.193357437166331,0.8910647684220648
do_comorbidity_low_0023,do_comorbidity_low,comorbidity,low,-2.0,hard,-2.0,-1.9110393315333734,-2.2892617471422128,-2.4951761284118215,0.7254573927866479,-2.4060887625747536,0.7436773153843774,1.9706095315610468
do_comorbidity_low_0024,do_comorbidity_low,comorbidity,low,-2.0,hard,-2.0,-1.4691697574243276,-1.6371779588388997,-1.7293712546628424,0.8115249152244651,-1.2931218164075344,-0.027995655847588834,0.7491559435027869
do_comorbidity_low_0025,do_comorbidity_low,comorbidity,low,-2.0,hard,-2.0,-2.4366494397667733,-2.2367164174973584,-1.195270453638607,-1.3516052760973025,-1.4749348697703641,1.2843424666922658,2.17819182176957
do_comorbidity_low_0026,do_comorbidity_low,comorbidity,low,-2.0,hard,-2.0,-1.4557446162138614,-0.12413439793531689,-0.0819329871152043,-1.6347460474246558,-1.3694494252117637,1.419647768218163,1.852671054376207
do_comorbidity_low_0027,do_comorbidity_low,comorbidity,low,-2.0,hard,-2.0,-1.3164408716929794,-1.4007463736075993,-0.48157066157122463,-2.152974126924937,-1.0504182681782583,3.0998471818567683,3.4546870478737115
do_comorbidity_low_0028,do_comorbidity_low,comorbidity,low,-2.0,hard,-2.0,-0.7750967104096493,-0.5993401257472973,1.195198817861323,-1.2363921770417394,0.22253808622813182,1.24927930825318,0.6151183642579069
do_comorbidity_low_0029,do_comorbidity_low,comorbidity,low,-2.0,hard,-2.0,-0.6688451131559697,0.5107057720615308,0.790648788130305,-1.086023054117179,-0.6596462043344925,2.085841895614036,3.5339836782991183
do_comorbidity_low_0030,do_comorbidity_low,comorbidity,low,-2.0,hard,-2.0,-0.7366653566826059,-0.7442010363241507,-0.00042846089301720736,-0.8117831636499592,0.42760516879358124,2.3482354981593243,1.9966381210873956
do_comorbidity_low_0031,do_comorbidity_low,comorbidity,low,-2.0,hard,-2.0,-1.2898568937224126,-0.6298177232880767,0.5807490257537753,-2.1116921835557445,0.43248927476743915,1.6320058389145287,1.0920248000676898
do_comorbidity_low_0032,do_comorbidity_low,comorbidity,low,-2.0,hard,-2.0,-1.1563975088103686,-1.256586524832958,-0.4088605719480759,-0.5381210810670307,-1.0087634334580227,0.23169480134134557,0.39396093922715614
do_comorbidity_low_0033,do_comorbidity_low,comorbidity,low,-2.0,hard,-2.0,-1.6155592788377195,-0.6992204688938523,-0.05085139478598516,-1.66163264682682,-0.4574582731016131,2.1930478144173033,2.8808847196831495
do_comorbidity_low_0034,do_comorbidity_low,comorbidity,low,-2.0,hard,-2.0,-0.230961014155048,0.3135491441385244,0.9977310361987668,-1.2690391616679308,-0.188639159145624,1.8365531052663608,1.9325025379297656
do_comorbidity_low_0035,do_comorbidity_low,comorbidity,low,-2.0,hard,-2.0,-1.5591173582628315,-0.7285268219930754,-1.3093205047932281,0.020260296819203327,-1.1329568648861637,0.6065531095279155,1.0321595519156177
do_comorbidity_low_0036,do_comorbidity_low,comorbidity,low,-2.0,hard,-2.0,-2.031432942968908,-1.3282251319217742,-1.4910889783133947,-1.1394933774295803,-0.5019028901918725,1.4874817425527094,1.5563981775123796
do_comorbidity_low_0037,do_comorbidity_low,comorbidity,low,-2.0,hard,-2.0,-1.4684213042114116,-1.5080319312394146,-1.0278250311628907,-0.5972276314419033,-1.1975936749542881,1.687160139006275,2.0289451097856137
do_comorbidity_low_0038,do_comorbidity_low,comorbidity,low,-2.0,hard,-2.0,-0.31035937184166196,-0.2689973415052087,0.19020463129440418,-0.8239779738116144,0.1103392646042276,0.93527581210373,1.4358823928900823
do_comorbidity_low_0039,do_comorbidity_low,comorbidity,low,-2.0,hard,-2.0,-1.0769469985976174,-0.407065192512708,-0.2869682133595509,-1.6414885961056822,-1.061735577202945,1.5572031292943522,2.3023777825411926
do_comorbidity_low_0040,do_comorbidity_low,comorbidity,low,-2.0,hard,-2.0,-0.6468227514207758,-0.24297490696228408,0.27674733296740417,-1.2542411121688233,-0.4352308359089926,0.7573067531027396,1.1293122720877418
do_comorbidity_low_0041,do_comorbidity_low,comorbidity,low,-2.0,hard,-2.0,-0.787523521401122,-1.73498279059138,-1.2022213431843156,1.2602040228075047,-1.3002828616109543,-0.6248490344361239,-0.20584814311709068
do_comorbidity_low_0042,do_comorbidity_low,comorbidity,low,-2.0,hard,-2.0,-1.2333842663313879,-1.8213823729725207,-0.7967351491510872,0.1467323445659725,-0.9742284416464491,-0.49694821907686226,-0.16887685547965947
do_comorbidity_low_0043,do_comorbidity_low,comorbidity,low,-2.0,hard,-2.0,-2.231461048676286,-1.9964962128221428,-1.533393827260835,-0.5410008565430448,-1.3076130652266753,1.7877570403763936,1.632609283430544
do_comorbidity_low_0044,do_comorbidity_low,comorbidity,low,-2.0,hard,-2.0,-0.5739931670696626,-0.2254077066112687,0.033854891480945726,0.13850821063622332,-1.9762589289572678,0.827336377280085,1.5103061208499187
do_comorbidity_low_0045,do_comorbidity_low,comorbidity,low,-2.0,hard,-2.0,-1.738856978510289,-2.00137723722832,-0.8992705259802424,-0.6640861019448733,-1.030354465003984,0.8442667796710139,0.9787931932671511
do_comorbidity_low_0046,do_comorbidity_low,comorbidity,low,-2.0,hard,-2.0,-1.9444989986492425,-1.9305781134886333,-1.4862501589542696,-1.1487647736938924,-0.7980627186755804,1.0802001831900576,2.1982419152700174
do_comorbidity_low_0047,do_comorbidity_low,comorbidity,low,-2.0,hard,-2.0,-2.0845222814758566,-3.3438355634993875,-1.7596930355058729,-0.6847929187722352,-1.5191574701021604,0.4762701673664338,0.9289845066666269
do_comorbidity_low_0048,do_comorbidity_low,comorbidity,low,-2.0,hard,-2.0,-2.1033317480172875,-1.4029815042047389,-0.6671642400994128,-1.7893381421085044,-2.080293447787852,1.6708600637323825,1.610958143855502
do_comorbidity_low_0049,do_comorbidity_low,comorbidity,low,-2.0,hard,-2.0,-1.5407488035937722,-1.45558443834075,-2.149361689031375,0.05185573563729018,-2.77397657064194,0.41339811653892694,1.7640543860607976
do_comorbidity_low_0050,do_comorbidity_low,comorbidity,low,-2.0,hard,-2.0,-1.3389071169016844,-1.4401497786638506,-0.45297226252486933,-1.2456157557597187,-1.6688420011618297,0.6801455281729328,2.073493302302378
do_comorbidity_low_0051,do_comorbidity_low,comorbidity,low,-2.0,hard,-2.0,-2.0225489169031174,-1.384943906647565,-1.6348136183421467,-0.46514675846053666,-2.1319312421417673,0.9536877721023699,1.8651554333806772
do_comorbidity_low_0052,do_comorbidity_low,comorbidity,low,-2.0,hard,-2.0,-1.9338477645963552,-1.5125027843728691,-1.3205475069063815,-0.8459733730779111,-0.8961798567643126,1.618440530208609,2.1538709346233538
do_comorbidity_low_0053,do_comorbidity_low,comorbidity,low,-2.0,hard,-2.0,-1.6850623255716404,-2.9642591376361525,-3.211684734118977,0.9297276770526405,-3.3881744831823255,-0.4176796956078344,1.9101604449225684
do_comorbidity_low_0054,do_comorbidity_low,comorbidity,low,-2.0,hard,-2.0,-1.7477057153295266,-1.2011225956973375,-0.353110779234874,-1.1194422427442268,-1.351071963862939,1.3364871046983142,1.6819826973120153
do_comorbidity_low_0055,do_comorbidity_low,comorbidity,low,-2.0,hard,-2.0,-1.8185034116097543,-1.8415914222264298,-1.743580788966684,0.26245772251244165,-2.0995131163292298,0.6452791624456908,1.6466331383618371
do_comorbidity_low_0056,do_comorbidity_low,comorbidity,low,-2.0,hard,-2.0,-2.0405224824625545,-2.8182062412932933,-2.449530671485278,0.489727859829721,-2.3123518080562797,0.031112273562868387,1.7012389177403966
do_comorbidity_low_0057,do_comorbidity_low,comorbidity,low,-2.0,hard,-2.0,-1.8043032530643734,-1.7238249231915586,-1.812057182106522,0.06593308987326948,-1.3230033203307936,0.7017315022728072,2.454077829485631
do_comorbidity_low_0058,do_comorbidity_low,comorbidity,low,-2.0,hard,-2.0,-2.5811578372747053,-2.216292683654567,-1.9932201770796636,-1.5974072327608582,-2.1845488369945465,1.5549628984613197,3.8576224758663504
do_comorbidity_low_0059,do_comorbidity_low,comorbidity,low,-2.0,hard,-2.0,-1.468342443484002,-1.1223253928173273,-1.2170416388869694,-0.9380383149617162,-1.6667207741406926,0.8234353954698903,2.4623128618616046
do_comorbidity_low_0060,do_comorbidity_low,comorbidity,low,-2.0,hard,-2.0,-1.6728912694210372,-0.9580863751439661,0.34865624062755407,-3.104827331818276,-0.43822432982139375,2.6435373455672804,3.178499155189136
do_comorbidity_low_0061,do_comorbidity_low,comorbidity,low,-2.0,hard,-2.0,-1.3244350063857993,-0.9820670347840921,0.5264653373486757,-1.9920407796454822,0.06995842688837528,2.1870345951175,2.513687218497932
do_comorbidity_low_0062,do_comorbidity_low,comorbidity,low,-2.0,hard,-2.0,-1.3005110497703436,-1.03210985767156,-0.9125468567836654,-1.737833394453824,-2.460450723164508,2.1976888460579933,3.029731689904499
do_comorbidity_low_0063,do_comorbidity_low,comorbidity,low,-2.0,hard,-2.0,-2.1715536612653628,-1.6762218754799125,-1.6453165795019888,-1.007193612173635,-1.942784730776682,0.9210646277720775,2.5610242603200626
do_comorbidity_low_0064,do_comorbidity_low,comorbidity,low,-2.0,hard,-2.0,-0.8253047328145378,-0.39362431708050455,0.397891248281146,-1.114320926768775,-1.457381088024221,1.51847957517851,2.1681219381817756
do_comorbidity_low_0065,do_comorbidity_low,comorbidity,low,-2.0,hard,-2.0,-0.8765624917475123,-0.05793049138355455,0.5422944581040554,-0.5932010242649106,0.06793729732087384,1.3364933194074808,0.707547319091971
do_comorbidity_low_0066,do_comorbidity_low,comorbidity,low,-2.0,hard,-2.0,-1.0938532712479132,-0.8843150875024559,-1.3655687588991032,0.7558114736938195,-1.169763848679705,0.009425521373272655,1.5328849306505787
do_comorbidity_low_0067,do_comorbidity_low,comorbidity,low,-2.0,hard,-2.0,-1.7585777824618543,-1.1887692340427103,-0.7088312703128877,-0.08185825803512603,-1.5052147765966568,0.18048054802380437,1.2606419212453293
do_comorbidity_low_0068,do_comorbidity_low,comorbidity,low,-2.0,hard,-2.0,-1.2862260199085302,-1.0561556975022819,-1.513410135995294,0.7544257170017075,-1.8740671065028034,-0.04250599583974364,0.26229151593296907
do_comorbidity_low_0069,do_comorbidity_low,comorbidity,low,-2.0,hard,-2.0,-1.5992859179655388,-0.7239818190164727,0.26999120671359245,-2.389868522236996,-0.6019895193625452,1.7605682850239934,2.336034321531053
do_comorbidity_low_0070,do_comorbidity_low,comorbidity,low,-2.0,hard,-2.0,-0.9884504032517498,-0.5447135931695515,0.33781340746373245,-0.6999915145653531,0.032266843099744924,0.9839543386542686,0.33405724335175135
do_comorbidity_low_0071,do_comorbidity_low,comorbidity,low,-2.0,hard,-2.0,-1.6861635401969355,-1.096077202784409,-0.6478800275264336,-0.6826801513100058,-0.46764839308363315,1.4300528558644845,1.4996926348224704
do_comorbidity_low_0072,do_comorbidity_low,comorbidity,low,-2.0,hard,-2.0,-2.1128189574223386,-1.5142615798942791,-1.0455607006279495,-0.798809062296512,-1.1242292637424858,0.9151184743246435,1.7569599344691913
do_comorbidity_low_0073,do_comorbidity_low,comorbidity,low,-2.0,hard,-2.0,-1.919636648125156,-2.0532187066255054,-2.0085180475249254,0.44839821466755636,-1.6468268162283013,0.17148939674180017,1.3872267768956958
do_comorbidity_low_0074,do_comorbidity_low,comorbidity,low,-2.0,hard,-2.0,-1.805390841055262,-2.085154458213448,-1.8004995323529984,0.8064024281685248,-1.4326071002574023,0.4526049441549874,1.2399449954647614
do_comorbidity_low_0075,do_comorbidity_low,comorbidity,low,-2.0,hard,-2.0,-1.1192036647959378,-0.5628695815507115,-0.4898148238068105,-0.05920894733822257,-1.5485608317069919,0.38038164174649447,1.5183513642576991
do_comorbidity_low_0076,do_comorbidity_low,comorbidity,low,-2.0,hard,-2.0,-1.9378061149835106,-2.9190731527550278,-1.4953575656538747,-0.7101675568678061,-1.5767676006490594,1.6603570314608533,3.716671169495383
do_comorbidity_low_0077,do_comorbidity_low,comorbidity,low,-2.0,hard,-2.0,-1.4706323087455153,-1.3711246052600707,-1.2946330987960037,-0.8016871731174808,-1.4692439389879697,1.458844565989807,3.369315327196773
do_comorbidity_low_0078,do_comorbidity_low,comorbidity,low,-2.0,hard,-2.0,-0.9054425439586269,-0.11529076911931191,0.08777487708532244,-0.5508998275323138,-0.46901337079852257,-0.041606322746644,-0.43692930197493746
do_comorbidity_low_0079,do_comorbidity_low,comorbidity,low,-2.0,hard,-2.0,-1.5777025036381624,-2.2101923609012597,-0.7737177037585464,-0.6309928417602322,-1.260701701729597,0.9774703802216362,1.8043847411009153
do_comorbidity_low_0080,do_comorbidity_low,comorbidity,low,-2.0,hard,-2.0,-1.2988137971724003,-1.1317910829398958,-0.7431675498889859,-1.1798865809441075,-1.7625965406503168,2.0636441288997,3.631681934926487
do_comorbidity_low_0081,do_comorbidity_low,comorbidity,low,-2.0,hard,-2.0,0.1007392566690195,-0.21796739350532118,1.086819281460764,-0.6903464403080245,0.11284626788359442,2.2018962545577683,2.4646276297406042
do_comorbidity_low_0082,do_comorbidity_low,comorbidity,low,-2.0,hard,-2.0,-1.0425200024648076,-0.39425261460721506,0.16490151442601939,-1.1076243774228924,-0.1625233491751107,0.9603687048834071,1.1911583073454752
do_comorbidity_low_0083,do_comorbidity_low,comorbidity,low,-2.0,hard,-2.0,-0.7491956737875094,-1.486925537199947,-0.3859374502235022,-1.145999572229763,-1.0194674768647687,1.605319704340465,1.5048841509634951
do_comorbidity_low_0084,do_comorbidity_low,comorbidity,low,-2.0,hard,-2.0,-1.321516565999962,-1.4486587122822534,-1.4337479247428637,0.6158424958253581,-1.5764410707269763,0.6287406134423132,1.666361316434656
do_comorbidity_low_0085,do_comorbidity_low,comorbidity,low,-2.0,hard,-2.0,-1.5409249658060054,-1.711105967858525,-1.1835702029966004,-0.48815221082372345,-1.810447238435581,1.2557931285584858,1.934596735357533
do_comorbidity_low_0086,do_comorbidity_low,comorbidity,low,-2.0,hard,-2.0,-2.2498540725998355,-2.2990453875291097,-1.8739901633046963,-0.7564498652484881,-1.7096430585643696,2.5099412095478444,2.9650140631217057
do_comorbidity_low_0087,do_comorbidity_low,comorbidity,low,-2.0,hard,-2.0,-0.9443551455693455,-0.3165100178315229,-0.9133487161287576,0.3840995720951962,-0.9051588336005543,-0.3997107137681846,0.4102070194520699
do_comorbidity_low_0088,do_comorbidity_low,comorbidity,low,-2.0,hard,-2.0,-1.4418555994636924,-1.3221226382185982,-1.3648303906701984,-0.34313892837052706,-0.9949746044509868,1.8757595415373167,3.1000955519531
do_comorbidity_low_0089,do_comorbidity_low,comorbidity,low,-2.0,hard,-2.0,-0.634761065632983,-0.7764913711199506,-0.42762208245759803,0.2632540973765781,-0.6784741326420362,1.0971114501701766,1.5085900423178613
do_comorbidity_low_0090,do_comorbidity_low,comorbidity,low,-2.0,hard,-2.0,-0.825267520475239,-0.45310435833677315,0.6050658349545954,-0.573530664217526,-0.6992654761424526,0.4963405626968589,0.6737012642109987
do_comorbidity_low_0091,do_comorbidity_low,comorbidity,low,-2.0,hard,-2.0,-1.5710031740937647,-0.9598204206882025,-1.0982831077043784,-0.2059008281143021,-0.6701663145298283,0.8770367939117683,1.5891966678325016
do_comorbidity_low_0092,do_comorbidity_low,comorbidity,low,-2.0,hard,-2.0,-1.926513581970778,-1.5158091578931128,-0.6028972619368613,-0.8568744568687514,-0.6424077246885838,0.7981982433677055,1.5499648405572852
do_comorbidity_low_0093,do_comorbidity_low,comorbidity,low,-2.0,hard,-2.0,-1.9192274670562024,-1.5217043089373608,-0.8000786220388573,-1.0886334525342758,-2.0951116461610173,1.4179076231228254,2.4162978324680444
do_comorbidity_low_0094,do_comorbidity_low,comorbidity,low,-2.0,hard,-2.0,-1.657440663375474,-1.638583712879969,-1.4411659367264424,0.5603218425327212,-1.5498124241793432,1.211400627297269,1.5534375824745812
do_comorbidity_low_0095,do_comorbidity_low,comorbidity,low,-2.0,hard,-2.0,-1.5118116819259986,-1.3692981598942418,-0.5649017847615261,-0.5246491217805092,-1.796127853229566,1.7369593177126275,2.42989132765773
do_comorbidity_low_0096,do_comorbidity_low,comorbidity,low,-2.0,hard,-2.0,-1.2228358560736203,-0.8253653891181163,0.30647889152433494,-1.284166151106865,-0.22479643960324153,1.110532569510616,0.6457395886149567
do_comorbidity_low_0097,do_comorbidity_low,comorbidity,low,-2.0,hard,-2.0,-1.894794834956366,-1.5573155597629063,-0.840385759504616,-0.640420207347695,-0.5465742734968334,1.2045763021516354,1.3104355045946974
do_comorbidity_low_0098,do_comorbidity_low,comorbidity,low,-2.0,hard,-2.0,-2.135040185779811,-1.1804857480058968,-0.8124908477007766,-1.3220140236117877,-1.5925752555389283,1.461257932610037,2.063556911920737
do_comorbidity_low_0099,do_comorbidity_low,comorbidity,low,-2.0,hard,-2.0,-0.8231916780945137,-0.8665535928297743,-0.15993818877724572,-0.25170314187927517,-0.5991666418554626,1.0649396445022672,1.700726565571731
do_comorbidity_high_0000,do_comorbidity_high,comorbidity,high,2.0,hard,2.0,1.2801629789972189,0.531544358220025,-0.6116803964155791,2.6931179193520265,1.0957082590571243,-2.03612857074122,-2.8646651383448467
do_comorbidity_high_0001,do_comorbidity_high,comorbidity,high,2.0,hard,2.0,1.9861068367395833,2.102069826456277,1.6661095552232033,0.6427827354602467,0.9610675093328015,-1.0334990344905635,-2.228405947518764
do_comorbidity_high_0002,do_comorbidity_high,comorbidity,high,2.0,hard,2.0,0.6574186469750973,0.7620268970207917,-0.07479031429550298,0.22204653932726115,0.9647883687624121,-0.8223824706172276,-2.0568070404566186
do_comorbidity_high_0003,do_comorbidity_high,comorbidity,high,2.0,hard,2.0,0.5092836247374246,-0.1549957231274144,-0.29502293236259447,0.5463628651862609,0.4367671441534626,-0.4610892465506653,-0.3549002829874432
do_comorbidity_high_0004,do_comorbidity_high,comorbidity,high,2.0,hard,2.0,0.9277030735175336,0.23027393548239394,0.3326359252012494,0.38912026069099337,1.237527778130043,-0.2918056450493225,-0.6841315322202116
do_comorbidity_high_0005,do_comorbidity_high,comorbidity,high,2.0,hard,2.0,1.615217230408121,1.4786534049249107,1.8525510222900352,0.28542401353666175,1.6651518597621773,-0.8334521669353883,-1.618660688773749
do_comorbidity_high_0006,do_comorbidity_high,comorbidity,high,2.0,hard,2.0,1.1142164294112071,0.6000959007409136,0.729461981337788,0.5651977609600922,1.3212356237365246,-0.47022407374790665,-2.030955293645416
do_comorbidity_high_0007,do_comorbidity_high,comorbidity,high,2.0,hard,2.0,2.0607124737727656,1.5152687228480597,1.086836881206227,1.0711665346217218,1.9755715337867772,-2.5390014569517803,-2.8298140854566944
do_comorbidity_high_0008,do_comorbidity_high,comorbidity,high,2.0,hard,2.0,1.484049330465746,1.230134780128383,0.49867217836664135,1.1023500362156056,0.9759916263650654,-1.518223009619973,-2.210844171249823
do_comorbidity_high_0009,do_comorbidity_high,comorbidity,high,2.0,hard,2.0,1.715358113973159,1.7922540872111459,0.9988564962336959,0.30668661624668775,0.9075035299182153,-1.1905410362004003,-1.7011811234216383
do_comorbidity_high_0010,do_comorbidity_high,comorbidity,high,2.0,hard,2.0,1.4751421419465693,0.6821846306333272,1.0028703234918828,0.5053140358343895,0.9914532746703022,-0.586503308490383,-0.8678893517810984
do_comorbidity_high_0011,do_comorbidity_high,comorbidity,high,2.0,hard,2.0,1.6062423094412641,1.8325160558441906,1.0612631656440998,1.087389492309809,1.2577236246613488,-1.1077268457730098,-2.5377850846362824
do_comorbidity_high_0012,do_comorbidity_high,comorbidity,high,2.0,hard,2.0,1.581195613065285,1.2655701066539475,1.7926126338177883,-0.012180736025540876,3.05221444475717,-1.0393962168666167,-2.161821923528066
do_comorbidity_high_0013,do_comorbidity_high,comorbidity,high,2.0,hard,2.0,0.01924630611694811,-1.0488452181004913,-1.2197099201295853,0.3727151658104554,0.8869460215387965,-1.7456767086018676,-1.4615878026829874
do_comorbidity_high_0014,do_comorbidity_high,comorbidity,high,2.0,hard,2.0,1.4777792913977288,1.0662772869644348,0.36384418013490294,1.0233669156297869,1.0580502037905415,-1.7864631003498141,-1.7643886408309304
do_comorbidity_high_0015,do_comorbidity_high,comorbidity,high,2.0,hard,2.0,1.8660566223485917,1.7706420022780276,1.455785907590121,0.8962387162691521,1.4389520812167746,-0.15147527656750115,-1.2781521260627675
do_comorbidity_high_0016,do_comorbidity_high,comorbidity,high,2.0,hard,2.0,1.2896312138679038,0.9732590096712014,0.3401964693403027,1.1292580464911874,0.9064355968205888,-0.7596755335631559,-1.9845906924572563
do_comorbidity_high_0017,do_comorbidity_high,comorbidity,high,2.0,hard,2.0,1.644294131371854,1.5128419237010275,0.7305475391360315,0.7637239518919046,1.5267588296342693,-1.745388493145657,-2.5980396003511137
do_comorbidity_high_0018,do_comorbidity_high,comorbidity,high,2.0,hard,2.0,0.925937922070414,0.7556674189824385,-0.10617541844963407,1.5223539703312445,0.8869133367959043,-0.7169777254615157,-0.5617021397150826
do_comorbidity_high_0019,do_comorbidity_high,comorbidity,high,2.0,hard,2.0,1.042661569720538,0.8379002727596949,0.030269577861769814,0.79287527301719,0.4755061449590406,-1.4078329257114628,-2.176780111444952
do_comorbidity_high_0020,do_comorbidity_high,comorbidity,high,2.0,hard,2.0,2.0242136576835392,1.4888798022106833,0.9657488461095461,1.2423389658539958,1.7416906172618567,-2.046342637514998,-2.7990591615586826
do_comorbidity_high_0021,do_comorbidity_high,comorbidity,high,2.0,hard,2.0,0.3331815317607181,0.3215204799368538,-0.5995200016573202,1.3103792443295166,0.7289015135840793,-1.4421939410258695,-1.710320708892209
do_comorbidity_high_0022,do_comorbidity_high,comorbidity,high,2.0,hard,2.0,1.3804687497555372,1.2094245958238095,0.9853626217721311,1.463199852527803,1.6861038443624867,-1.4802497908013548,-2.380796868918742
do_comorbidity_high_0023,do_comorbidity_high,comorbidity,high,2.0,hard,2.0,0.8578156008577578,0.7718224484463134,0.3311409763943283,0.05072247587488682,0.2133731788037483,0.04945917354751095,0.10568091969434862
do_comorbidity_high_0024,do_comorbidity_high,comorbidity,high,2.0,hard,2.0,1.42839275158699,1.53335508725178,0.7384123242791651,0.19324847499406572,1.5197171901904696,-0.46449715317361684,-1.833146679696965
do_comorbidity_high_0025,do_comorbidity_high,comorbidity,high,2.0,hard,2.0,0.8787291999971455,0.6315492755821402,0.09813555826324163,0.8375809407174328,1.0757382447703978,-1.401818762437105,-1.9901619463400047
do_comorbidity_high_0026,do_comorbidity_high,comorbidity,high,2.0,hard,2.0,2.044654125846947,2.076430729942753,2.3108018683897584,-0.38022995296419676,1.4765841627833487,0.4057374708092913,0.2052101042760156
do_comorbidity_high_0027,do_comorbidity_high,comorbidity,high,2.0,hard,2.0,2.4691616868272277,1.8677712781222309,1.0887706747159545,1.7484050985924604,1.7891133972824975,-1.9912479283813136,-2.920197815877627
do_comorbidity_high_0028,do_comorbidity_high,comorbidity,high,2.0,hard,2.0,1.520358129601311,1.327317469792927,0.9714799187765893,0.36448503526144593,0.5483631743974211,-0.7147204455983903,-1.4573731362216003
do_comorbidity_high_0029,do_comorbidity_high,comorbidity,high,2.0,hard,2.0,2.368922268495413,3.4810923584121953,3.1483112526523107,-0.8467969290804465,2.240159776506066,0.0930255448444503,-1.023470338409723
do_comorbidity_high_0030,do_comorbidity_high,comorbidity,high,2.0,hard,2.0,0.363246704700648,0.4188323804284314,-0.26019712403647605,1.270029460628047,0.5157156873585818,-1.8442028346493373,-1.4703946571581734
do_comorbidity_high_0031,do_comorbidity_high,comorbidity,high,2.0,hard,2.0,1.5817370026483155,1.056200056668547,0.5907121301231062,1.1648932108337793,1.7390104828006794,-1.9038304288019292,-2.831811945031979
do_comorbidity_high_0032,do_comorbidity_high,comorbidity,high,2.0,hard,2.0,0.687974705440094,0.9330604218190033,0.5984922023590974,-0.47981117419765584,1.8053921513988829,-0.5508173631656201,-1.14601100719881
do_comorbidity_high_0033,do_comorbidity_high,comorbidity,high,2.0,hard,2.0,1.2663857451003635,1.0397516086534317,1.0998564862812343,0.6382277217972028,0.700897803115578,-0.8427564197131219,-0.9861566707657474
do_comorbidity_high_0034,do_comorbidity_high,comorbidity,high,2.0,hard,2.0,1.2496799607048459,0.8566696732919588,0.8562691939688118,0.22219466169703778,1.327593081084285,-1.9654704890646095,-2.2273205073921787
do_comorbidity_high_0035,do_comorbidity_high,comorbidity,high,2.0,hard,2.0,2.447857935674275,2.265295148191607,2.6174845721784097,0.024477730705190423,3.2571870769299345,-0.0761956607950468,-1.350903900128299
do_comorbidity_high_0036,do_comorbidity_high,comorbidity,high,2.0,hard,2.0,1.4031041631158514,1.5671009702341925,1.0039036163525967,0.6277766936151576,0.8110625244671545,-1.4324474124566,-1.0579586379873738
do_comorbidity_high_0037,do_comorbidity_high,comorbidity,high,2.0,hard,2.0,1.3924830866561857,1.6500744167533692,1.0337085728139876,0.466200043619315,1.6002153734264466,-0.2213743612885377,-0.9684275731709432
do_comorbidity_high_0038,do_comorbidity_high,comorbidity,high,2.0,hard,2.0,1.1780269724408177,0.38462675181083084,0.6258029552794231,-0.6946992426206822,0.7355403987158957,0.06410901806310904,-0.1799428963155928
do_comorbidity_high_0039,do_comorbidity_high,comorbidity,high,2.0,hard,2.0,2.4638462773243477,1.6845724147918264,0.7351575853256374,1.7395776047494633,1.3243547592325908,-2.174679657142968,-3.192969948651168
do_comorbidity_high_0040,do_comorbidity_high,comorbidity,high,2.0,hard,2.0,1.1879975713796846,1.3016174497588677,-0.01419810453618131,1.4599181651286572,1.2514952660685656,-1.7339894659413502,-3.071374849614367
do_comorbidity_high_0041,do_comorbidity_high,comorbidity,high,2.0,hard,2.0,1.5850117987893955,1.4529923864445922,1.266022275196137,0.8941402780928054,1.685333115447685,-0.4754083823459636,-1.7029945874387442
do_comorbidity_high_0042,do_comorbidity_high,comorbidity,high,2.0,hard,2.0,1.8492756518948024,1.2643558172539084,0.17605569202898474,1.685661595603009,0.9528193853702439,-2.126070523954173,-2.6960313446843496
do_comorbidity_high_0043,do_comorbidity_high,comorbidity,high,2.0,hard,2.0,1.5794903276803052,2.501339067899603,1.89979313601682,-0.12199742663992452,1.2200878960937467,-0.8083690168879523,-1.5099776072221407
do_comorbidity_high_0044,do_comorbidity_high,comorbidity,high,2.0,hard,2.0,2.3103627350555738,1.7820441166722343,1.8034540561208432,1.7702544349052656,2.2673803535980523,-2.9420714962744903,-4.190005201099395
do_comorbidity_high_0045,do_comorbidity_high,comorbidity,high,2.0,hard,2.0,0.9939342408694803,1.2010824364533703,1.0360811886364085,-0.02390806355740302,1.8660184722330406,-0.4076440741570121,-1.0100758313950469
do_comorbidity_high_0046,do_comorbidity_high,comorbidity,high,2.0,hard,2.0,0.34950244358667115,0.49554558945962385,-0.5985379844081363,0.49263804443896186,0.8585254821553965,-0.6069094573583339,-1.8312829469937486
do_comorbidity_high_0047,do_comorbidity_high,comorbidity,high,2.0,hard,2.0,0.710994101352602,0.7795520183735007,-0.7806437830736979,1.7293356037842584,0.3777340613298258,-1.9841742222959544,-2.716721120606442
do_comorbidity_high_0048,do_comorbidity_high,comorbidity,high,2.0,hard,2.0,1.4100089694450109,1.4081604547733761,1.5610236383215612,-0.21252749261081286,1.1813659471663251,-0.003658921863786191,-1.2121897496603218
do_comorbidity_high_0049,do_comorbidity_high,comorbidity,high,2.0,hard,2.0,1.1689069300385209,0.009494369417154758,0.33962379030793965,0.23026567893824457,1.3043023619319953,-1.0185345323683146,-1.7493511493760436
do_comorbidity_high_0050,do_comorbidity_high,comorbidity,high,2.0,hard,2.0,2.018857224688528,1.4630860473340492,2.157883057117587,0.22645417221901631,1.386858345954094,-0.42861318460122166,-0.5677405588650656
do_comorbidity_high_0051,do_comorbidity_high,comorbidity,high,2.0,hard,2.0,1.9889375072573034,1.4001564348562165,0.8073441274709291,0.9954718367042028,0.671911657251305,-1.310473392109358,-1.9658025788885611
do_comorbidity_high_0052,do_comorbidity_high,comorbidity,high,2.0,hard,2.0,1.8813149194941838,0.4905447847742497,0.0830873623569946,2.80195062492999,0.795841039984229,-3.1059927101012956,-4.277618241712576
do_comorbidity_high_0053,do_comorbidity_high,comorbidity,high,2.0,hard,2.0,1.465362380222694,2.001990161742677,0.7443418785613873,0.16195259037275767,1.5483501743978543,-0.20318370350575776,-0.3733845744580333
do_comorbidity_high_0054,do_comorbidity_high,comorbidity,high,2.0,hard,2.0,2.3657423995410185,2.2343437225355287,2.9985652381329975,-0.20304626651366825,1.4082182172065,0.46071641916349365,-0.9540924064540416
do_comorbidity_high_0055,do_comorbidity_high,comorbidity,high,2.0,hard,2.0,0.906282128348384,0.808152683902406,0.8612779595259461,-0.3987205558218228,0.4631725060240768,-0.2029371246899635,-1.0793499568054137
do_comorbidity_high_0056,do_comorbidity_high,comorbidity,high,2.0,hard,2.0,1.6468911939889002,1.3066640880078095,0.7460902093384643,1.0688524659052034,1.4925787249527156,-1.6337220874728597,-2.268681802585084
do_comorbidity_high_0057,do_comorbidity_high,comorbidity,high,2.0,hard,2.0,1.1110428378293016,0.9625322994609993,0.5157064085644265,1.006449180296828,0.9833764131954392,-0.7928943135293045,-1.6125289642959413
do_comorbidity_high_0058,do_comorbidity_high,comorbidity,high,2.0,hard,2.0,1.858519482127472,0.8662308814640476,0.3981082804569284,1.238781969405704,0.8673257227625075,-0.9061006794510386,-1.9615753443230466
do_comorbidity_high_0059,do_comorbidity_high,comorbidity,high,2.0,hard,2.0,1.190727960936355,1.403778783369199,0.9563271202653507,0.2589594595712918,1.318727446529301,-0.4382652737634939,-0.8442281482308809
do_comorbidity_high_0060,do_comorbidity_high,comorbidity,high,2.0,hard,2.0,0.7453537465734442,0.5017380527418075,0.405672328509127,1.1432177394339187,0.8547508393892673,-1.7908833968652227,-2.357933733514772
do_comorbidity_high_0061,do_comorbidity_high,comorbidity,high,2.0,hard,2.0,1.1204728191904485,0.14604353051086616,0.2503574990116355,0.32863988309256587,0.872093716317197,-1.2638905631141797,-1.5867223195472184
do_comorbidity_high_0062,do_comorbidity_high,comorbidity,high,2.0,hard,2.0,1.1392059730051103,0.8309919398952224,0.27079072601790594,1.192453239540622,0.7329177778228735,-1.8656288002655048,-2.129797790325576
do_comorbidity_high_0063,do_comorbidity_high,comorbidity,high,2.0,hard,2.0,1.0256742295258379,0.9434992871093704,-0.8248616123857613,2.358185523392521,-0.2492129817456865,-2.749863983354862,-2.761302746123472
do_comorbidity_high_0064,do_comorbidity_high,comorbidity,high,2.0,hard,2.0,1.401118269727596,1.1413911933692884,-0.3541278182328055,0.933172019963281,0.0808663554923994,-2.7099090567095363,-2.7166040097635697
do_comorbidity_high_0065,do_comorbidity_high,comorbidity,high,2.0,hard,2.0,1.5571310388798192,1.5336604552202149,1.6054500976894774,0.2854758137555036,2.2188361753899093,-0.83390776882852,-2.047268225201415
do_comorbidity_high_0066,do_comorbidity_high,comorbidity,high,2.0,hard,2.0,1.9350992271950167,1.8700803134787805,1.148276853768583,0.6522177821753691,1.588930827925909,-0.7308457561184982,-1.184198990083428
do_comorbidity_high_0067,do_comorbidity_high,comorbidity,high,2.0,hard,2.0,0.7345611019528687,0.9516316957830488,-0.7824624421537911,0.5925027576577446,-0.10889816961792143,-0.1541056796498136,0.22159896573125606
do_comorbidity_high_0068,do_comorbidity_high,comorbidity,high,2.0,hard,2.0,1.3095423959233747,1.1690027485676173,1.9414957597364388,-0.007365043581758046,1.650978514538578,-1.2601876871796387,-1.406855586560778
do_comorbidity_high_0069,do_comorbidity_high,comorbidity,high,2.0,hard,2.0,2.164675544352562,1.1722533695680597,0.6840350998553749,1.7976709163838174,1.7102085349769798,-1.3877867099914347,-2.265183674205388
do_comorbidity_high_0070,do_comorbidity_high,comorbidity,high,2.0,hard,2.0,1.1677257590490204,1.0418025652579002,-0.10919613925634686,1.0003286528979989,0.38513533241790054,-0.7265401764962416,-1.7231864834735964
do_comorbidity_high_0071,do_comorbidity_high,comorbidity,high,2.0,hard,2.0,1.8269067083539756,2.115704717593791,2.253457742197396,0.375351261811662,2.404220982980682,-1.7252164018094185,-2.8448765678543073
do_comorbidity_high_0072,do_comorbidity_high,comorbidity,high,2.0,hard,2.0,1.6904011805034256,2.1689208402774947,2.222434013018523,-0.3602005606921521,1.4584439378793044,-0.16235328412635927,-2.230884579504389
do_comorbidity_high_0073,do_comorbidity_high,comorbidity,high,2.0,hard,2.0,0.9895066400178305,1.0427853316890876,0.3681534780645796,1.127757987209503,1.6959545973845347,-2.3619760111540336,-3.4533676688039474
do_comorbidity_high_0074,do_comorbidity_high,comorbidity,high,2.0,hard,2.0,1.4122730928688378,0.6207205051883953,0.1078824091072311,0.682844432274371,0.760552824225863,-0.9908972948806263,-1.9104940392226808
do_comorbidity_high_0075,do_comorbidity_high,comorbidity,high,2.0,hard,2.0,1.4852014303464522,0.7031521291529202,0.9739663810407436,0.426799250290635,0.4807106368953554,-0.40292839868895636,-0.5443121038643657
do_comorbidity_high_0076,do_comorbidity_high,comorbidity,high,2.0,hard,2.0,1.9780935058154872,1.1259351093481018,0.3893781861500515,1.2119485715213756,1.164797009302175,-1.0843528439009154,-1.637216146921893
do_comorbidity_high_0077,do_comorbidity_high,comorbidity,high,2.0,hard,2.0,1.152453646248134,1.1968808927760253,0.37298336557944894,1.469660409602116,0.8638997161836904,-1.8257518240460213,-2.832730897557683
do_comorbidity_high_0078,do_comorbidity_high,comorbidity,high,2.0,hard,2.0,1.9164352972520673,1.094334500520902,0.6099496549139645,0.9021700676410607,1.5184714350616435,-0.5099954673942406,-1.623141512888038
do_comorbidity_high_0079,do_comorbidity_high,comorbidity,high,2.0,hard,2.0,1.1866466228009842,0.8229970616587291,1.3774673846101948,-0.7072685872382977,2.3060094315603497,-0.2989410434334071,-0.47352852735290174
do_comorbidity_high_0080,do_comorbidity_high,comorbidity,high,2.0,hard,2.0,2.2023538157881455,1.5058953739951815,1.1483371996155,2.183257825454406,1.0453091982210845,-1.885861377491828,-2.2600249020883805
do_comorbidity_high_0081,do_comorbidity_high,comorbidity,high,2.0,hard,2.0,1.1605195604037528,1.215978734667862,0.6233811153407941,0.9594821159455394,0.4919534565837155,-0.09866391926939966,-1.331428296133981
do_comorbidity_high_0082,do_comorbidity_high,comorbidity,high,2.0,hard,2.0,1.2123361577110428,0.7518696771245699,0.9721504953293947,0.5507287591898525,1.4393163272520746,-0.9619379804927513,-1.6973251904240227
do_comorbidity_high_0083,do_comorbidity_high,comorbidity,high,2.0,hard,2.0,0.7372167931515131,0.5285898798257536,0.5188302171730839,0.09735401731349641,0.3692525239565727,-0.5217453004900623,-0.07060563011754506
do_comorbidity_high_0084,do_comorbidity_high,comorbidity,high,2.0,hard,2.0,1.461961989832609,1.1728300743974214,0.6993167008891238,1.4264084135461006,0.7867675731443148,-1.1771245381834647,-2.307158967305973
do_comorbidity_high_0085,do_comorbidity_high,comorbidity,high,2.0,hard,2.0,1.4604026686920764,1.1415259561712436,0.8026374578448937,0.4469828864808497,0.7080597358207614,-0.914779299066198,-1.7574931140893273
do_comorbidity_high_0086,do_comorbidity_high,comorbidity,high,2.0,hard,2.0,1.6415384515006233,-0.055052667820896906,-0.373742273990878,1.3182014878826838,-0.3706679809162601,-1.6825741443207176,-1.0725233632920586
do_comorbidity_high_0087,do_comorbidity_high,comorbidity,high,2.0,hard,2.0,1.1059551248885362,0.857914304793914,-0.13745491192231435,1.4715940900846909,-0.15432587657935481,-2.373836231071049,-2.4928826372240276
do_comorbidity_high_0088,do_comorbidity_high,comorbidity,high,2.0,hard,2.0,1.6610132838572318,1.9520555013693237,1.153639141081829,-0.2811041057851087,1.697095152133483,-0.2381878792035414,-1.5881036528378634
do_comorbidity_high_0089,do_comorbidity_high,comorbidity,high,2.0,hard,2.0,0.6942806233020358,1.0773392190993207,0.3417682336982427,-0.23893783666562102,0.5512765343466746,-0.8102362448021996,-0.8208920831002131
do_comorbidity_high_0090,do_comorbidity_high,comorbidity,high,2.0,hard,2.0,2.1891340377752115,3.1381248525211953,2.884493908333915,-0.6865022085114783,2.137996778459456,-0.5557778589156279,-1.997645599931273
do_comorbidity_high_0091,do_comorbidity_high,comorbidity,high,2.0,hard,2.0,1.6625184782530331,2.382302318640697,2.075433689652802,-0.8381472493686681,2.363119975818316,0.6427752615885383,-1.0052183271306272
do_comorbidity_high_0092,do_comorbidity_high,comorbidity,high,2.0,hard,2.0,1.1644651977246165,1.1755322845666232,1.2043141170066058,1.0577274356581745,1.0382685938446992,-1.4827352243467529,-2.688144356567053
do_comorbidity_high_0093,do_comorbidity_high,comorbidity,high,2.0,hard,2.0,1.2707248149009378,0.3980742400565227,0.7046308241044041,-0.7168887738307885,0.8658749427460564,-0.023637836106894433,-1.1199439433552392
do_comorbidity_high_0094,do_comorbidity_high,comorbidity,high,2.0,hard,2.0,0.774977018520912,0.946426413210569,0.13661009132572566,-0.365126792804614,1.2800074600288465,0.34727242109437134,-0.5483849513878234
do_comorbidity_high_0095,do_comorbidity_high,comorbidity,high,2.0,hard,2.0,0.6684553724554446,0.14538464029933024,-1.05751293265645,1.5154891636312389,0.2803051556987128,-1.3655152133903667,-1.9010797758688471
do_comorbidity_high_0096,do_comorbidity_high,comorbidity,high,2.0,hard,2.0,1.4904006747337302,1.0935981628095621,1.5333914939870432,0.21876257098886712,1.5644742049026488,-0.48629903630508603,-2.0130844681805975
do_comorbidity_high_0097,do_comorbidity_high,comorbidity,high,2.0,hard,2.0,1.7983651292005105,1.5782117886952418,-0.16621246531326572,2.3343759805080495,0.3426171193859306,-2.208600321576809,-3.112595069428963
do_comorbidity_high_0098,do_comorbidity_high,comorbidity,high,2.0,hard,2.0,0.4692431075131318,-0.11525008505183981,-0.09135988698652087,0.5882027222128972,0.7616242069428515,-1.4305372272446222,-1.7959061695177851
do_comorbidity_high_0099,do_comorbidity_high,comorbidity,high,2.0,hard,2.0,2.2006378127351556,1.4183334547954134,1.8645514888604022,0.19104736384727455,1.519297649712927,-0.15957716410952605,-1.7665764214617452
do_severity_low_0000,do_severity_low,severity,low,-2.0,hard,-0.12705676370733363,-2.0,-2.071228633617878,-2.091793481211333,-0.8240740196647693,-0.9380850665332748,0.36137738708990697,0.5397269271204796
do_severity_low_0001,do_severity_low,severity,low,-2.0,hard,0.31859311073169994,-2.0,-1.780222709983908,-1.8363817787069983,-0.3041757569108202,-1.1006243136793186,-0.33250541118776394,0.5007702841796405
do_severity_low_0002,do_severity_low,severity,low,-2.0,hard,-0.3718940820620399,-2.0,-1.9689270203840523,-2.2418563526518382,-0.4649833373938721,-1.1819459077894163,1.0120081934655853,2.0508617845181094
do_severity_low_0003,do_severity_low,severity,low,-2.0,hard,0.7279482424144457,-2.0,-1.1380139716869748,-1.8532312822355,-0.053207016563663834,-0.881681021585186,-0.2273832632465711,1.2083855829850967
do_severity_low_0004,do_severity_low,severity,low,-2.0,hard,0.015435113419827451,-2.0,-1.6609668329177378,-1.9537912976802194,-0.10953382196982031,-1.6038949219550043,0.10838814941521824,0.6607889060842411
do_severity_low_0005,do_severity_low,severity,low,-2.0,hard,0.391927184632638,-2.0,-0.5120219539270086,-1.7446506636914463,0.0979244891997399,-0.9327517061391851,0.10058424857560744,1.1375726675985443
do_severity_low_0006,do_severity_low,severity,low,-2.0,hard,0.6081278241486067,-2.0,-1.6736247542725937,-2.5800203793351373,0.007336441228390667,-0.4863382713769736,-0.6123254566289283,-0.6133121044736619
do_severity_low_0007,do_severity_low,severity,low,-2.0,hard,-0.13109649849321306,-2.0,-1.9147027392722997,-1.4500411423918669,-0.8818641676077487,-0.06151251210506292,0.0994317057287819,0.4093380799304766
do_severity_low_0008,do_severity_low,severity,low,-2.0,hard,-0.5819687881312677,-2.0,-1.3265000308552115,-2.0180389392788936,0.08997732659704571,-0.5526845229770662,0.007387030153318708,0.5652317180851522
do_severity_low_0009,do_severity_low,severity,low,-2.0,hard,-0.37388034258341235,-2.0,-2.051098862283995,-1.83235538649719,0.6784278207549679,-1.2990755750264877,-0.451104858345612,0.07323927719432399
do_severity_low_0010,do_severity_low,severity,low,-2.0,hard,0.7514586137440985,-2.0,-1.8444880264453414,-1.5949393246794492,-0.024269093288983024,0.13305713851292195,0.08126132552822357,0.2236659580035955
do_severity_low_0011,do_severity_low,severity,low,-2.0,hard,0.6667030694834235,-2.0,-2.8796628727572937,-4.1245184888936635,1.9525804595136096,-1.0735744628329784,-1.8969369060786212,-0.46361940775258875
do_severity_low_0012,do_severity_low,severity,low,-2.0,hard,0.1951088083704633,-2.0,-1.3377914608576922,-2.326781165312359,0.5806126410311011,-0.9546256380546603,-0.1177474928277003,1.2970242436917627
do_severity_low_0013,do_severity_low,severity,low,-2.0,hard,0.17471631181792582,-2.0,-2.3538246009023447,-2.454496140252523,-0.013820413708957646,-1.1151655926991788,0.3487181295060671,0.9242466409307479
do_severity_low_0014,do_severity_low,severity,low,-2.0,hard,-0.20367821129636082,-2.0,-2.705632978974152,-3.463846227991792,1.9671497698050873,-2.1477078349892857,-0.5084071010098001,0.7018095291974371
do_severity_low_0015,do_severity_low,severity,low,-2.0,hard,0.1396130595021178,-2.0,-1.5718877667791469,-2.10738464263234,0.02063393115782744,-1.3801099779520083,-0.7035444130684678,-0.0375977419770539
do_severity_low_0016,do_severity_low,severity,low,-2.0,hard,-0.2026117000282566,-2.0,-1.912694240655422,-2.1040418488416304,-0.5758263081079062,-1.8511954956231547,0.129674937116789,0.6523246479828168
do_severity_low_0017,do_severity_low,severity,low,-2.0,hard,-0.8998706198743416,-2.0,-2.304449021930322,-1.729459825044521,-0.26130329631140015,-1.565713802491685,0.7148598342141439,1.4039707425899284
do_severity_low_0018,do_severity_low,severity,low,-2.0,hard,-0.08714104206711112,-2.0,-0.7818599500452137,-1.826932998233863,-0.46194931190473015,-1.1993628543781887,-0.05641392966578623,0.9171115531138556
do_severity_low_0019,do_severity_low,severity,low,-2.0,hard,0.3078695320069185,-2.0,-1.02284522718855,-1.703428847642854,0.21828913230328167,-0.16555054226822496,0.4917347225184996,0.4442207134372422
do_severity_low_0020,do_severity_low,severity,low,-2.0,hard,0.053373445485769694,-2.0,-2.035062650981568,-2.4796481898004568,0.7603933837158168,-0.2598775456660892,1.190697332478424,2.1937355003791312
do_severity_low_0021,do_severity_low,severity,low,-2.0,hard,0.2673107628560247,-2.0,-0.9157092651868631,-1.015747704622139,-1.142706896010382,-0.4414862638604278,1.6956221322165628,2.484072394189245
do_severity_low_0022,do_severity_low,severity,low,-2.0,hard,-0.08083225090103698,-2.0,-2.278538967760547,-2.0509376506592085,-0.42086437717336345,-0.69071542579324,1.1826014594395637,1.243774757310532
do_severity_low_0023,do_severity_low,severity,low,-2.0,hard,0.1566190960357963,-2.0,-1.6640173896492874,-1.9141542664689248,-0.27972367315445934,0.22013163695706517,0.59942261158769,1.0133343931834033
do_severity_low_0024,do_severity_low,severity,low,-2.0,hard,0.8562023871042709,-2.0,-0.997573906471089,-1.7263027080926339,-0.877574396193052,-0.8185853528883889,-0.007637152733476038,1.1061861252851686
do_severity_low_0025,do_severity_low,severity,low,-2.0,hard,0.2331475450766129,-2.0,-2.1218160248942644,-2.0368548705582166,0.42907173204873594,-0.4772754975500394,-0.6054143255437102,-0.5325881197314092
do_severity_low_0026,do_severity_low,severity,low,-2.0,hard,-1.0610954557998384,-2.0,-2.9282185665558114,-2.5967194563841525,-0.15057618289385438,-2.5163592389817095,1.0363418658263233,2.225598043540807
do_severity_low_0027,do_severity_low,severity,low,-2.0,hard,0.8736124545203394,-2.0,-1.9851866280542771,-2.562885461851242,-0.31444407777354705,-1.126578502418172,0.386173658357861,1.6772379081862185
do_severity_low_0028,do_severity_low,severity,low,-2.0,hard,-0.5858509524971199,-2.0,-1.537419456923687,-0.8589591133669501,-1.5790042301326355,-0.6925549686485424,0.8249903304691647,1.492083636423671
do_severity_low_0029,do_severity_low,severity,low,-2.0,hard,0.12954528938449913,-2.0,-2.1733801045475265,-3.223494298475911,1.000367144596714,-1.2064699635995977,-0.8243349540531096,0.158034685075915
do_severity_low_0030,do_severity_low,severity,low,-2.0,hard,-0.7579317284661176,-2.0,-2.098374775797076,-1.6715430441173902,0.3665309537514822,-1.3297182751481902,-0.48010406277651324,-0.15834180363148825
do_severity_low_0031,do_severity_low,severity,low,-2.0,hard,-0.3410943684779946,-2.0,-1.9383815279447634,-1.634627606690963,0.9608675563930924,0.11489905010242163,-0.9666585775159205,-0.34979348282299694
do_severity_low_0032,do_severity_low,severity,low,-2.0,hard,0.33850836063910533,-2.0,-1.7897802196162862,-1.9526398865267343,-0.5505751212620431,-0.8372489895643089,-0.01656467428031888,0.6919351050524795
do_severity_low_0033,do_severity_low,severity,low,-2.0,hard,0.29909844122743484,-2.0,-1.9944500853220035,-2.4424084752688744,0.1746673682652584,-1.7664045341126413,0.6209212322657922,1.8143164806407328
do_severity_low_0034,do_severity_low,severity,low,-2.0,hard,0.6953372310205027,-2.0,-0.4304703055365664,-1.0939043067256955,-1.0611223872535764,0.2497201255590502,-0.22357847319946111,-0.6792271542562262
do_severity_low_0035,do_severity_low,severity,low,-2.0,hard,-0.16114288399890053,-2.0,-2.2390978373593553,-2.4156894084083422,-0.004446731388563274,-1.7312082358895147,-0.3630167427286869,0.6722549328538963
do_severity_low_0036,do_severity_low,severity,low,-2.0,hard,0.10889706403819631,-2.0,-1.886457631145839,-2.0046400090095284,-0.781761006889508,-0.3965014138582025,-0.06508223622988696,0.8477782274132821
do_severity_low_0037,do_severity_low,severity,low,-2.0,hard,0.3234447759356086,-2.0,-1.826450540811797,-2.264073102565429,0.4885061638617132,-0.6844741149963671,0.08896806254428224,0.7126326084151984
do_severity_low_0038,do_severity_low,severity,low,-2.0,hard,-0.3987714924579512,-2.0,-1.903606393666729,-2.0585993623958596,-0.43675703212483574,-1.4550375884413285,0.38879334460118886,0.9682555735896352
do_severity_low_0039,do_severity_low,severity,low,-2.0,hard,0.8717181755203166,-2.0,-1.481509015359334,-2.9685744242413676,0.17087461283591848,-1.2537781876390328,0.02958117248086517,1.4885178426338201
do_severity_low_0040,do_severity_low,severity,low,-2.0,hard,0.8747238639296805,-2.0,-1.5666894750126275,-2.1732175763817465,0.9106845126347669,-0.9818926151140592,-0.31028933158446725,0.7414516669091586
do_severity_low_0041,do_severity_low,severity,low,-2.0,hard,-0.483842229438456,-2.0,-2.3896588182041807,-2.5803213587101537,0.47967053059022935,-1.1261740619892304,-0.40558927500622555,-0.13519654380424523
do_severity_low_0042,do_severity_low,severity,low,-2.0,hard,-0.37327055862585645,-2.0,-3.009772666395985,-2.706930169910949,0.6199774462229868,-1.5329172727607676,-0.7771398504805513,-0.8096057527752609
do_severity_low_0043,do_severity_low,severity,low,-2.0,hard,0.4122535447173777,-2.0,-1.8374791832031139,-2.528359865573523,0.3902070573113443,-0.961807846860776,-0.4647292834569951,0.5935033276745871
do_severity_low_0044,do_severity_low,severity,low,-2.0,hard,0.6619097510942186,-2.0,-1.4394151961797224,-1.4681345699698556,-0.9653226673560039,-0.6020831795464139,0.2767940196346331,0.2883493032040635
do_severity_low_0045,do_severity_low,severity,low,-2.0,hard,0.4765040471258253,-2.0,-1.8742097002671207,-1.9503582313383319,-0.7372036219318201,-0.8568884585242366,0.2484776802123681,1.310096673442831
do_severity_low_0046,do_severity_low,severity,low,-2.0,hard,0.2340583614070894,-2.0,-1.7542705775073717,-1.8505754188483952,-0.011602673438638855,-0.9204561338009597,-0.8048402204387877,0.08763969651323933
do_severity_low_0047,do_severity_low,severity,low,-2.0,hard,-0.2266950789602296,-2.0,-1.178887580453269,-1.3765616930770388,-0.11456058432354133,-0.4437315533721945,-0.31500065405518785,1.2049683110070535
do_severity_low_0048,do_severity_low,severity,low,-2.0,hard,-1.1539520568177193,-2.0,-1.140229386155061,-2.119042118770569,-0.2917841798342667,-1.2650464384556213,0.3124472740972067,1.5275433918341164
do_severity_low_0049,do_severity_low,severity,low,-2.0,hard,-0.08533012044614069,-2.0,-1.1097993164521667,-1.8185258704041918,-1.0014246239295668,0.0030017173737922898,1.128040382024902,0.9162797040713782
do_severity_low_0050,do_severity_low,severity,low,-2.0,hard,-0.852338217413337,-2.0,-2.9032198938311238,-3.303885683121027,0.14506685959162535,-1.282090040009519,-0.23800505771338268,0.8207572467881828
do_severity_low_0051,do_severity_low,severity,low,-2.0,hard,-0.21156737033073486,-2.0,-1.9486017680600662,-1.5624243436746519,-0.3210068891526795,-0.2952939261373583,-0.2688298305985084,0.14227719547427248
do_severity_low_0052,do_severity_low,severity,low,-2.0,hard,-0.8383030245310715,-2.0,-1.3362508291392567,-0.5205654670928852,-0.5063129923667845,-1.0077216154889885,0.0849465600685615,0.9739032184767558
do_severity_low_0053,do_severity_low,severity,low,-2.0,hard,0.0197742322804974,-2.0,-1.0803629448525975,-0.8773301734563862,-0.5217549884827588,-0.06301674258775708,0.7473516495416669,0.29738633080675536
do_severity_low_0054,do_severity_low,severity,low,-2.0,hard,0.8388390632424793,-2.0,-1.9699019618134677,-3.3400171326007975,0.2110538758700875,-1.4246961157579097,0.17793357246991948,1.194648709595688
do_severity_low_0055,do_severity_low,severity,low,-2.0,hard,-0.30246647531629844,-2.0,-1.8014457006525721,-1.9447959565556225,0.791686276758801,-0.7823914262431046,-0.7938167680369469,-0.3167027629917084
do_severity_low_0056,do_severity_low,severity,low,-2.0,hard,-0.16015284573866628,-2.0,-3.0034360208139645,-2.9450827778461917,0.5104695815195524,-1.3141382187873114,0.152528901417121,1.2956982337091985
do_severity_low_0057,do_severity_low,severity,low,-2.0,hard,-0.18201907712534127,-2.0,-2.2963454844820843,-1.9198536362271152,-0.34870543070477356,-1.3819596127519338,1.2431473386497145,1.0797245545558245
do_severity_low_0058,do_severity_low,severity,low,-2.0,hard,0.6303627407026705,-2.0,-2.408094724507863,-2.7820072808468814,-0.18254318116252005,-1.228447108139208,0.3216493078660186,0.41124731716411633
do_severity_low_0059,do_severity_low,severity,low,-2.0,hard,0.129754024471593,-2.0,-1.5229774265588727,-2.538992621370598,-1.0311970382184226,-1.3142911926152616,0.9900716659972486,2.567925467242889
do_severity_low_0060,do_severity_low,severity,low,-2.0,hard,-0.1509128804647329,-2.0,-1.8110718028986432,-1.4259116738705366,-1.3691146339094926,-0.6457679283648553,1.1889471000416367,2.125213926501422
do_severity_low_0061,do_severity_low,severity,low,-2.0,hard,-0.4090517028257339,-2.0,-1.1534277110172253,-1.6548507497015819,-0.7573505451763693,-0.45096935147318695,0.648279653761188,1.1858213862490814
do_severity_low_0062,do_severity_low,severity,low,-2.0,hard,1.0622343077013667,-2.0,-1.2764877893398716,-1.5079853226575386,-0.46860143375932245,-0.13266467641511315,-0.5680914773004556,-0.19985160473513697
do_severity_low_0063,do_severity_low,severity,low,-2.0,hard,0.11085027388814492,-2.0,-1.749160513387413,-0.8913360532639396,-0.855217634377198,-0.08193591610172107,0.12650971361386615,-0.7378112004173913
do_severity_low_0064,do_severity_low,severity,low,-2.0,hard,0.18936221327533526,-2.0,-2.0766087650621214,-2.6111463665445838,0.014779553778205723,-0.9682533843357541,0.09638475532442294,1.5299428617596749
do_severity_low_0065,do_severity_low,severity,low,-2.0,hard,0.6439344129922911,-2.0,-1.9003227137936418,-1.7814311894101529,-0.507194414304757,-0.2145119124865167,-0.4574954078875446,1.2662541355396284
do_severity_low_0066,do_severity_low,severity,low,-2.0,hard,-0.6789767809325526,-2.0,-1.7452104608996264,-2.574774699844415,1.2558084634132105,-0.9440582804214837,-0.27458335768588865,0.2405874841145545
do_severity_low_0067,do_severity_low,severity,low,-2.0,hard,-0.4503391287641669,-2.0,-1.0571651562256497,-1.1347310742916836,-1.511652266991131,0.15382972108239779,0.19370907564156448,0.6508699759320689
do_severity_low_0068,do_severity_low,severity,low,-2.0,hard,-0.008905547754392085,-2.0,-1.0069457401068822,-2.1180883950130944,-0.0078413145566337,-1.1214417930781095,0.512441687426074,1.4708737100933156
do_severity_low_0069,do_severity_low,severity,low,-2.0,hard,-0.5031190042220245,-2.0,-2.620996219679182,-2.633643644227172,-0.36357767768875465,-1.6719113209505159,0.24664084109192336,1.522340028219984
do_severity_low_0070,do_severity_low,severity,low,-2.0,hard,-0.5863240907717975,-2.0,-2.228213376242924,-2.2280971200565105,-0.48591303651845974,-1.0403568756158719,0.7095318587387407,2.0134983485761797
do_severity_low_0071,do_severity_low,severity,low,-2.0,hard,-0.21815556129916563,-2.0,-1.4724486035529947,-1.8638065050267454,-0.4135944255956466,-1.4975677089456976,-0.00840210613796577,0.17584899178234858
do_severity_low_0072,do_severity_low,severity,low,-2.0,hard,-0.42526122205484485,-2.0,-2.194874345064989,-2.1763004424836128,-0.6387226760202123,-0.9894422804642248,0.9216801475334568,1.6506813528558206
do_severity_low_0073,do_severity_low,severity,low,-2.0,hard,0.010956876740928018,-2.0,-1.6039146276496234,-0.543619967367778,-1.0254371994564464,-0.47203904719996304,0.8110600822142743,0.44182952969747125
do_severity_low_0074,do_severity_low,severity,low,-2.0,hard,-0.36719702916694563,-2.0,-1.085043572587379,-1.1515454141294246,-0.6272571078888947,-1.3646738835547911,0.07365879507086631,0.9047573080733894
do_severity_low_0075,do_severity_low,severity,low,-2.0,hard,-0.7791228477238061,-2.0,-1.9236116074867349,-1.5116849011709963,-0.6879568005365957,-1.6663524859075365,1.4115075692415184,2.089653809892627
do_severity_low_0076,do_severity_low,severity,low,-2.0,hard,0.33092647739556147,-2.0,-1.7175737535374818,-1.8221006189574023,-0.8558373015267583,-0.31176844341299953,0.15056257696878494,-0.3187770849611622
do_severity_low_0077,do_severity_low,severity,low,-2.0,hard,-0.034492027723366916,-2.0,-2.003168844828208,-2.341513993050672,0.2007250389211142,-1.4250572988656995,0.1029687946953862,0.7660784626748304
do_severity_low_0078,do_severity_low,severity,low,-2.0,hard,0.02415936949486001,-2.0,-1.7762047721787475,-2.4941850202704767,-0.15219510212034817,-1.175037220891159,0.5264431020717117,1.0918254020695848
do_severity_low_0079,do_severity_low,severity,low,-2.0,hard,-0.4432815344616575,-2.0,-1.5385003108472717,-2.2741495385527104,1.0903583544949385,-0.7721221313891627,-1.195070763488995,-1.42556616988625
do_severity_low_0080,do_severity_low,severity,low,-2.0,hard,0.23080451410249683,-2.0,-1.4704319928094005,-1.6852083463083258,-0.4834183223976904,-0.6145047651919039,-0.251012403259387,0.46593246976680225
do_severity_low_0081,do_severity_low,severity,low,-2.0,hard,-0.5462730005379939,-2.0,-1.6790046254280533,-1.3916123620189627,-0.6650021959844381,-0.5500700789186469,0.4611048923401077,1.4191308964868372
do_severity_low_0082,do_severity_low,severity,low,-2.0,hard,-0.15278779466981537,-2.0,-1.5321440762436596,-2.358667674821703,-0.42600046056315094,-0.8488016063142624,0.7126980868503179,1.4682681779387283
do_severity_low_0083,do_severity_low,severity,low,-2.0,hard,0.6285409824698809,-2.0,-1.3394830673530382,-2.1660976468602966,0.17336541850245896,-0.7016275034164634,-0.34576086563723585,0.2386081955636429
do_severity_low_0084,do_severity_low,severity,low,-2.0,hard,-0.6082614292916342,-2.0,-1.0231500900518624,-0.43901419109541917,-1.7054938220616425,0.5595639348968008,0.5622897156479679,0.43089193251711294
do_severity_low_0085,do_severity_low,severity,low,-2.0,hard,0.6733271230556177,-2.0,-1.87882182697031,-2.7736919606146793,1.0143700395866504,-1.2660370989862848,-1.3985787270958794,-0.3082709401519953
do_severity_low_0086,do_severity_low,severity,low,-2.0,hard,0.5270847892879764,-2.0,-1.911177891108347,-1.2097321558847998,0.020074485059621172,-0.03896194527945546,-0.5667401251740489,0.08553090213314675
do_severity_low_0087,do_severity_low,severity,low,-2.0,hard,-0.9052072089696196,-2.0,-1.1510941276467435,-1.4884609943881126,-0.9283856785072138,-1.424818928371788,0.7728284961684931,0.012088158073416011
do_severity_low_0088,do_severity_low,severity,low,-2.0,hard,0.62189739864679,-2.0,-1.8572157534819667,-3.165488872124289,1.3133781588361337,-1.1822910066208678,-0.7991330769486773,-0.15095113953665662
do_severity_low_0089,do_severity_low,severity,low,-2.0,hard,-0.2875519454364733,-2.0,-1.9729595224229766,-2.296639041395484,-0.25408352732607487,-2.2476009068967446,-0.5883837089095154,0.5663013360768216
do_severity_low_0090,do_severity_low,severity,low,-2.0,hard,-0.7609986454974259,-2.0,-1.649809630919182,-2.1416133418351446,-0.2328170997798828,-1.1899761772412683,0.334978629347534,1.652246983985814
do_severity_low_0091,do_severity_low,severity,low,-2.0,hard,-0.7339032037778093,-2.0,-1.7643298945764356,-2.553379702693519,0.18746362484029405,-1.1688334864889576,-0.5250377391590945,0.1950882339466228
do_severity_low_0092,do_severity_low,severity,low,-2.0,hard,-0.07707802532721578,-2.0,-1.5765023839017245,-0.9280241941751987,-0.9189516307522569,-0.3669261464720037,-0.11972738127116167,-0.7070105715764045
do_severity_low_0093,do_severity_low,severity,low,-2.0,hard,-0.16069277218595104,-2.0,-1.5732885141580393,-2.1063560429918096,-0.2694071154220732,0.4726035662437231,0.02091846787850085,0.7820417020089991
do_severity_low_0094,do_severity_low,severity,low,-2.0,hard,-0.35096189435905445,-2.0,-1.7807107135265277,-1.4440555859912183,-0.6276012658312469,-1.1756032961220204,1.2437928646290863,1.6488707080219729
do_severity_low_0095,do_severity_low,severity,low,-2.0,hard,-0.5863014382537209,-2.0,-1.8779731851935892,-2.8096816931607678,1.1665821653416106,-1.7270065603852551,-0.6366730350400629,-0.09201958167207835
do_severity_low_0096,do_severity_low,severity,low,-2.0,hard,-0.2957984499274492,-2.0,-1.8560867597151607,-1.6727609207281242,-0.8736926199508241,-0.5787435486477843,1.7943611872240517,1.9852311650015757
do_severity_low_0097,do_severity_low,severity,low,-2.0,hard,-0.031033848475484162,-2.0,-1.7972515709650894,-1.36154912609462,-0.8793660154438061,-0.4067326796887775,0.7848625346483267,2.2500395506069215
do_severity_low_0098,do_severity_low,severity,low,-2.0,hard,-0.7962234363609552,-2.0,-1.450362197109078,-1.7780820412985947,-0.594221732844807,-1.8741529960618388,0.7473800246030488,2.542295258403043
do_severity_low_0099,do_severity_low,severity,low,-2.0,hard,-0.2869713978471357,-2.0,-1.6920745766070875,-1.794154153785946,-0.22360900556422278,-1.1538344157894869,-0.8389256073342408,0.21937212833966688
do_severity_high_0000,do_severity_high,severity,high,2.0,hard,-0.10382271648407061,2.0,1.522414255243835,2.1612253209630676,0.31039970889338014,0.7718094529097395,-1.4728459770562636,-2.6876457451228775
do_severity_high_0001,do_severity_high,severity,high,2.0,hard,0.3202871168171126,2.0,2.0247901105904678,1.9141437329688775,0.2537141260354,0.174612875164609,-0.625924306632208,-0.034137499313248276
do_severity_high_0002,do_severity_high,severity,high,2.0,hard,-0.683197345171406,2.0,1.913389364679558,0.95989736161994,1.3631736610689813,1.4765351592977916,-0.4794418882455605,-1.08001133627259
do_severity_high_0003,do_severity_high,severity,high,2.0,hard,1.3006288397405734,2.0,1.4175424931335636,0.33335397186792615,2.0150719898925664,-0.5350497075361168,-2.3392947998490943,-2.2087057143734983
do_severity_high_0004,do_severity_high,severity,high,2.0,hard,-0.23856385925505494,2.0,1.6020848379043375,1.519732799763391,0.4891255690541921,0.07984505257884444,-0.7646008076188251,-1.5240524149392418
do_severity_high_0005,do_severity_high,severity,high,2.0,hard,-0.26770946834137627,2.0,1.6867183010765592,1.4792641057762694,1.9083265891394003,0.44610275445552616,-1.312108013823712,-1.788613561535209
do_severity_high_0006,do_severity_high,severity,high,2.0,hard,1.3866949292853996,2.0,0.5923422427207161,0.7133875014462822,0.7886174180784922,1.1057952486425346,-0.431602113519831,-1.6030882485430904
do_severity_high_0007,do_severity_high,severity,high,2.0,hard,-0.452890737567016,2.0,2.110029537413531,2.830655779805844,-1.5394439423481154,1.3173024296719829,1.074205210287077,0.14891795066083863
do_severity_high_0008,do_severity_high,severity,high,2.0,hard,0.7014011732489236,2.0,2.506538665959762,2.352635088288657,-0.7758055637927692,2.4099817943895245,-1.1127066239110457,-1.6308094353861737
do_severity_high_0009,do_severity_high,severity,high,2.0,hard,-0.7063685279866583,2.0,1.8114402095175088,1.8398299188846243,0.3327395671989935,0.069299462671774,-0.06932020306713924,-0.23643293931177084
do_severity_high_0010,do_severity_high,severity,high,2.0,hard,0.7580472787160494,2.0,1.0407689787650654,1.4433205433453526,0.18430213091309638,1.4289617057780146,-0.6967179814635607,-3.029950869626852
do_severity_high_0011,do_severity_high,severity,high,2.0,hard,0.9917073973384036,2.0,1.6606007626048307,2.146224007447382,-0.23951975646268503,1.5459055563038757,0.23798238018185622,-1.3279377525250076
do_severity_high_0012,do_severity_high,severity,high,2.0,hard,-0.24449924599289952,2.0,1.1157750366403332,1.6453483233924011,0.016268443004169963,1.7029371043340542,-0.44793342899692706,-1.2306524920188344
do_severity_high_0013,do_severity_high,severity,high,2.0,hard,0.5797398774719794,2.0,1.3770140269186375,2.001069104772073,0.696721116941586,1.6171018941516089,-1.0572006827964706,-2.4150977237539792
do_severity_high_0014,do_severity_high,severity,high,2.0,hard,-0.7946706434283778,2.0,2.1017201900994498,2.5453951942097515,-0.5375163741355626,1.2200776909018625,0.6903348714205774,-0.6316622982068136
do_severity_high_0015,do_severity_high,severity,high,2.0,hard,0.27815524240030404,2.0,1.0358938766343853,1.5242490887835445,0.6499512285175979,0.7368873119968165,-0.27058284468373844,-1.030479521074497
do_severity_high_0016,do_severity_high,severity,high,2.0,hard,0.1717230797583371,2.0,1.6540432333635176,1.4263415467774272,0.3120218485131613,1.4403901999464985,-0.7575193338523794,-1.6050995247934667
do_severity_high_0017,do_severity_high,severity,high,2.0,hard,-0.8866294573060689,2.0,1.8246565602712939,1.7147606902741088,0.4199306272882366,0.6324434849485756,0.5645361314579742,0.671063887567732
do_severity_high_0018,do_severity_high,severity,high,2.0,hard,-0.4377288359864368,2.0,1.7811940549324161,1.9235857697579082,0.07165564312733727,1.236101706777386,-0.6747046346562428,-0.6857697420668464
do_severity_high_0019,do_severity_high,severity,high,2.0,hard,0.8728723002857995,2.0,2.3347323930666795,1.902392224262618,0.20561750926015732,1.3358932706555227,-1.7089437475905978,-3.4604361181223418
do_severity_high_0020,do_severity_high,severity,high,2.0,hard,0.5254275372673329,2.0,1.2523523160627537,0.5910058253560961,1.2835746586044579,0.6523482505310564,-0.5167212153264757,-0.23936490382803977
do_severity_high_0021,do_severity_high,severity,high,2.0,hard,0.32091778613052274,2.0,1.3964250759833936,1.8810327296586575,-0.3457791449905433,0.9265894486908584,-0.04607526847741772,-0.297371931928908
do_severity_high_0022,do_severity_high,severity,high,2.0,hard,0.30398445940119473,2.0,1.919261053793753,2.1280118370095797,0.4525905159363255,1.2723190001165186,-0.40773701824467995,-0.9433202982239337
do_severity_high_0023,do_severity_high,severity,high,2.0,hard,0.018439103347346213,2.0,1.7211005845064347,1.8917457694439448,0.6948579551309455,0.3056305743254175,0.2738883208197196,0.5668475283557034
do_severity_high_0024,do_severity_high,severity,high,2.0,hard,-0.7461145090097347,2.0,1.9754576403895714,1.6547756636360567,0.3404503333379084,0.3396663957999956,0.1898250529108223,0.008312084358333305
do_severity_high_0025,do_severity_high,severity,high,2.0,hard,0.7039675521611874,2.0,1.845381941411844,2.5165082363370415,-0.017037502869621607,0.12364093183420177,0.34601194589879125,0.05730605655594495
do_severity_high_0026,do_severity_high,severity,high,2.0,hard,-0.38227299515608726,2.0,1.8406690589934658,2.33200746546672,-0.17183998794465263,0.8161631310686378,0.43763914327806297,0.3582511278427641
do_severity_high_0027,do_severity_high,severity,high,2.0,hard,-0.2867155279960856,2.0,2.166855097750178,1.8862956138343168,-0.16000380639520634,0.6530842927019748,0.17388005012658536,-0.6160128984740821
do_severity_high_0028,do_severity_high,severity,high,2.0,hard,-0.219823616820568,2.0,1.6385127196875793,0.9531811708522389,1.2216104418269231,-0.17713849131645487,-1.0765048148643221,-1.1346812486347189
do_severity_high_0029,do_severity_high,severity,high,2.0,hard,-0.26514934080955976,2.0,1.983229072943306,1.7933200383405403,0.6393999126920392,0.4717607296922474,-0.11575791091787274,-0.7236687338920329
do_severity_high_0030,do_severity_high,severity,high,2.0,hard,-0.7017719242455412,2.0,1.8037059676239802,2.515768760287986,0.7763920925274774,0.5787193225871208,-1.0868828455445803,-1.1667960518533156
do_severity_high_0031,do_severity_high,severity,high,2.0,hard,-0.16666373042076213,2.0,1.3385702732881188,1.5876668575782884,0.9175392361131998,1.1938556058314989,-1.2014245831303476,-1.4455935746104007
do_severity_high_0032,do_severity_high,severity,high,2.0,hard,-1.4290534971855982,2.0,1.7614690703443812,1.5872078740344295,-0.038808774777499555,-0.6005561821613762,0.6395069665528106,-0.5419913961097977
do_severity_high_0033,do_severity_high,severity,high,2.0,hard,-0.37642065791251994,2.0,1.5982047051025599,1.9186445126350757,0.15583426121896599,1.0635023401639148,0.23807891559799454,-1.0189210742736428
do_severity_high_0034,do_severity_high,severity,high,2.0,hard,-0.3979549648639831,2.0,2.2223556107223774,2.524923966527734,-0.051628695380507794,1.149842508074634,0.6757227091428717,-0.8027220762380114
do_severity_high_0035,do_severity_high,severity,high,2.0,hard,0.4701549184115074,2.0,1.5135063067264383,0.5019881008196598,1.4493069295113095,0.7201866137626449,-1.8152341294809329,-1.6354664590606611
do_severity_high_0036,do_severity_high,severity,high,2.0,hard,-0.24170064145263254,2.0,1.3732517533195523,1.2111865688999004,-0.0019264984939774132,-0.6395316368623369,-0.9522969900141156,-0.7380991969468392
do_severity_high_0037,do_severity_high,severity,high,2.0,hard,0.48937396959984647,2.0,1.7607144298310744,1.3189544449285058,0.7733557423643159,0.9974236545788641,-0.7017345061534622,-1.2541645293004093
do_severity_high_0038,do_severity_high,severity,high,2.0,hard,0.04747594653999473,2.0,3.051887797994465,3.0721829739941886,-0.6110582100234908,1.9738950149527072,0.6743794377245056,-0.6461382356262402
do_severity_high_0039,do_severity_high,severity,high,2.0,hard,-0.6899199903260578,2.0,1.4780206852720135,1.8010391676362087,0.11935374095122744,-0.3986888214730826,-0.32962356908186924,0.5554519059958092
do_severity_high_0040,do_severity_high,severity,high,2.0,hard,-0.06853374670894413,2.0,2.1147886817366333,2.461475927688169,-0.7948325346786909,1.635368321505548,0.2102148691153573,-1.1003072147780082
do_severity_high_0041,do_severity_high,severity,high,2.0,hard,0.5981072767990155,2.0,1.7134308720885594,3.277496630589188,-1.1194822679168412,2.2423375298737387,1.4623589919332498,-0.4968156555535171
do_severity_high_0042,do_severity_high,severity,high,2.0,hard,0.4214673770109972,2.0,1.5823082891122633,2.0306840287159105,0.8193932475812508,0.9982190136310186,-0.5383657753785405,-1.9507383432693515
do_severity_high_0043,do_severity_high,severity,high,2.0,hard,-0.13488854588039603,2.0,2.1517041743650207,2.3322783177683313,0.8002014409209994,0.7478628034573946,-0.04009988298455763,-0.8149314903340963
do_severity_high_0044,do_severity_high,severity,high,2.0,hard,-0.8883614562493,2.0,1.7664619524018021,2.1304204866097707,-0.6318606765653524,0.3139614086762465,0.4032349040571004,0.1521874017553393
do_severity_high_0045,do_severity_high,severity,high,2.0,hard,-0.327934623917465,2.0,1.490403563382696,2.6545751210325674,-0.632367346821142,0.8108376267792652,1.0819569407008869,-0.07845307592224127
do_severity_high_0046,do_severity_high,severity,high,2.0,hard,-0.4835606282807724,2.0,1.7752784830706247,2.834544063559926,-0.24823678044134104,1.0871389595928371,-0.5766088853226062,-2.100496726669581
do_severity_high_0047,do_severity_high,severity,high,2.0,hard,-0.4982545742117743,2.0,1.2272265541463936,1.7967166828191892,0.6795717279525157,0.7964051277964492,-0.7201610147581057,-1.144987422224106
do_severity_high_0048,do_severity_high,severity,high,2.0,hard,-0.01333866432438087,2.0,0.7813923561833758,0.8062285646168525,1.04365472743437,0.19927738686877422,-1.0852616829155528,-1.8052852471164684
do_severity_high_0049,do_severity_high,severity,high,2.0,hard,0.4055630776839893,2.0,1.3180013249599247,1.272715935255622,0.9627346714538189,0.962717487435493,-1.658659739549189,-1.0423708950646238
do_severity_high_0050,do_severity_high,severity,high,2.0,hard,0.5559664555991026,2.0,1.8520766803410973,1.9414035403465677,0.18170764869979217,0.7573568406711877,0.05642071676911281,-0.9829827914004013
do_severity_high_0051,do_severity_high,severity,high,2.0,hard,-0.7195588259525334,2.0,0.6366226183330588,1.6660711567727557,-0.5368200980320251,0.5800206047860983,0.22770034307621334,0.833130020458211
do_severity_high_0052,do_severity_high,severity,high,2.0,hard,0.6747045969343624,2.0,1.812574320872897,1.972906960961157,-0.8972381331761422,2.116773071407036,0.4284045767684999,0.2781842807507984
do_severity_high_0053,do_severity_high,severity,high,2.0,hard,0.1672195193188274,2.0,1.2217902703417365,1.655710539382473,0.22537663961790605,0.4052191634076516,0.321275812509042,0.059200089943720335
do_severity_high_0054,do_severity_high,severity,high,2.0,hard,-0.6605529128452144,2.0,1.45011478389445,2.5019996951358237,0.9057903892625435,0.871029762449005,-0.025148805597522583,-1.1056774191708976
do_severity_high_0055,do_severity_high,severity,high,2.0,hard,0.07742066861419132,2.0,1.2577618121883418,1.3129605692007236,0.6078016044226138,0.4863041711357535,-0.44476561611801346,-1.345244877916853
do_severity_high_0056,do_severity_high,severity,high,2.0,hard,0.024036734741496,2.0,1.604378373964071,0.881130238042905,1.1114689348860427,0.13978708627988157,-1.3783193642604281,-1.4321789065738124
do_severity_high_0057,do_severity_high,severity,high,2.0,hard,0.25485649503318974,2.0,1.641503599831254,1.9259755625633406,0.5624568615426544,0.44588531518165864,0.5417272158668809,-0.3355893599985962
do_severity_high_0058,do_severity_high,severity,high,2.0,hard,1.2803504948363358,2.0,0.7932027082116446,0.44566688336624954,1.1042665251548818,1.684921105678248,-0.7701204531764607,-2.2558941141226296
do_severity_high_0059,do_severity_high,severity,high,2.0,hard,0.4389773885728667,2.0,2.000233773212572,1.9542583081870601,-0.30335118365336844,1.0432230499745005,-0.4720236084009698,-2.08022061036033
do_severity_high_0060,do_severity_high,severity,high,2.0,hard,-0.36875452112985163,2.0,1.6600699493045434,1.5906901197757863,1.6832403437915753,0.18842651624032847,-0.6505670691606946,-0.664301996313855
do_severity_high_0061,do_severity_high,severity,high,2.0,hard,0.31407409646973894,2.0,1.8487837977916106,1.7444075875023541,0.9115823059616848,0.8015437195707219,-0.5459652053893659,-1.1799434815248133
do_severity_high_0062,do_severity_high,severity,high,2.0,hard,0.07743154011112649,2.0,1.589497468094915,2.2455263063591957,0.20067448990968267,0.7081625167152421,0.20136373471000663,-0.006647843589272506
do_severity_high_0063,do_severity_high,severity,high,2.0,hard,-0.227534529532887,2.0,1.5991306458092192,1.920003614601675,1.0003794217984225,0.6565393951123006,-0.4441764172213972,-0.6128953305874858
do_severity_high_0064,do_severity_high,severity,high,2.0,hard,-0.011227443844143776,2.0,2.160433367296913,2.29939033453822,-0.0581784339079829,0.9781022973195964,0.29218557503439024,-0.056890374830292356
do_severity_high_0065,do_severity_high,severity,high,2.0,hard,0.3579271952622164,2.0,1.7259908161372566,1.4635145771016747,0.46080601750295047,0.84355832659968,-0.3040288105801373,-0.4185135098274435
do_severity_high_0066,do_severity_high,severity,high,2.0,hard,0.19851107170068424,2.0,1.6319983145206025,1.6562161504803867,0.7983826656507644,0.32835752093687476,-0.37685407971740115,-0.9498279610715705
do_severity_high_0067,do_severity_high,severity,high,2.0,hard,-1.1272071152627565,2.0,1.811543365131073,1.4097613982857227,0.4315250077062238,-0.02842443136004069,1.0961472098105238,-0.09274272985826526
do_severity_high_0068,do_severity_high,severity,high,2.0,hard,0.10074694198727628,2.0,1.9163685172628142,1.062617597155018,1.389195408898831,1.2776096720425874,-0.8960465120071277,-1.951813181441321
do_severity_high_0069,do_severity_high,severity,high,2.0,hard,0.039672657167164026,2.0,1.767164319306737,1.438884725299943,0.6628753435235734,0.6777209937952642,-0.3119934398907246,-1.0641108461983158
do_severity_high_0070,do_severity_high,severity,high,2.0,hard,0.2663386294491343,2.0,1.5655065090992533,2.506952534054991,-0.45979706296001055,1.5756459405122716,0.8470929840033097,-0.749383060710478
do_severity_high_0071,do_severity_high,severity,high,2.0,hard,0.09872504974258768,2.0,1.309688877262332,1.252974975356381,1.1127476242496073,1.4303292283913513,-0.5805583456126957,-0.9094912818360009
do_severity_high_0072,do_severity_high,severity,high,2.0,hard,0.25324688244872817,2.0,1.243521129070508,1.8282780765411513,0.11253383061533415,0.9165383007918215,-0.12573709203547542,-1.2154919481778839
do_severity_high_0073,do_severity_high,severity,high,2.0,hard,-0.24439061024689543,2.0,1.7473189554309734,1.2096759498399616,-0.18731466549642106,1.1783182356141224,0.1948469033508475,-0.5056025027106281
do_severity_high_0074,do_severity_high,severity,high,2.0,hard,1.0094346460794088,2.0,1.6189491605298143,1.998310814845655,0.3424475416431504,0.7686809850791196,-0.0543124137350352,-1.0056359563902189
do_severity_high_0075,do_severity_high,severity,high,2.0,hard,-0.46363871633140974,2.0,1.9906485056224634,2.003046139882839,-0.42205274288094463,0.5151302982530654,0.5130302091443615,-0.26075518382560015
do_severity_high_0076,do_severity_high,severity,high,2.0,hard,0.18121242711066493,2.0,1.627983890079888,2.1805349574745465,-0.09712554631026604,1.4776051184039765,0.010724812454462364,-1.0463959401930356
do_severity_high_0077,do_severity_high,severity,high,2.0,hard,-0.17872118760614933,2.0,2.073997962258403,1.1077317452469735,0.6960230941296363,0.10867998268107759,-0.4768610575303343,-1.4513368945539429
do_severity_high_0078,do_severity_high,severity,high,2.0,hard,1.5674299441844761,2.0,1.7238658757074135,2.2933974884719857,-0.3733432285057344,1.7795904019537463,0.4120737445243937,0.1864876807083733
do_severity_high_0079,do_severity_high,severity,high,2.0,hard,-0.6560934015177854,2.0,0.9099602977962908,2.1139365520095272,-0.4093916865216381,0.7746326297991171,0.538249093404096,-0.40230068930606777
do_severity_high_0080,do_severity_high,severity,high,2.0,hard,-0.12674865543095662,2.0,2.3647534075530725,1.5767978715332849,1.0533658797256762,0.8373104988445699,-0.4093788196542072,-0.9026308920338983
do_severity_high_0081,do_severity_high,severity,high,2.0,hard,0.9956726978123883,2.0,2.126972279763617,2.052986804986478,0.2811379774488988,2.1970814378453323,-1.005229686108873,-1.5367997065639087
do_severity_high_0082,do_severity_high,severity,high,2.0,hard,0.1723511940962786,2.0,1.1964584112935963,1.6108576302960904,-0.18143827412404245,0.7646460996025466,-0.10679696859771186,-1.6819264491610757
do_severity_high_0083,do_severity_high,severity,high,2.0,hard,-0.6648631952642825,2.0,1.493227390886277,1.9922003125591654,0.5234940621967166,0.9629178257047418,-0.21859801820569025,-0.6652969720542782
do_severity_high_0084,do_severity_high,severity,high,2.0,hard,-0.6074257806696378,2.0,1.4380595192451462,2.036670692645666,-0.2835026029598678,0.2337126789812103,-0.241026337997357,-0.8648983225789886
do_severity_high_0085,do_severity_high,severity,high,2.0,hard,-0.3425322707612604,2.0,3.094692005094803,3.1782268438273724,-0.5123531101682006,2.153234038716368,0.9385663153301855,-0.461932426907066
do_severity_high_0086,do_severity_high,severity,high,2.0,hard,-0.23960342226889614,2.0,2.3129668959529788,1.757516433063378,-0.10446758193406558,0.39758800758242463,0.0025192683942853455,-0.9203913939207818
do_severity_high_0087,do_severity_high,severity,high,2.0,hard,0.18397773756183905,2.0,1.955005440454966,1.731496591748961,1.152537503362755,1.1941236696972517,-0.613304164784297,-1.65893862669684
do_severity_high_0088,do_severity_high,severity,high,2.0,hard,0.4654687582054942,2.0,2.703830198414607,2.779697792048969,-0.6845805051883174,1.2187287191135998,-1.214722621117477,-1.4978424963024382
do_severity_high_0089,do_severity_high,severity,high,2.0,hard,-0.3388674823762335,2.0,1.3477912040041073,1.4791148261731066,0.8881798306043012,1.4670867815938662,-0.535825526724396,-1.2383605701193365
do_severity_high_0090,do_severity_high,severity,high,2.0,hard,-0.42423542158850464,2.0,2.680200489306059,2.959634519602357,-0.796681877261329,1.3575432792157944,1.579959175363097,0.3097170576014059
do_severity_high_0091,do_severity_high,severity,high,2.0,hard,-0.20810799292108856,2.0,1.3504921179454668,1.738731564341294,1.0001756697538497,0.5560743102416288,-0.6235143035744372,-1.6500591221051375
do_severity_high_0092,do_severity_high,severity,high,2.0,hard,-0.22656414718548476,2.0,1.549936279412711,2.292588186140497,0.9011578593361991,0.40674825884914134,0.024952835434299492,-0.8850579983603073
do_severity_high_0093,do_severity_high,severity,high,2.0,hard,-0.5344627107670917,2.0,1.6983113018203775,1.8950968309394012,1.0061482223656801,0.9478325608519835,-0.8497270294316692,-1.1370314701860738
do_severity_high_0094,do_severity_high,severity,high,2.0,hard,-0.27883328812113123,2.0,1.3947333285022576,2.033186362477451,0.2053540109169631,1.0190057697495212,0.15454594490795748,-0.03971192013782998
do_severity_high_0095,do_severity_high,severity,high,2.0,hard,-0.05541849651761001,2.0,2.0066698486462715,2.1115027536368887,-0.06237705389886024,1.115203686266185,0.7711280779451515,0.47060374220080026
do_severity_high_0096,do_severity_high,severity,high,2.0,hard,-0.5996264256658037,2.0,2.4147786484656364,1.9168797796677277,0.5894369993692836,0.1243582769845899,-0.05898623385695856,1.016101372789707
do_severity_high_0097,do_severity_high,severity,high,2.0,hard,0.0891077192811105,2.0,2.1617137324723834,2.731340985737057,-1.1483799518839737,1.5397875580550862,0.43910731931706953,-0.785143174177547
do_severity_high_0098,do_severity_high,severity,high,2.0,hard,-0.3010547463451717,2.0,1.8286481471214988,2.304533453737231,-0.28033116060468394,0.9480480219986844,0.26493569960440555,-0.6777981938947745
do_severity_high_0099,do_severity_high,severity,high,2.0,hard,0.3678321528272184,2.0,2.0190278610146115,2.098392885448615,0.5146991890109542,1.9975201221970957,-0.3481581311576308,-1.622715528880521
do_diagnosis_low_0000,do_diagnosis_low,diagnosis,low,-2.0,hard,0.04868972434162703,0.2998635402629856,-2.0,-2.2014781390213374,2.8335182599569215,-0.4719935264998393,-1.429459261231202,-0.6681260326017207
do_diagnosis_low_0001,do_diagnosis_low,diagnosis,low,-2.0,hard,0.22231456820669057,-0.5706646430628696,-2.0,-1.428929748052766,1.0979345555815412,0.09463277907559409,-0.5383130454479158,0.37464020536532733
do_diagnosis_low_0002,do_diagnosis_low,diagnosis,low,-2.0,hard,0.3885193654016915,0.1661106535712124,-2.0,-1.352494301932348,1.006551517184295,0.0020690576915107783,-0.5403733073813091,-0.30462332475178305
do_diagnosis_low_0003,do_diagnosis_low,diagnosis,low,-2.0,hard,0.15391137191829435,-1.1201441922743771,-2.0,-1.671174743946296,0.3551966029055535,-0.8900986513441543,-0.5476547444568891,0.7607098813401879
do_diagnosis_low_0004,do_diagnosis_low,diagnosis,low,-2.0,hard,-0.009068109449007806,0.03258403910550171,-2.0,-0.7859126488779669,1.223632324627997,-0.26936508441950946,-0.5965494300465473,-0.7915743159428883
do_diagnosis_low_0005,do_diagnosis_low,diagnosis,low,-2.0,hard,-0.17818490132320614,-1.4277162425429926,-2.0,-1.451253359014438,0.37490530508789277,-1.4039458633054243,-0.5585592585187653,1.0162187639221667
do_diagnosis_low_0006,do_diagnosis_low,diagnosis,low,-2.0,hard,0.34557691085410813,0.10960361213856193,-2.0,-1.377673291254609,1.2546041162647168,-0.9806612560078901,-0.9693054220105368,-0.405739035652864
do_diagnosis_low_0007,do_diagnosis_low,diagnosis,low,-2.0,hard,0.2950052670468547,0.4699616918536146,-2.0,-2.012611880718974,1.5439977712018773,-0.15062653955701122,-0.9986254128859346,-1.0009508337649116
do_diagnosis_low_0008,do_diagnosis_low,diagnosis,low,-2.0,hard,0.4622059045178029,0.12224441530954366,-2.0,-1.1106316961100047,0.9696106541668723,-0.5564964202264844,-0.3831108895270907,0.6460054260446053
do_diagnosis_low_0009,do_diagnosis_low,diagnosis,low,-2.0,hard,-0.6056586485312346,-0.5309181005376333,-2.0,-2.042358083908753,0.5117323450514863,-0.7606506355244123,-0.3252404485724385,0.1757599966190152
do_diagnosis_low_0010,do_diagnosis_low,diagnosis,low,-2.0,hard,0.5692036728496835,0.706894603566395,-2.0,-1.1759507456013356,1.6113448603268292,-0.41625601055573636,-1.40831565894551,-1.0098370354909596
do_diagnosis_low_0011,do_diagnosis_low,diagnosis,low,-2.0,hard,0.4111040659359275,0.6258435276651599,-2.0,-1.337786578684336,1.2120685148414267,-0.8100349771613036,-0.6983147667681993,-0.2701446980403599
do_diagnosis_low_0012,do_diagnosis_low,diagnosis,low,-2.0,hard,-0.8169777072208612,-0.7140251311570628,-2.0,-1.3295488875891295,0.9835676511928514,-1.2338079416378438,0.16768900169674467,1.0912464717875996
do_diagnosis_low_0013,do_diagnosis_low,diagnosis,low,-2.0,hard,-0.3479694805235153,-0.9024680670010541,-2.0,-0.983918449174777,-0.3499427190888599,-0.2373403980539628,-0.07079009052381258,0.3752455915651879
do_diagnosis_low_0014,do_diagnosis_low,diagnosis,low,-2.0,hard,0.2672823939550238,-0.2592643711839908,-2.0,-2.11552557704751,2.3906750171509183,-0.600505070057908,-2.830693736048846,-2.728645946622658
do_diagnosis_low_0015,do_diagnosis_low,diagnosis,low,-2.0,hard,0.6114018210845171,0.632392555122959,-2.0,-2.3015733271515346,1.856600881394205,-0.7305715393602048,-2.1570882772786693,-0.8819492816111824
do_diagnosis_low_0016,do_diagnosis_low,diagnosis,low,-2.0,hard,-1.033696602229164,-1.1187889932588437,-2.0,-1.0733450540467322,-0.20741679479008485,-1.0282867398247948,0.4424020618544544,1.4320355039791686
do_diagnosis_low_0017,do_diagnosis_low,diagnosis,low,-2.0,hard,0.22191673925205443,0.6685937166066858,-2.0,-1.1391973544268206,1.7183292402787247,-0.38421395457413354,-1.796477821618258,-1.5927671823887786
do_diagnosis_low_0018,do_diagnosis_low,diagnosis,low,-2.0,hard,-1.1074221380071243,-1.2221587028975944,-2.0,-1.0336634670921336,-0.735832767870147,-1.502406973789089,0.29576704917093755,0.5108987255785677
do_diagnosis_low_0019,do_diagnosis_low,diagnosis,low,-2.0,hard,-0.8218021799078674,-1.5709321680906914,-2.0,-1.8780603059806564,0.7978387972340945,-2.4504247394649816,-0.30605768368338004,1.0596127799069806
do_diagnosis_low_0020,do_diagnosis_low,diagnosis,low,-2.0,hard,-0.7525447743082082,-0.35355943337433715,-2.0,-1.120119228338762,0.6072646520434547,-0.5028743607000792,0.33788607973731394,1.2459336421475369
do_diagnosis_low_0021,do_diagnosis_low,diagnosis,low,-2.0,hard,0.13178632186682998,0.06072259217303224,-2.0,-1.7424103211444566,2.037420329036948,-1.29077387374938,0.00026832197275150627,0.7638614904707233
do_diagnosis_low_0022,do_diagnosis_low,diagnosis,low,-2.0,hard,-1.0182667317397496,1.1911262212774605,-2.0,-1.1785680963268206,1.4660719067631014,-0.36966696650598585,-1.2122282875971644,-1.0249945458290535
do_diagnosis_low_0023,do_diagnosis_low,diagnosis,low,-2.0,hard,-0.16735278780948806,-0.16881333760646583,-2.0,-2.112671847732016,2.3361578934004656,-1.2238757015581074,-1.5209727136086164,-0.8862833013899378
do_diagnosis_low_0024,do_diagnosis_low,diagnosis,low,-2.0,hard,0.0019846491770968717,-0.7467675945304226,-2.0,-2.118077122740946,0.5770735823661695,-1.9183425370964198,0.3094451140791042,1.579454928661828
do_diagnosis_low_0025,do_diagnosis_low,diagnosis,low,-2.0,hard,0.20768314185562037,-1.0924780841639044,-2.0,-2.672956140751904,0.5243982509985929,-0.5441710749499571,0.09615746178936885,-0.5966792371584344
do_diagnosis_low_0026,do_diagnosis_low,diagnosis,low,-2.0,hard,0.31959494352836887,-0.7519395666674612,-2.0,-2.0316816713044568,1.483878187507019,-0.8053592963419616,-0.4827473714071978,-0.19183621314753307
do_diagnosis_low_0027,do_diagnosis_low,diagnosis,low,-2.0,hard,0.5931162062596158,-0.1615310456940947,-2.0,-1.6968354526250746,1.4521283934130054,-0.25275924500959235,-1.6261753009205364,-1.4931526447259418
do_diagnosis_low_0028,do_diagnosis_low,diagnosis,low,-2.0,hard,-0.3040168252853379,-0.018928864029828324,-2.0,-1.2175484660567972,0.9485796730781177,-0.2848308819954866,-0.653043793652221,-0.011152747246622907
do_diagnosis_low_0029,do_diagnosis_low,diagnosis,low,-2.0,hard,0.7244635741139313,0.8924642660827815,-2.0,-2.1656532217602695,1.6544057207868095,-1.4796563207747115,-0.4499975431622961,0.06233208139592656
do_diagnosis_low_0030,do_diagnosis_low,diagnosis,low,-2.0,hard,-0.3503572238055037,-1.181888526075008,-2.0,-2.3356046358877496,0.6751475637874292,-1.5404246944500606,0.03183334867451876,1.5176321687289502
do_diagnosis_low_0031,do_diagnosis_low,diagnosis,low,-2.0,hard,-0.12580662955479027,0.427607890095519,-2.0,-2.1988813675133976,2.128316742268595,-1.8578581774064038,-0.5355419019437239,0.3576512370955578
do_diagnosis_low_0032,do_diagnosis_low,diagnosis,low,-2.0,hard,-0.8749394640562685,-0.6124614572033774,-2.0,-1.6494116201372242,0.8190281757062025,-1.3377109533511318,0.12851208882221044,0.9018467299183943
do_diagnosis_low_0033,do_diagnosis_low,diagnosis,low,-2.0,hard,-0.1640303784533396,0.4574995931233031,-2.0,-2.1573751332715285,1.4255255517136693,-1.076281784774896,-0.3484210366268877,-0.2382110218755381
do_diagnosis_low_0034,do_diagnosis_low,diagnosis,low,-2.0,hard,-0.01688475258555464,0.23840559551957755,-2.0,-1.7978579966694257,1.5638398856757014,-1.1046211086997006,-1.0631578042729923,-0.38348545944998724
do_diagnosis_low_0035,do_diagnosis_low,diagnosis,low,-2.0,hard,1.0525974274090495,0.36975343539846117,-2.0,-1.7744917509012812,1.7860663761934075,-0.1798966213701793,-1.5156500298814,-1.530219842735311
do_diagnosis_low_0036,do_diagnosis_low,diagnosis,low,-2.0,hard,0.46803236750407945,1.4572954734717434,-2.0,-1.9210378415651168,2.8980279524267187,-1.4405506037695321,-2.784418259587606,-1.1954109767444563
do_diagnosis_low_0037,do_diagnosis_low,diagnosis,low,-2.0,hard,-0.03380169033190916,-0.4349215990883865,-2.0,-1.3497726635076672,0.6653412242061176,-1.1903917978907028,-0.3733310361729889,0.252382783108635
do_diagnosis_low_0038,do_diagnosis_low,diagnosis,low,-2.0,hard,-0.1697258106633688,0.33154999643932437,-2.0,-1.6709771452282012,1.3487775204392527,-1.1942829752225428,-0.6691279877497118,-0.07634948058533021
do_diagnosis_low_0039,do_diagnosis_low,diagnosis,low,-2.0,hard,0.26369349218739735,0.6745642553170512,-2.0,-1.6250269682459622,3.598522947508826,-0.35460694516724134,-3.062988331085128,-2.4387499617190675
do_diagnosis_low_0040,do_diagnosis_low,diagnosis,low,-2.0,hard,-1.085339302070704,-0.6122185939761443,-2.0,-1.6143529947980773,0.5462510121879607,-0.7138320723203436,-0.33602060546150186,0.525308385772919
do_diagnosis_low_0041,do_diagnosis_low,diagnosis,low,-2.0,hard,-0.29639011255754627,0.0399950210437717,-2.0,-0.7067041802025583,0.2393608158614246,-0.5594334110297353,0.3952992110389135,1.347285265115155
do_diagnosis_low_0042,do_diagnosis_low,diagnosis,low,-2.0,hard,-0.18247370460593695,-0.6554118655154296,-2.0,-0.8486583102114561,0.15961925981154265,-0.367117376286649,0.7362440355402363,1.7047763593809377
do_diagnosis_low_0043,do_diagnosis_low,diagnosis,low,-2.0,hard,-0.4761477240709766,-0.9827074654180618,-2.0,-1.0077130539614494,-0.6231886921056133,-0.342616277096331,1.3719724518149548,0.7288636418866624
do_diagnosis_low_0044,do_diagnosis_low,diagnosis,low,-2.0,hard,-0.3333091964466966,0.10514734186125796,-2.0,-1.9982146755077634,2.182781008848872,-1.5185652564330883,-0.7476706689966633,-0.4949043287660636
do_diagnosis_low_0045,do_diagnosis_low,diagnosis,low,-2.0,hard,-0.3768725502421233,-0.8668687240975264,-2.0,-2.854472630551098,1.1277522016184083,-1.0799330947123649,-0.9620139310981841,-0.7341864929147803
do_diagnosis_low_0046,do_diagnosis_low,diagnosis,low,-2.0,hard,-0.5007787791932732,0.04657570877332251,-2.0,-1.904692202970358,1.9079247976687967,-1.9843824305463418,-1.4606400362441774,0.5734942025027758
do_diagnosis_low_0047,do_diagnosis_low,diagnosis,low,-2.0,hard,-0.35316331231526005,-0.4841190520672458,-2.0,-1.0696628636546204,-0.1980491638916222,-0.5827701306396968,0.5317539810250785,-0.06877834795929427
do_diagnosis_low_0048,do_diagnosis_low,diagnosis,low,-2.0,hard,0.9131380985195736,0.4642024876547183,-2.0,-1.3620754912201554,0.7271990131707202,-0.3913644004224225,-0.19221600866489663,0.722331564564282
do_diagnosis_low_0049,do_diagnosis_low,diagnosis,low,-2.0,hard,-0.49920558724364866,-0.6208821234041623,-2.0,-1.3930227465265421,0.9624990681427315,-1.2521053835867266,-0.6229956357848119,0.5752987206799367
do_diagnosis_low_0050,do_diagnosis_low,diagnosis,low,-2.0,hard,-0.3989436645432248,-0.34027070450324715,-2.0,-0.9581865439637126,0.12225327345988479,-0.015075203021513883,1.299313546118171,0.7015510252012112
do_diagnosis_low_0051,do_diagnosis_low,diagnosis,low,-2.0,hard,-0.8862459118067898,-0.4431620902357496,-2.0,-1.851229630846586,0.8902750455121903,-1.2820069043294116,-0.28361702893404944,1.2828946064680005
do_diagnosis_low_0052,do_diagnosis_low,diagnosis,low,-2.0,hard,-0.5872433176556783,-0.4578522402238111,-2.0,-1.0319769801442198,0.5269576029317131,-0.06630339188126944,-1.0314843610239575,-1.0496608079243672
do_diagnosis_low_0053,do_diagnosis_low,diagnosis,low,-2.0,hard,0.25541733247580045,1.2893663011505105,-2.0,-1.0132914009779916,1.95514612137364,-0.3648208268529209,-1.4107455784387117,-1.7423913975819572
do_diagnosis_low_0054,do_diagnosis_low,diagnosis,low,-2.0,hard,-0.07333497897748568,0.6451800121173121,-2.0,-1.1919763932976342,1.4587233988399726,-1.2343465189355878,-1.4308158398149304,-1.457902315345447
do_diagnosis_low_0055,do_diagnosis_low,diagnosis,low,-2.0,hard,0.4751778487482346,-0.17600143476506075,-2.0,-1.3431132723871837,0.773332697782158,-0.4588337957972841,-0.4817698751184063,-0.3272664695374453
do_diagnosis_low_0056,do_diagnosis_low,diagnosis,low,-2.0,hard,-0.1575526297164746,-0.3133005683999722,-2.0,-1.1316351048872817,0.8816851922288444,0.2110407490601367,-0.467806396929383,-1.3480164491891342
do_diagnosis_low_0057,do_diagnosis_low,diagnosis,low,-2.0,hard,0.00922234537472692,-1.2016023502437292,-2.0,-1.8465004409347514,0.35725666614793156,-0.9314325744633952,-0.22901783540855003,0.7310502730414171
do_diagnosis_low_0058,do_diagnosis_low,diagnosis,low,-2.0,hard,0.5714930589248587,0.44376736708554904,-2.0,-1.1922667248548264,1.528947640794272,0.5818412988288868,-1.499590403134207,-1.7515555661196933
do_diagnosis_low_0059,do_diagnosis_low,diagnosis,low,-2.0,hard,0.6144361567040092,0.2940330037763247,-2.0,-1.2021019107636939,1.7725204242610975,-0.9743828620733335,-2.2355718860559177,-1.6775815575934316
do_diagnosis_low_0060,do_diagnosis_low,diagnosis,low,-2.0,hard,0.6862654188161053,-0.010814871847108665,-2.0,-2.5367308676287883,2.6112844900339636,-0.27948146794734263,-2.012861554767386,-1.168645463418534
do_diagnosis_low_0061,do_diagnosis_low,diagnosis,low,-2.0,hard,0.08277998362298343,-0.12920297584326362,-2.0,-2.1024900098819397,1.050778823054538,-0.6160471505397569,-0.9351474326000035,-0.823663147125651
do_diagnosis_low_0062,do_diagnosis_low,diagnosis,low,-2.0,hard,-0.20109901746055237,-0.10309665754059932,-2.0,-1.8076962869763427,1.3910983184087,-1.7579205666746225,-0.5233881450935594,-0.27459477872782495
do_diagnosis_low_0063,do_diagnosis_low,diagnosis,low,-2.0,hard,-0.030741745711038722,-0.2847035836733215,-2.0,-1.5407539655999025,1.2552574755486685,-0.6298942088553899,-0.6630907588752084,-1.3323174269658293
do_diagnosis_low_0064,do_diagnosis_low,diagnosis,low,-2.0,hard,-0.04471053664650121,0.11363609249780793,-2.0,-1.6090341985432537,0.41505704145550004,0.41411322486430113,-0.07877144492249474,-0.4777524597850249
do_diagnosis_low_0065,do_diagnosis_low,diagnosis,low,-2.0,hard,0.21822207231677948,-0.2610332609354143,-2.0,-2.1507581356950314,1.6797308896801098,-1.6650220276201209,-0.31161432300336145,0.7820802278384693
do_diagnosis_low_0066,do_diagnosis_low,diagnosis,low,-2.0,hard,-0.250521485760283,0.10506128169419607,-2.0,-1.7717802925919242,1.5067607066253257,-1.146352523318661,-0.844183829367563,-0.1503562570697891
do_diagnosis_low_0067,do_diagnosis_low,diagnosis,low,-2.0,hard,-0.014716483503469352,-0.3067749893600447,-2.0,-1.181600809229888,0.9366645957450865,-0.25895814200891565,-0.07329386413143413,-0.13028689455292208
do_diagnosis_low_0068,do_diagnosis_low,diagnosis,low,-2.0,hard,-0.01847372356028855,-0.5705490397237774,-2.0,-2.0637057408423245,1.2521308304864858,-1.6248855786027012,-1.4706945436111676,-0.8681805290339489
do_diagnosis_low_0069,do_diagnosis_low,diagnosis,low,-2.0,hard,-0.27306043775801137,-0.6033089932369062,-2.0,-1.9858174493556175,0.6977874378129414,-0.7136355693665775,-0.6015824758763889,0.08339802905881821
do_diagnosis_low_0070,do_diagnosis_low,diagnosis,low,-2.0,hard,-0.6054606487402885,-1.0468582881544144,-2.0,-1.9490517973983887,1.034816736727481,-0.7395049909343503,0.1689073882487575,0.4952958779332344
do_diagnosis_low_0071,do_diagnosis_low,diagnosis,low,-2.0,hard,0.2455709702654249,-0.6807575582426697,-2.0,-2.6110079620659024,1.914998066016591,-1.3920145836113365,-1.8909856802822846,-1.021383304176486
do_diagnosis_low_0072,do_diagnosis_low,diagnosis,low,-2.0,hard,0.12805284138841297,0.756877320285717,-2.0,-1.6772329947647033,1.8235265277660315,-1.431709995271071,-1.4737014175743846,-1.2181129463466094
do_diagnosis_low_0073,do_diagnosis_low,diagnosis,low,-2.0,hard,0.22043826008727652,0.48298139999802825,-2.0,-2.1185301758573476,2.124544945709184,-0.4173057954562561,-1.1630058155675782,-1.2492471010414832
do_diagnosis_low_0074,do_diagnosis_low,diagnosis,low,-2.0,hard,0.6707718568184101,0.6027008454741875,-2.0,-1.3345881559536794,1.0909921506961018,-0.4062144711200274,-0.4224766867192521,0.37496396837053686
do_diagnosis_low_0075,do_diagnosis_low,diagnosis,low,-2.0,hard,-0.34560578807336706,-0.18473193716289002,-2.0,-1.0892919742710312,0.895304343458895,-1.2294916452352993,-0.16840710581186902,0.8473066365086402
do_diagnosis_low_0076,do_diagnosis_low,diagnosis,low,-2.0,hard,0.4775229265499065,0.8130493083292658,-2.0,-1.592285365312644,1.1426530568538622,-0.6421002797386007,-1.156749863975774,-0.983638138703436
do_diagnosis_low_0077,do_diagnosis_low,diagnosis,low,-2.0,hard,0.3024181880792753,0.042571728504004064,-2.0,-2.1077915640641622,1.4323673648897055,-0.6728416822447,-2.276154538193297,-1.1921220807319663
do_diagnosis_low_0078,do_diagnosis_low,diagnosis,low,-2.0,hard,-0.6592116592870466,-0.9114149929888833,-2.0,-0.9578082928126246,-0.10353236250489291,-0.30514758893336685,0.674438260175672,1.2249884720065691
do_diagnosis_low_0079,do_diagnosis_low,diagnosis,low,-2.0,hard,0.1206198646451002,0.6209593958270843,-2.0,-1.4463362760684695,1.9438480859646516,-0.9039911011883993,-1.3100978613598013,-0.15474895499849206
do_diagnosis_low_0080,do_diagnosis_low,diagnosis,low,-2.0,hard,-0.9209392125023629,-0.57106706357592,-2.0,-1.695904975216916,0.9392579062267821,-1.3043108291203844,0.030649713330724804,-0.24213090241934598
do_diagnosis_low_0081,do_diagnosis_low,diagnosis,low,-2.0,hard,0.08521292925772106,-0.32232856654600495,-2.0,-1.2763678567632852,1.3995679115174977,0.40881446470736316,-0.4554736453304522,-0.5171766977346499
do_diagnosis_low_0082,do_diagnosis_low,diagnosis,low,-2.0,hard,0.3149825264927901,0.6145725976050942,-2.0,-1.6473285459739204,2.06780210166649,-1.4031382121248255,-1.8756856659316512,-0.5123725129352256
do_diagnosis_low_0083,do_diagnosis_low,diagnosis,low,-2.0,hard,1.439477583191374,1.0054397460787263,-2.0,-1.2857567196437463,1.1159501536402643,-0.04854140691677493,-1.1853809528298243,-1.6646369353713464
do_diagnosis_low_0084,do_diagnosis_low,diagnosis,low,-2.0,hard,0.14714335910971568,-0.1995101752602858,-2.0,-1.8744050166834407,1.7189806734271849,-1.054183817321053,-1.5185822035439163,-0.9472659412933156
do_diagnosis_low_0085,do_diagnosis_low,diagnosis,low,-2.0,hard,-0.046401508281165654,-0.12972295071938417,-2.0,-1.6575503054541738,0.4001558039113722,-1.4146345398645055,0.04245559940995974,0.8183392338562351
do_diagnosis_low_0086,do_diagnosis_low,diagnosis,low,-2.0,hard,0.5304557328939423,0.14697702803881266,-2.0,-2.141563000167838,1.7007219239675155,-0.011394347217325462,-1.072490239140024,-0.21347789534742223
do_diagnosis_low_0087,do_diagnosis_low,diagnosis,low,-2.0,hard,0.5167593966306411,0.5416783109348091,-2.0,-1.4291132177708799,1.2532438165655655,-0.1978040548142661,-1.4916632849567688,-2.2617980972963405
do_diagnosis_low_0088,do_diagnosis_low,diagnosis,low,-2.0,hard,-0.17474617005164803,0.8156321214410377,-2.0,-1.133517159743795,0.9681572951185269,0.2732693175822142,-0.14372391862938433,-0.9760806302046903
do_diagnosis_low_0089,do_diagnosis_low,diagnosis,low,-2.0,hard,0.06035204519476576,0.5386352425758231,-2.0,-1.127895382515941,0.7956879779414822,-0.33654230990057915,-0.7860158351696214,-1.0179039846367979
do_diagnosis_low_0090,do_diagnosis_low,diagnosis,low,-2.0,hard,-0.2986691765770656,-0.3743381942064704,-2.0,-0.8445385435415121,-0.524955146263908,-0.3420594346472924,0.36930419061318304,1.3347826044707087
do_diagnosis_low_0091,do_diagnosis_low,diagnosis,low,-2.0,hard,0.33789779436944767,-0.47314867013883066,-2.0,-2.4893052216965885,1.63887562064685,-0.5977341857912397,-1.2750086677312045,-0.9701907930440931
do_diagnosis_low_0092,do_diagnosis_low,diagnosis,low,-2.0,hard,-0.06770992403950439,-0.11890585703595052,-2.0,-1.0594690372874478,1.3713577058824828,-0.534339453394374,-1.4303275746882176,-1.0887469447518754
do_diagnosis_low_0093,do_diagnosis_low,diagnosis,low,-2.0,hard,1.1598478017627925,1.2084045310080889,-2.0,-2.8525893195889696,4.3140317610628465,-0.9473177231628923,-2.9032162053568316,-2.9815088312766695
do_diagnosis_low_0094,do_diagnosis_low,diagnosis,low,-2.0,hard,0.7215528987134305,1.0089074945040668,-2.0,-2.413898585096667,2.844727071997046,-0.14668975266792827,-2.0166940431723916,-2.1438517278390985
do_diagnosis_low_0095,do_diagnosis_low,diagnosis,low,-2.0,hard,0.7576074667970891,0.3228471452965804,-2.0,-1.4166224635340225,1.206299868476788,-0.33244948581337797,-1.8351148428995288,-2.44473425287436
do_diagnosis_low_0096,do_diagnosis_low,diagnosis,low,-2.0,hard,0.15601481595967737,0.28974198145540786,-2.0,-0.9853691930960339,0.18142072047793567,0.2011929096654398,0.653803077928142,0.5021780138181301
do_diagnosis_low_0097,do_diagnosis_low,diagnosis,low,-2.0,hard,0.3136308957158172,0.0735339304659294,-2.0,-1.3660651465813594,1.7615232626455213,-0.6921257963965735,-1.7046119026653692,-1.5364010518216786
do_diagnosis_low_0098,do_diagnosis_low,diagnosis,low,-2.0,hard,0.41001182020239557,0.9562361294290562,-2.0,-1.7340000254552108,1.7085009165308902,-0.5686198776982185,-1.3138910562217907,-1.911725820885322
do_diagnosis_low_0099,do_diagnosis_low,diagnosis,low,-2.0,hard,0.15543902071540563,-0.19751631286196436,-2.0,-2.5144619823283954,2.4647275429067106,-0.6611253224178267,-1.8330160847131405,-1.2614389183893453
do_diagnosis_high_0000,do_diagnosis_high,diagnosis,high,2.0,hard,-0.09289378338849102,0.7708359426127407,2.0,1.527357819115453,-1.0936180799310375,0.7485098900800206,0.6307467588168205,-0.3168073264245559
do_diagnosis_high_0001,do_diagnosis_high,diagnosis,high,2.0,hard,-0.8434102270760714,-1.1242537375037793,2.0,1.530337724679992,-2.3146541956976794,-0.4604927281679008,1.4046118436356134,1.8357880135126756
do_diagnosis_high_0002,do_diagnosis_high,diagnosis,high,2.0,hard,0.3195465196532805,0.1996379555035469,2.0,2.392513873167755,-2.0140987689449616,1.4769279264534334,1.214264135976405,0.48060429827287116
do_diagnosis_high_0003,do_diagnosis_high,diagnosis,high,2.0,hard,1.1590018791348569,0.8315262106019861,2.0,2.203091683854935,-0.7566084526129992,2.0307323697065143,-0.07554391659909315,-0.4101305655295332
do_diagnosis_high_0004,do_diagnosis_high,diagnosis,high,2.0,hard,0.008333891939362913,-0.39321990283950625,2.0,1.5953491387605867,-2.5583259501303792,-0.4705625679093933,2.012778064378609,2.367618948113161
do_diagnosis_high_0005,do_diagnosis_high,diagnosis,high,2.0,hard,-1.288295378298848,-1.3932979036800566,2.0,2.045635722652836,-2.4383848662390415,-0.07428516404478691,1.5268377090762169,2.026973996491804
do_diagnosis_high_0006,do_diagnosis_high,diagnosis,high,2.0,hard,0.05213336146785432,-0.18215684614012706,2.0,1.6437805959659577,-1.7391385721716635,0.7377300449079491,1.4332512975290568,1.1774767840175664
do_diagnosis_high_0007,do_diagnosis_high,diagnosis,high,2.0,hard,0.0808268181132881,0.018989716752534393,2.0,1.8409139310347438,-1.513843715673919,0.850994067127318,2.130281582930926,2.0566204416503675
do_diagnosis_high_0008,do_diagnosis_high,diagnosis,high,2.0,hard,0.8073057480798389,0.43132304454021286,2.0,0.9649992499096994,-0.5224150872353654,0.8571172150814838,-0.14366366704525318,-0.6427243022052211
do_diagnosis_high_0009,do_diagnosis_high,diagnosis,high,2.0,hard,0.3054642115729929,-0.16769215371165674,2.0,1.7457204834395195,-1.9324467553902145,0.057261600979141236,1.350140583473237,0.678602089437203
do_diagnosis_high_0010,do_diagnosis_high,diagnosis,high,2.0,hard,0.26975489466058533,-1.0078476236614662,2.0,1.2722290748540257,-2.0900532192141412,1.1099750079135393,1.40167369087481,1.6189416756379278
do_diagnosis_high_0011,do_diagnosis_high,diagnosis,high,2.0,hard,0.7292148813991844,0.7364101498077731,2.0,1.2839880452915122,-0.06483982002710603,1.246489083654087,-0.19357546871643216,-1.0932709672745726
do_diagnosis_high_0012,do_diagnosis_high,diagnosis,high,2.0,hard,0.27795164177010456,0.4213916318958704,2.0,1.4482568664603201,-0.362364311197983,0.47528328374107687,0.36118736239272375,-0.4017031662322807
do_diagnosis_high_0013,do_diagnosis_high,diagnosis,high,2.0,hard,-0.20584908102893665,0.5451096112442987,2.0,1.267826978990254,-0.08537180358452168,0.4617141037512615,1.044900771164896,0.26895448069210653
do_diagnosis_high_0014,do_diagnosis_high,diagnosis,high,2.0,hard,-0.5718656527739965,-0.06695147670541934,2.0,1.619249768396831,-1.4335569719580157,0.42855693152734686,0.12570202764677108,-0.0775999152294588
do_diagnosis_high_0015,do_diagnosis_high,diagnosis,high,2.0,hard,-1.0944238549118757,-0.38966420964017007,2.0,3.1008362492059085,-2.990963770827195,1.3900934568098253,3.185212232161856,1.5973994319206333
do_diagnosis_high_0016,do_diagnosis_high,diagnosis,high,2.0,hard,0.27035223588172697,0.37187648420627284,2.0,1.444805619597768,0.07961725439725897,1.9096634446001644,-0.35781542528999155,-1.00786919512715
do_diagnosis_high_0017,do_diagnosis_high,diagnosis,high,2.0,hard,-0.4200360436959189,-1.1732413508819017,2.0,1.2274714815244863,-1.5429609304173286,0.5638009479677655,1.9178258832743214,1.1789462794066692
do_diagnosis_high_0018,do_diagnosis_high,diagnosis,high,2.0,hard,-0.2909808547388761,0.1732961958377484,2.0,1.905965700500674,-1.830352684271264,1.2431748613492732,1.0912262080264836,1.412901993605539
do_diagnosis_high_0019,do_diagnosis_high,diagnosis,high,2.0,hard,0.1629687536344287,0.17537286821416218,2.0,0.4435623320756874,-0.32582883871608426,0.1611050485870586,0.17867860547919795,-0.5101785891734619
do_diagnosis_high_0020,do_diagnosis_high,diagnosis,high,2.0,hard,0.31883277096885004,-0.43408934078583405,2.0,1.1471042469729962,-2.3294815774498128,0.8610286068534863,2.118572115232314,1.0533271135145292
do_diagnosis_high_0021,do_diagnosis_high,diagnosis,high,2.0,hard,0.026302265878540055,0.46708088117260277,2.0,1.0480662294383847,-0.4511622846858817,0.3792173991666332,0.3731502578219551,0.011560152696137846
do_diagnosis_high_0022,do_diagnosis_high,diagnosis,high,2.0,hard,-0.2933707975342219,0.05036366062561479,2.0,1.8206501211838255,-0.9104115332709437,0.43265535455911575,1.2344367891015011,1.8289643250734564
do_diagnosis_high_0023,do_diagnosis_high,diagnosis,high,2.0,hard,0.7624754391117793,0.7334592237321211,2.0,2.516411843065856,-1.4193507437075796,1.0856574798449001,0.4760988838536916,0.3331146219236506
do_diagnosis_high_0024,do_diagnosis_high,diagnosis,high,2.0,hard,0.1816578161322205,0.7434380244708801,2.0,1.4714522852106164,-1.167593257801165,1.0291054001355973,-0.231706059062045,-0.7680980444785936
do_diagnosis_high_0025,do_diagnosis_high,diagnosis,high,2.0,hard,0.3502887655137305,0.22759520249831688,2.0,1.7097936091775732,-0.9031851612310009,0.8803652239307679,1.3208722357693585,0.08555504732082819
do_diagnosis_high_0026,do_diagnosis_high,diagnosis,high,2.0,hard,-0.6418110121211813,-0.824891039658912,2.0,1.3691215028944228,-1.7528161770583306,-0.01191057092768305,1.0196883409061628,1.221685708933115
do_diagnosis_high_0027,do_diagnosis_high,diagnosis,high,2.0,hard,-0.42112487331946585,0.06808251135500043,2.0,0.49985405818321316,0.5975059438826578,-0.8291150768740333,-0.6342463283676928,-0.09517823356933322
do_diagnosis_high_0028,do_diagnosis_high,diagnosis,high,2.0,hard,0.5947611207817618,1.2529931898888451,2.0,1.588311533101342,-1.0829527992511487,1.2947397898050526,0.6159372734839446,-0.10371309645871338
do_diagnosis_high_0029,do_diagnosis_high,diagnosis,high,2.0,hard,-0.573090954027082,-0.4130903745777633,2.0,1.8865414843092394,-1.807548875078423,0.4294207760058791,1.6644887535755322,1.6370960688670984
do_diagnosis_high_0030,do_diagnosis_high,diagnosis,high,2.0,hard,-0.8847439308604088,-0.7819518003473747,2.0,1.5571265920095532,-1.9922790700355535,0.30126424421705683,0.01837101705965538,0.4731646789170272
do_diagnosis_high_0031,do_diagnosis_high,diagnosis,high,2.0,hard,0.22052153624845133,0.355546214917392,2.0,2.0891155864883997,-1.6319845135746447,1.376437260176773,0.7411363717184354,-0.41206720980645495
do_diagnosis_high_0032,do_diagnosis_high,diagnosis,high,2.0,hard,0.07056388865680348,0.2246228395730196,2.0,0.8474782257181307,-0.9535763692541568,0.366680365928062,0.7801580776721482,0.9705451019598904
do_diagnosis_high_0033,do_diagnosis_high,diagnosis,high,2.0,hard,-0.44736326214677136,-0.04706204627462379,2.0,1.5682753642860703,-1.197212489415604,0.3364109344554799,1.339594951270442,0.32587725265682355
do_diagnosis_high_0034,do_diagnosis_high,diagnosis,high,2.0,hard,0.9886872636083037,1.1865784307906448,2.0,1.4226758788961278,-0.38724021399624664,1.5091459486239092,0.39760713132674286,0.416774027208743
do_diagnosis_high_0035,do_diagnosis_high,diagnosis,high,2.0,hard,0.29609361774672904,0.11903177488087918,2.0,0.6513213783831047,-0.31840664689990317,-0.49187765809215545,0.21981112129459707,0.9456528691691393
do_diagnosis_high_0036,do_diagnosis_high,diagnosis,high,2.0,hard,-0.7857249952855963,-0.7141578292938096,2.0,1.281162958005722,-1.5328228529769883,-0.3357748784270205,1.4130985544572099,0.8077373248143176
do_diagnosis_high_0037,do_diagnosis_high,diagnosis,high,2.0,hard,-0.5644041285398111,-0.3592923462383376,2.0,1.3959083511271377,0.017494819289521457,0.2718645344802182,0.566791130237805,-0.10828331958274862
do_diagnosis_high_0038,do_diagnosis_high,diagnosis,high,2.0,hard,1.5063522883925597,1.151436706958077,2.0,1.5517815535405795,0.10622308684508386,0.8747399820408341,-1.2056430017367625,-1.4845120750138805
do_diagnosis_high_0039,do_diagnosis_high,diagnosis,high,2.0,hard,0.28482555320975983,-0.34130432972846153,2.0,1.4662912851512289,-2.485927085205692,0.8762188518239126,1.9352266470485948,1.265806326501385
do_diagnosis_high_0040,do_diagnosis_high,diagnosis,high,2.0,hard,-0.3758747734373066,0.02366678520340254,2.0,2.1950452065661623,-2.236693123690021,0.6516315196491982,2.1103634704875702,0.5712774064351853
do_diagnosis_high_0041,do_diagnosis_high,diagnosis,high,2.0,hard,-0.01423278515420243,0.005581921526047117,2.0,1.5855387272345312,-0.23881973985330784,1.4745273115097528,0.22875159011219123,-0.45012522025107915
do_diagnosis_high_0042,do_diagnosis_high,diagnosis,high,2.0,hard,-0.46715691843694784,0.33512343060854505,2.0,2.7243442571309298,-1.7074643434648105,1.1127357675927203,0.593501017226432,0.4268443447506743
do_diagnosis_high_0043,do_diagnosis_high,diagnosis,high,2.0,hard,-0.06265121572316962,-0.022657088783553644,2.0,2.1181851726371814,-0.9637239420373253,1.8560914613411097,0.27496019010151856,-0.485238250401634
do_diagnosis_high_0044,do_diagnosis_high,diagnosis,high,2.0,hard,0.8640879748852981,0.7400835321825994,2.0,2.448923533614907,-1.0695533317196704,1.5682861120479474,0.4282458293826523,0.2888434264991268
do_diagnosis_high_0045,do_diagnosis_high,diagnosis,high,2.0,hard,-0.183336460129605,0.7020683344742502,2.0,1.6881485444729525,-1.6037161845487622,0.26634930562569903,1.9088548646840087,1.7112642945748526
do_diagnosis_high_0046,do_diagnosis_high,diagnosis,high,2.0,hard,-0.8056788505018766,-0.6914182112537485,2.0,1.6898015265624908,-2.2771955513746707,-0.0625492950158798,2.2892254884011143,2.4480392978421004
do_diagnosis_high_0047,do_diagnosis_high,diagnosis,high,2.0,hard,-0.6017495835914946,-0.4864517577076304,2.0,0.5124470096403817,-0.057004773259665686,-0.00537416378785582,0.8787143472846375,1.0340073511351935
do_diagnosis_high_0048,do_diagnosis_high,diagnosis,high,2.0,hard,0.6675005182780587,0.314356493719002,2.0,1.3030477988173128,-0.43887414567299315,0.9189489565450433,0.030635675807505966,0.04443003079019464
do_diagnosis_high_0049,do_diagnosis_high,diagnosis,high,2.0,hard,-0.0496137567272974,0.5943291356796254,2.0,2.0380538711054204,-1.1079547484553145,1.6420628405135624,1.160136448438448,0.2438440262008899
do_diagnosis_high_0050,do_diagnosis_high,diagnosis,high,2.0,hard,-0.9721141942597142,-0.7138648765941819,2.0,1.8523133026810286,-2.2688830178514503,1.5120555283105428,1.9312793676745472,0.6796448678362582
do_diagnosis_high_0051,do_diagnosis_high,diagnosis,high,2.0,hard,0.8592203586477422,-0.24334718742924544,2.0,0.1597398861556132,-0.7480451710150384,0.47787876742579827,0.40500480425383434,-0.7590687359744511
do_diagnosis_high_0052,do_diagnosis_high,diagnosis,high,2.0,hard,0.4862665275247645,-0.32377665162349245,2.0,2.3537613355182914,-2.347422795637894,1.2381270482354028,1.3839647640442732,1.5573661113507384
do_diagnosis_high_0053,do_diagnosis_high,diagnosis,high,2.0,hard,-0.2459973073647903,0.2568756915362551,2.0,2.1914030111939016,-0.829013806243986,0.5589539626396419,1.116247940386769,0.8765205950778758
do_diagnosis_high_0054,do_diagnosis_high,diagnosis,high,2.0,hard,0.4110338158176416,-0.6871135701827804,2.0,0.5670990720488335,-0.4149994633033054,-0.09519147079852469,0.12055845416758021,1.1241416260631558
do_diagnosis_high_0055,do_diagnosis_high,diagnosis,high,2.0,hard,-0.22977018290906073,-0.3810425165613838,2.0,1.457057571485919,-1.6653358818649806,0.900177186823816,1.3739182736953677,1.5843382144446059
do_diagnosis_high_0056,do_diagnosis_high,diagnosis,high,2.0,hard,-0.14677235200993885,0.15532605051273907,2.0,1.5332978035961171,-1.2526461886201152,0.8301549211762496,1.6338449794124488,1.1699478440238895
do_diagnosis_high_0057,do_diagnosis_high,diagnosis,high,2.0,hard,0.4273595090190165,1.0745573236351733,2.0,1.0076408592513733,0.5528015036689191,0.7972046457697295,-1.2595323141944132,-2.480080872742264
do_diagnosis_high_0058,do_diagnosis_high,diagnosis,high,2.0,hard,-0.5375051194239627,-0.11548076649769701,2.0,1.6650189037548315,-1.0428669078527317,0.6714458445816758,1.197481232267139,0.5293345902533719
do_diagnosis_high_0059,do_diagnosis_high,diagnosis,high,2.0,hard,-0.010522430540438749,-0.09604612709876109,2.0,1.379838747587515,-1.305793381869691,1.295966176252409,-0.6984194666180444,-1.776336472730057
do_diagnosis_high_0060,do_diagnosis_high,diagnosis,high,2.0,hard,-0.4621627849660976,-1.4163685451811505,2.0,1.724618693376929,-3.1313643923007133,1.203990517255876,2.054617625185368,2.0900075055907306
do_diagnosis_high_0061,do_diagnosis_high,diagnosis,high,2.0,hard,-0.17061788611401005,-0.0625948674587904,2.0,1.7894985533667924,-1.9262124678023906,0.5891927430068278,1.1577505962304506,0.8702850004736618
do_diagnosis_high_0062,do_diagnosis_high,diagnosis,high,2.0,hard,0.5151913490004645,0.3059058416879933,2.0,2.139284738785495,-1.575996758594717,0.9781789865855155,1.3213354452544195,2.1015992760957265
do_diagnosis_high_0063,do_diagnosis_high,diagnosis,high,2.0,hard,0.0672031544716646,-0.38503336481090666,2.0,1.5621638732273757,-2.134304043050527,1.2115497783752653,1.2471354995654234,0.5840510379059031
do_diagnosis_high_0064,do_diagnosis_high,diagnosis,high,2.0,hard,0.6921456367853559,0.03592059464750996,2.0,1.2715265258356205,-1.115944479020297,0.4079144121106555,1.013581235013464,0.9031839938000461
do_diagnosis_high_0065,do_diagnosis_high,diagnosis,high,2.0,hard,0.18982327947180117,0.46272154089422357,2.0,1.6770454599544589,-1.5038338725068958,0.33314388967542974,1.3279480281262102,1.0466858327613422
do_diagnosis_high_0066,do_diagnosis_high,diagnosis,high,2.0,hard,0.27261216898991397,1.070078148421875,2.0,2.414771103501483,-1.644594649308564,1.1257342972144637,1.215550100156724,0.8226815899006459
do_diagnosis_high_0067,do_diagnosis_high,diagnosis,high,2.0,hard,0.31316435243800905,0.3843894460942938,2.0,1.660906532258343,-0.37078080222622634,1.428373351398413,0.23221187173714294,-1.0402047875625526
do_diagnosis_high_0068,do_diagnosis_high,diagnosis,high,2.0,hard,-0.3579783794593878,0.16232466839753257,2.0,1.5564795113564216,-1.3264560682824182,-0.13858007974078246,0.694184468491553,1.1107106580627417
do_diagnosis_high_0069,do_diagnosis_high,diagnosis,high,2.0,hard,-0.15347560048266087,0.49782197369543674,2.0,1.8330948756924714,-1.4490425868806478,0.9337702550437558,1.3583816012713053,1.2929515767924507
do_diagnosis_high_0070,do_diagnosis_high,diagnosis,high,2.0,hard,-0.2713825104483303,-0.41247988500967253,2.0,2.10411556619914,-2.259215904683458,0.7031222250307168,1.1944650414710813,0.6292390319190864
do_diagnosis_high_0071,do_diagnosis_high,diagnosis,high,2.0,hard,-0.38113922689182717,-0.272519914735623,2.0,2.027615200554265,-2.2324281593926703,1.5057491080502734,2.4266933630688063,1.3652113907815084
do_diagnosis_high_0072,do_diagnosis_high,diagnosis,high,2.0,hard,0.34693892907641394,-0.34269934775358657,2.0,1.4448438472463936,-1.4141558845964093,0.7386691731080938,-0.0012042644740122288,0.16046091668961232
do_diagnosis_high_0073,do_diagnosis_high,diagnosis,high,2.0,hard,-0.22327605298763514,0.06196184116591194,2.0,2.7338855963550666,-1.8079260646477542,1.3147610938910377,2.0461050458641212,1.352602226151946
do_diagnosis_high_0074,do_diagnosis_high,diagnosis,high,2.0,hard,-1.0341232896808905,-0.26481090229329846,2.0,1.9916067419975594,-1.7012514481911567,0.17600803081283983,2.2431133885277585,2.4419234505796754
do_diagnosis_high_0075,do_diagnosis_high,diagnosis,high,2.0,hard,-0.051101873275158055,0.4611296412805222,2.0,1.5925103141839336,-0.3334363495823949,-0.6348669388069812,-0.03755237329510655,-0.12892623538528306
do_diagnosis_high_0076,do_diagnosis_high,diagnosis,high,2.0,hard,-0.3704539194311297,-0.7641968275922759,2.0,1.2128068457166963,-1.8589042945849696,0.4520338720684336,1.4154815593688148,0.6646447637641436
do_diagnosis_high_0077,do_diagnosis_high,diagnosis,high,2.0,hard,-0.3878946633352266,-1.1178556431383413,2.0,0.9369064383823211,-1.9868940457663509,-0.07431387307301907,1.8225206758360888,2.7831696402672126
do_diagnosis_high_0078,do_diagnosis_high,diagnosis,high,2.0,hard,-0.77501611326708,-0.1304480787756131,2.0,2.5553405865824033,-1.211551914975972,0.7696200429340956,1.5968889603351455,1.6940281221854576
do_diagnosis_high_0079,do_diagnosis_high,diagnosis,high,2.0,hard,0.4040062373215941,0.5971090727782471,2.0,1.7633061591918064,-0.6084207263813048,1.1721471211484902,0.5283290342820488,-0.11532147582154677
do_diagnosis_high_0080,do_diagnosis_high,diagnosis,high,2.0,hard,0.45175788443509785,0.08892015126468425,2.0,2.2865130131447886,-2.3390310417582074,1.5183929330544126,1.406783602744724,0.1862370358199832
do_diagnosis_high_0081,do_diagnosis_high,diagnosis,high,2.0,hard,0.031068792118507833,0.891026438514465,2.0,1.9869404138434335,-1.0490486259979084,1.263030163369803,-0.39378511681183015,-2.008039879729372
do_diagnosis_high_0082,do_diagnosis_high,diagnosis,high,2.0,hard,-0.9515989356207795,-0.419703060963523,2.0,1.642624421628138,-1.9740463151099785,0.2471239369888049,1.8522898777172658,1.6845091970459438
do_diagnosis_high_0083,do_diagnosis_high,diagnosis,high,2.0,hard,0.7235972021566226,1.1706981061962183,2.0,1.447414040627348,0.13168006617733652,0.33488701387201236,0.037276962143460324,-0.7943475531770856
do_diagnosis_high_0084,do_diagnosis_high,diagnosis,high,2.0,hard,-0.010600645900224626,-0.09444641180688303,2.0,1.4510089445556762,-1.2715424534440682,-0.3187364806968084,1.1435365317075215,1.7493318009214014
do_diagnosis_high_0085,do_diagnosis_high,diagnosis,high,2.0,hard,0.3877264932816469,0.24803724225450266,2.0,1.4842713397036715,-0.8877724289160753,1.7005239946219923,0.7325396536669012,0.08648469228579297
do_diagnosis_high_0086,do_diagnosis_high,diagnosis,high,2.0,hard,-0.28057690341218583,0.01086890689333353,2.0,1.838765995895595,-0.5434896967842995,0.8085355432046167,0.19782617653417134,0.6285119020696939
do_diagnosis_high_0087,do_diagnosis_high,diagnosis,high,2.0,hard,0.5789008445473239,0.5978643404872981,2.0,1.9850707519119115,-0.9967768973384998,1.5033175303077955,1.0160379129793027,0.5194814236233963
do_diagnosis_high_0088,do_diagnosis_high,diagnosis,high,2.0,hard,0.5937912734169727,0.8409266858666,2.0,2.176336399720087,-0.7217507741659165,0.8635001012059387,1.363947203947275,1.1531784985528288
do_diagnosis_high_0089,do_diagnosis_high,diagnosis,high,2.0,hard,-0.4083615623693203,0.008767116414168552,2.0,1.6743870637961655,-1.1586919056196874,0.6117582783523052,1.3834740756425523,1.5566427893202377
do_diagnosis_high_0090,do_diagnosis_high,diagnosis,high,2.0,hard,-0.08901077577542081,-0.1457450477705755,2.0,1.061789451985013,-0.10062983739524045,0.7672577653023345,-0.1710079016897578,-0.4731178669810022
do_diagnosis_high_0091,do_diagnosis_high,diagnosis,high,2.0,hard,0.05349065298414202,-0.32414432917072633,2.0,2.087431075613191,-2.041779166301689,1.4469117394743962,1.691137570236955,1.0951165001837133
do_diagnosis_high_0092,do_diagnosis_high,diagnosis,high,2.0,hard,-0.24320919935400484,0.4566784954331734,2.0,2.247595145232631,-1.0523255871615351,0.9251071365834225,1.0501388690522426,-0.0772621045238921
do_diagnosis_high_0093,do_diagnosis_high,diagnosis,high,2.0,hard,0.1961755601522178,0.10464537298112211,2.0,1.7299204110564776,-1.2427922322305427,0.8454826270549597,0.7137756249018029,1.2376114865133803
do_diagnosis_high_0094,do_diagnosis_high,diagnosis,high,2.0,hard,0.050959541674319785,0.6164164065062334,2.0,0.9160536822857016,-0.3451241695716435,0.987357256609621,0.22558074169243666,0.7511027254565082
do_diagnosis_high_0095,do_diagnosis_high,diagnosis,high,2.0,hard,-0.7142516916550788,0.20181892942878987,2.0,1.510459190393385,-0.9386083958361664,1.3157882879910865,1.5932514145723116,0.4373795844957622
do_diagnosis_high_0096,do_diagnosis_high,diagnosis,high,2.0,hard,-0.48074954116393603,0.7468890390373232,2.0,1.717686757160842,0.32390950195018886,0.464905023117694,0.3622828908158213,-0.09229545095196791
do_diagnosis_high_0097,do_diagnosis_high,diagnosis,high,2.0,hard,-0.46225550082272304,-0.1965739404465504,2.0,1.5747677168153305,-1.817748394942419,0.33930981540251937,1.6693658430011875,1.4822892658235889
do_diagnosis_high_0098,do_diagnosis_high,diagnosis,high,2.0,hard,-0.0913289703951293,-0.039999856430761205,2.0,1.6797291096764986,-1.2902315781010911,1.5667857868051096,0.5276797605028665,-0.2805104444964968
do_diagnosis_high_0099,do_diagnosis_high,diagnosis,high,2.0,hard,0.6956724545882992,0.6119543479205651,2.0,2.2645075706688713,-1.7690369570870443,1.9722902244536011,1.6021413889219462,0.5977459682458915
do_treatment_low_0000,do_treatment_low,treatment,low,-2.0,hard,-0.6926557154681884,-0.8395414856645365,-0.6464757161822633,-2.0,1.3809060519063598,-1.7864065735936476,-0.8635824302818225,1.0219099195215426
do_treatment_low_0001,do_treatment_low,treatment,low,-2.0,hard,0.4243968742494994,0.38408153089205144,0.37016025480449155,-2.0,3.101375349913437,-0.6444864319573952,-2.8783216331468746,-2.170245044607034
do_treatment_low_0002,do_treatment_low,treatment,low,-2.0,hard,-0.04218957730395065,0.22731086617649635,0.6871790391977035,-2.0,1.7199565266940637,-1.4536960371818637,-0.7062928086418809,0.6884605854140013
do_treatment_low_0003,do_treatment_low,treatment,low,-2.0,hard,0.9167580588579052,0.2631229896681032,0.06612727207676003,-2.0,1.4328085662898788,-1.5933278551289676,-1.4137945529186646,-0.03500206739583489
do_treatment_low_0004,do_treatment_low,treatment,low,-2.0,hard,0.10040365819110582,0.7681574040980099,0.4600094949967434,-2.0,2.841246449087463,-1.1657650221032412,-2.748502928700398,-2.356987764535157
do_treatment_low_0005,do_treatment_low,treatment,low,-2.0,hard,0.42587110385199983,0.4624145507386609,1.084672420987355,-2.0,2.2471671962048063,-0.541755432671492,-2.0521731723533763,-1.6784363531618482
do_treatment_low_0006,do_treatment_low,treatment,low,-2.0,hard,0.8813031569196926,0.5203082311201843,0.990015607004809,-2.0,1.6477091602042682,-0.07016955897172683,-2.0150660465061008,-2.0088446732286678
do_treatment_low_0007,do_treatment_low,treatment,low,-2.0,hard,0.5782440361747095,0.7319813062122649,1.1205923939491491,-2.0,2.788912321249875,-0.9781189913983803,-2.3177169504833035,-2.1893104273430315
do_treatment_low_0008,do_treatment_low,treatment,low,-2.0,hard,-0.943377711038206,-0.47037112589730273,0.14493076386019632,-2.0,1.2281125214682305,-1.510114343635082,-1.0059489645624984,-0.9045255436571562
do_treatment_low_0009,do_treatment_low,treatment,low,-2.0,hard,0.2911991180757607,0.5453123827806337,0.5464125968244015,-2.0,1.6812033566582114,-0.8013842276096784,-1.2755402515279748,-0.8097767605249852
do_treatment_low_0010,do_treatment_low,treatment,low,-2.0,hard,-0.40375600399294853,-0.022172788637693064,-0.21347922215620815,-2.0,1.1305163455076281,-1.7386168938796134,-0.9223910154425882,1.0137375666606003
do_treatment_low_0011,do_treatment_low,treatment,low,-2.0,hard,-0.5707823397256656,-0.29602380335150463,-0.7200923420978265,-2.0,1.1125725086591187,-0.8659809576593936,-0.8477331732506258,-0.21283603997717002
do_treatment_low_0012,do_treatment_low,treatment,low,-2.0,hard,-0.05859309545659454,-0.6491461512358938,-0.6463420190080253,-2.0,1.5208863903636038,-0.9229268634844422,-1.505504903204884,-0.8244967944157707
do_treatment_low_0013,do_treatment_low,treatment,low,-2.0,hard,-0.08122388417431042,0.1741182900261942,1.0184703763248815,-2.0,2.561550132458533,-1.125776834206757,-2.421378572577396,-2.171972870822478
do_treatment_low_0014,do_treatment_low,treatment,low,-2.0,hard,0.3344257888776046,0.2699151171655222,0.39426292287732645,-2.0,1.384901834186069,-1.0878432227828088,-1.0403275985796294,-0.9118695891169712
do_treatment_low_0015,do_treatment_low,treatment,low,-2.0,hard,0.4454431772470621,-0.12977444398940752,-0.06328378184289474,-2.0,0.4553579045590941,-1.0832384265888875,-0.3745597745547782,0.11912319971155984
do_treatment_low_0016,do_treatment_low,treatment,low,-2.0,hard,0.1668855817912118,0.6338993295160562,0.484230502448577,-2.0,1.5914048427695078,-1.1041696786733033,-0.5115385644387582,-0.5212688673173687
do_treatment_low_0017,do_treatment_low,treatment,low,-2.0,hard,-0.7903177221172577,-1.7016789717266678,-1.2595420035418678,-2.0,0.976500284693522,-1.3009160026195616,-1.4005979474941792,-0.044015289966397586
do_treatment_low_0018,do_treatment_low,treatment,low,-2.0,hard,-0.12678387308789912,-0.19613747752837496,0.2726389229473388,-2.0,2.1927655482963027,-1.949648499038447,-0.5646099626451478,0.05114047432966179
do_treatment_low_0019,do_treatment_low,treatment,low,-2.0,hard,0.1505311546643431,-0.15719101743110697,0.028136781821408968,-2.0,1.6407188763764808,-1.143178725195872,-1.5253261320547702,-0.5398995967929401
do_treatment_low_0020,do_treatment_low,treatment,low,-2.0,hard,0.5115449138481651,-0.36910908152472804,-0.43594738025440005,-2.0,0.9924371196265762,-0.1884154904031251,-1.1753001426215721,-0.33938900583244824
do_treatment_low_0021,do_treatment_low,treatment,low,-2.0,hard,0.1091332266570723,0.2693871650323606,0.42965220471212306,-2.0,2.2631194529112806,-0.6052731206091602,-2.1149194906363022,-1.9411362592607886
do_treatment_low_0022,do_treatment_low,treatment,low,-2.0,hard,0.037019390293832395,-0.6871706767058996,-1.4023419878578287,-2.0,0.31530788749632077,-1.4656648519651359,0.052960860427522266,0.7859249834764039
do_treatment_low_0023,do_treatment_low,treatment,low,-2.0,hard,-0.1751320120762357,0.35180667322096515,0.9060409665095286,-2.0,2.5321707701305436,-1.6070702228276657,-2.059041043891707,0.34630118762792783
do_treatment_low_0024,do_treatment_low,treatment,low,-2.0,hard,-0.23461967390901467,-0.958149042077284,-0.8006009020259618,-2.0,1.0169663339889876,-0.977432907032501,-0.6840831615487315,-0.38842408045955784
do_treatment_low_0025,do_treatment_low,treatment,low,-2.0,hard,-0.1331047187552686,0.19940892416158487,0.8153644947675425,-2.0,1.8054114394625271,-2.1542679909421345,-0.5211399572311367,0.7147622490038392
do_treatment_low_0026,do_treatment_low,treatment,low,-2.0,hard,0.09608131516234578,0.286633315058085,0.3098631595198222,-2.0,2.3217592121276063,-0.22433292266837945,-1.5363200358706846,-0.627940459521371
do_treatment_low_0027,do_treatment_low,treatment,low,-2.0,hard,-0.15781953208561386,-0.05514865077600346,0.9518641346285742,-2.0,1.491673660721872,-1.0069219571834043,-0.6013637224653274,0.005627924122282385
do_treatment_low_0028,do_treatment_low,treatment,low,-2.0,hard,0.8122449115791983,0.5031917194863182,1.1429080352996384,-2.0,1.9767800677494274,-0.08485284347557664,-1.380448503098343,-1.6847179014002325
do_treatment_low_0029,do_treatment_low,treatment,low,-2.0,hard,-0.2068161466365888,-0.8585487393545647,-0.18254290070694867,-2.0,0.487617349298362,-1.5049215826127094,0.4736741079938898,1.3917755373577747
do_treatment_low_0030,do_treatment_low,treatment,low,-2.0,hard,0.5253705227365553,0.4752707039385115,0.5137178219328594,-2.0,1.336990404449085,0.4776683930619998,-2.005439120899211,-2.363743519386521
do_treatment_low_0031,do_treatment_low,treatment,low,-2.0,hard,0.07418309292234114,-1.3103601234120128,-0.8124601576698633,-2.0,0.2721943806526368,-1.9474623451549473,-0.2655742770389121,0.9500088924197063
do_treatment_low_0032,do_treatment_low,treatment,low,-2.0,hard,0.06806307388441823,0.22229812446933836,0.03383317316866599,-2.0,1.224709911666984,-0.7919529308913231,-1.5447612928130416,-1.3577006070153566
do_treatment_low_0033,do_treatment_low,treatment,low,-2.0,hard,0.2530173007475065,0.529921820785086,-0.4478000644840518,-2.0,2.112591507517026,-0.6309175887650575,-1.5654832381465726,-1.1523493266205456
do_treatment_low_0034,do_treatment_low,treatment,low,-2.0,hard,0.34871466689911185,-0.18352146613546946,-0.12927340475186588,-2.0,1.8228587526139701,-1.188218438237892,-1.58794880271734,-0.7753493477225819
do_treatment_low_0035,do_treatment_low,treatment,low,-2.0,hard,-0.29765417802339444,-0.6366555970480283,-0.6569522044729285,-2.0,0.4129219726045481,-0.5768123402743945,-0.3390483507770289,-0.4184463907447745
do_treatment_low_0036,do_treatment_low,treatment,low,-2.0,hard,-0.2237597859317624,-0.5537224456182287,-0.6775507355054442,-2.0,0.5584239995719155,-1.737404871413093,-0.1934691623416985,-0.009967149127666608
do_treatment_low_0037,do_treatment_low,treatment,low,-2.0,hard,0.44458473786761166,0.07127780786804919,0.5511648427475374,-2.0,1.3707451247550655,-1.2257710001674846,-0.4157130638033899,0.3671424610289924
do_treatment_low_0038,do_treatment_low,treatment,low,-2.0,hard,-0.18111264098265012,-1.0614728323067877,-0.8925668404891132,-2.0,0.8408654707094796,-1.725329770713278,-1.0974431097360857,0.7593851490528629
do_treatment_low_0039,do_treatment_low,treatment,low,-2.0,hard,-1.368585299752399,-1.9080218836776188,-1.5804650967976615,-2.0,-0.8826779755371752,-1.9494662861380183,1.5774506224767966,2.64341976596741
do_treatment_low_0040,do_treatment_low,treatment,low,-2.0,hard,0.14297002858822166,-0.03889696916331546,0.8205505114496446,-2.0,0.5625678524615543,-1.4505668857318068,0.36315805985031085,0.27001158862410013
do_treatment_low_0041,do_treatment_low,treatment,low,-2.0,hard,0.18077588636217268,1.48196182004005,1.3341453025068772,-2.0,2.6082305323331942,-0.9474853743335837,-2.0526630096917544,-1.2704643337251087
do_treatment_low_0042,do_treatment_low,treatment,low,-2.0,hard,-0.12117772362461987,-0.009687417838140033,-0.6356290489197894,-2.0,0.8334596921235577,-1.0589284892477482,-0.258435262416395,0.32835472658652576
do_treatment_low_0043,do_treatment_low,treatment,low,-2.0,hard,-0.2827766077079602,-0.8363049118263464,-0.8689100551348885,-2.0,0.8985623974854788,-1.5838217349744905,-1.0206994883228284,0.34951419654692967
do_treatment_low_0044,do_treatment_low,treatment,low,-2.0,hard,-0.7490074831482351,-0.8479718585963475,-1.0100981441369181,-2.0,0.294178867987967,-0.8123230801405701,0.6980625923127858,0.9858574253265185
do_treatment_low_0045,do_treatment_low,treatment,low,-2.0,hard,-0.2910631091090108,1.0050905743166871,1.0334608945997916,-2.0,2.399802796156143,-1.4094811909235987,-1.0948047562897587,0.07759530448759089
do_treatment_low_0046,do_treatment_low,treatment,low,-2.0,hard,0.9954598767269325,-0.2727059537492801,-0.9027251053684802,-2.0,1.078740473553589,-0.42750240297450953,-1.2914967927645222,-0.701463299938575
do_treatment_low_0047,do_treatment_low,treatment,low,-2.0,hard,-0.6773856612610032,-1.2466785844957669,-1.0627811132439093,-2.0,0.23909537677047446,-1.5592182997470965,0.41386659187421093,0.7377949733089221
do_treatment_low_0048,do_treatment_low,treatment,low,-2.0,hard,0.7368594536844577,1.4362045872299452,1.310936845655069,-2.0,1.9787187862553797,-0.38829431644263307,-1.0504819729495103,-1.0715142514545046
do_treatment_low_0049,do_treatment_low,treatment,low,-2.0,hard,0.8991534856483492,0.6658102467297707,0.9920173139177837,-2.0,2.801492528399882,-0.5433731011290666,-2.110446969243515,-2.076751335994889
do_treatment_low_0050,do_treatment_low,treatment,low,-2.0,hard,-0.32007254325376505,-1.0684391432962645,-1.2121320058089342,-2.0,-0.26223280149279427,-1.1165294364729943,-0.30113983020778257,0.6302501277349748
do_treatment_low_0051,do_treatment_low,treatment,low,-2.0,hard,-0.03270602461093259,0.939318734854994,0.9670508854528841,-2.0,2.4176565529398686,-1.5677697714990977,-1.7513213191722308,-1.175601508272604
do_treatment_low_0052,do_treatment_low,treatment,low,-2.0,hard,-0.8653803777440738,-0.45926079507818063,-0.9818895715739904,-2.0,1.1249366144299404,-0.7424960658714156,-0.3975803002271793,0.42336667390077176
do_treatment_low_0053,do_treatment_low,treatment,low,-2.0,hard,-0.42860248230980724,0.6408840998962488,0.172709465913704,-2.0,2.458740856424401,0.3285517548007899,-1.5644782304961713,-2.0086374477253766
do_treatment_low_0054,do_treatment_low,treatment,low,-2.0,hard,-0.45084213783755556,-0.8956109442305205,-0.0738310842765093,-2.0,1.7052623149732598,-1.3759022604443556,-2.0817930259430564,-1.5031392432320323
do_treatment_low_0055,do_treatment_low,treatment,low,-2.0,hard,-0.17362927715060217,-0.44687698791412056,0.4342350671302008,-2.0,1.5703647749875267,-0.873038156210159,-1.50153923302745,-2.205964299483346
do_treatment_low_0056,do_treatment_low,treatment,low,-2.0,hard,0.12016473632368047,-0.3245391740496888,0.3699187115865609,-2.0,1.400971509035384,-0.2843266028123107,-0.5269476447269963,0.29418371102886803
do_treatment_low_0057,do_treatment_low,treatment,low,-2.0,hard,0.21762695736242077,-0.02605275240276758,0.8729312222098472,-2.0,1.5817313087998124,-1.1893945048135663,-1.1616897286465024,-0.7937262626116993
do_treatment_low_0058,do_treatment_low,treatment,low,-2.0,hard,0.4382684668143343,-0.4508573294031182,0.49620024807262464,-2.0,1.8493355415977852,-2.29563826628858,-1.2169419687515555,-0.3416465663544265
do_treatment_low_0059,do_treatment_low,treatment,low,-2.0,hard,1.487022281989844,0.8696434430258602,0.9183129193641288,-2.0,3.1303337326080816,-0.6718376387461857,-3.244454042994864,-2.679091526532549
do_treatment_low_0060,do_treatment_low,treatment,low,-2.0,hard,0.11200560200275606,-0.2795423015977391,-0.7203383147589593,-2.0,1.533823369151689,-0.5174143766875285,-2.2982086370199006,-1.8668975922613773
do_treatment_low_0061,do_treatment_low,treatment,low,-2.0,hard,0.07558684546493526,0.3314977066400774,0.30880991214541803,-2.0,2.4181091202192166,-1.3902373166487072,-1.6594445831012798,-1.1378804352793577
do_treatment_low_0062,do_treatment_low,treatment,low,-2.0,hard,0.46757419293003516,0.13905238726156688,0.43186923949994943,-2.0,1.5290773428733697,-0.7077232813745238,-0.6876022100021197,-0.12242986779880338
do_treatment_low_0063,do_treatment_low,treatment,low,-2.0,hard,0.33731851667871965,0.34246395619055814,0.825845793200811,-2.0,1.9378694135164576,-0.28614831182591094,-0.8608557542712846,-0.14465886820238527
do_treatment_low_0064,do_treatment_low,treatment,low,-2.0,hard,0.12619322438012764,0.6407220637963063,0.24759501912635895,-2.0,2.352135028842349,-0.9418330471795728,-1.1439442126098254,-1.018742810606248
do_treatment_low_0065,do_treatment_low,treatment,low,-2.0,hard,-0.6498802117237006,-0.11077946948650258,-1.0030902671756101,-2.0,2.208300910337202,-1.1856405564326684,-1.312719152963366,-0.7977394488033901
do_treatment_low_0066,do_treatment_low,treatment,low,-2.0,hard,-0.21387420683340566,-0.415202036149208,-0.18625245947429067,-2.0,0.9887276081216543,-1.1950935314259357,-0.9941175999004785,-0.4314660174257669
do_treatment_low_0067,do_treatment_low,treatment,low,-2.0,hard,-0.5331918533927245,0.3028341710264447,0.494092710359517,-2.0,1.8720757435710365,-1.7859556111723929,-1.9317535758593023,-0.4374866149493891
do_treatment_low_0068,do_treatment_low,treatment,low,-2.0,hard,-0.413198339909403,0.12952920247546318,-0.5271898404844026,-2.0,1.4034640981005464,-1.0669970873473367,-0.22418191788959663,0.28001088279200753
do_treatment_low_0069,do_treatment_low,treatment,low,-2.0,hard,0.4609903513360758,0.08360014923058964,0.6413680096609069,-2.0,1.2367735193353744,-0.8216338215086606,-1.240099261836973,-0.8789893840081197
do_treatment_low_0070,do_treatment_low,treatment,low,-2.0,hard,0.6141361152991998,0.997923786440466,1.0634724424931277,-2.0,2.8115050371495443,0.1823207208693206,-2.3344126741778237,-1.8644628440195776
do_treatment_low_0071,do_treatment_low,treatment,low,-2.0,hard,-0.555316484618631,-1.2899740806281563,-0.9228247470779228,-2.0,-0.1893400121634008,-1.579766996151485,1.1482922748889663,2.142908062750201
do_treatment_low_0072,do_treatment_low,treatment,low,-2.0,hard,0.3039832209632717,0.39593033307656844,-0.11533884413603712,-2.0,1.5967989505063827,-0.2222782490315025,-1.3097034673060977,-0.9570206201514944
do_treatment_low_0073,do_treatment_low,treatment,low,-2.0,hard,-0.8740743923282891,-0.29358574811437604,0.14468300708070364,-2.0,1.2366160063963993,-1.3026278401909408,-0.4758947962712592,-0.34644089397673145
do_treatment_low_0074,do_treatment_low,treatment,low,-2.0,hard,0.9539411324335693,1.257052986866698,0.410406854956761,-2.0,2.714607894490741,-0.4977661109585892,-2.4331357963039815,-1.3771468447780135
do_treatment_low_0075,do_treatment_low,treatment,low,-2.0,hard,-0.37926000989458325,0.013219860606563494,0.3830726703734531,-2.0,1.0236251593658536,-1.545529252337781,-0.6537867726430201,-0.4301353789362203
do_treatment_low_0076,do_treatment_low,treatment,low,-2.0,hard,-0.03179464037090209,-0.5210251331298789,-1.8106572034086232,-2.0,1.0010325273359915,0.2643385324434169,-1.1889976562986369,-1.1323965913988845
do_treatment_low_0077,do_treatment_low,treatment,low,-2.0,hard,0.8115311324041685,-0.44451654803406027,-0.34019852453086974,-2.0,1.418569081570902,-0.7414369779742871,-0.7005525406504735,-0.5165274112677586
do_treatment_low_0078,do_treatment_low,treatment,low,-2.0,hard,-0.18798696319381578,-0.8194944372153365,-0.7807803440978234,-2.0,0.8427448604137209,-0.49038943555327763,-0.2752033339478232,-0.7881266626286637
do_treatment_low_0079,do_treatment_low,treatment,low,-2.0,hard,-0.012397540785197074,-0.25613871366335417,-0.2304868162098915,-2.0,1.6554898999351928,-1.891290202431339,-1.8276447971950414,-1.0520952732959123
do_treatment_low_0080,do_treatment_low,treatment,low,-2.0,hard,0.19626131690868953,-0.7397995178741783,-0.8811444473162348,-2.0,1.1085231043447241,-1.286974440114149,-0.9788246314003544,0.23138101778033388
do_treatment_low_0081,do_treatment_low,treatment,low,-2.0,hard,0.34332073488388554,-0.18293501129658998,-0.4794233887312094,-2.0,1.3920858977512245,-1.7993498989558785,-1.1216115098999029,-0.49020233861988294
do_treatment_low_0082,do_treatment_low,treatment,low,-2.0,hard,0.050090102656589384,0.20970798107058083,-0.27760173036434693,-2.0,1.6718943645098006,-1.566019750935105,-0.7349153039119038,0.5050039091121376
do_treatment_low_0083,do_treatment_low,treatment,low,-2.0,hard,-0.5030132999405121,-1.0752629177387616,-2.286981514159373,-2.0,0.6174569007777826,-2.0427385805010547,-0.3408239894124025,0.09160921361068164
do_treatment_low_0084,do_treatment_low,treatment,low,-2.0,hard,-0.3538834559914329,-0.28270414381074405,0.3545112149028085,-2.0,2.3848288848939907,-1.0737841263444157,-1.636472981586171,-1.0520451408874996
do_treatment_low_0085,do_treatment_low,treatment,low,-2.0,hard,-0.6933955392860445,-0.5636915672182149,-0.3001313353364081,-2.0,1.2329146680617562,-1.5991423302891243,-0.29626539624890025,0.4100441893460905
do_treatment_low_0086,do_treatment_low,treatment,low,-2.0,hard,0.3712684077814767,0.15352664595055315,-0.11672108812243442,-2.0,1.6810504340318309,-0.5678557743519218,-1.3755212638630112,-1.135069223538535
do_treatment_low_0087,do_treatment_low,treatment,low,-2.0,hard,-0.42442034427856395,0.014131193686688304,0.3736176569019237,-2.0,2.1836705449515965,-0.9870008254623238,-1.2346387548712472,-0.6901925730348963
do_treatment_low_0088,do_treatment_low,treatment,low,-2.0,hard,-0.7332350183068356,-0.23490508548824846,-0.30211581022600215,-2.0,0.5818752482753168,-0.7622309654944225,-0.5605219875874726,0.04198798687036853
do_treatment_low_0089,do_treatment_low,treatment,low,-2.0,hard,0.02300286267379568,-0.07649311473728261,-0.4699838326929695,-2.0,1.5051188416986072,-0.7179134551735227,-1.6055343461648508,-1.5725952471720295
do_treatment_low_0090,do_treatment_low,treatment,low,-2.0,hard,-0.5035284000850633,-0.5312585531998658,0.4126334462654224,-2.0,0.9679549022252643,-1.35453270635247,-0.4253732983173727,1.3519056250652475
do_treatment_low_0091,do_treatment_low,treatment,low,-2.0,hard,0.1289897029325467,-0.2066402205882792,-0.573637076568147,-2.0,1.2376525852042557,-1.4878093280514368,-0.9535091881296126,-0.40978549536702047
do_treatment_low_0092,do_treatment_low,treatment,low,-2.0,hard,0.6820353991971116,0.3509869575090472,0.39642255154895023,-2.0,2.411165061018043,-1.4438024705566552,-2.065994614266175,-1.9236437214123026
do_treatment_low_0093,do_treatment_low,treatment,low,-2.0,hard,-0.29716533096719433,-1.0803664174116028,-0.8711183642124215,-2.0,0.8948531056578988,-0.6488040796287506,-0.9069557119787426,-0.19573098298519412
do_treatment_low_0094,do_treatment_low,treatment,low,-2.0,hard,-0.29934912872637537,0.365485266294169,-0.18919389534061115,-2.0,1.9080290941144373,-0.5877608042289977,-0.9065048036659822,-1.4576365068089132
do_treatment_low_0095,do_treatment_low,treatment,low,-2.0,hard,-0.608129710702271,-0.628199490609639,-0.9017954484664251,-2.0,1.3049703718446017,-0.4175242027595487,-0.7581182879389712,-0.628529717818657
do_treatment_low_0096,do_treatment_low,treatment,low,-2.0,hard,0.2963431242758153,0.5684298474528223,-0.00963758698757311,-2.0,1.8900250922801356,-1.7164634023223222,-1.3411184715347197,-0.8000577609970299
do_treatment_low_0097,do_treatment_low,treatment,low,-2.0,hard,-0.23406218767213705,-0.6721910512228945,-0.9359586885314874,-2.0,1.7082565203674527,0.29132088710818427,-1.52112396004442,-1.1233320281790706
do_treatment_low_0098,do_treatment_low,treatment,low,-2.0,hard,0.009200103520037826,0.07908483302007922,-0.3218909878052394,-2.0,2.5103114798438035,-1.5657585429940752,-1.9160933321717324,-0.6655899251154227
do_treatment_low_0099,do_treatment_low,treatment,low,-2.0,hard,-0.5532156743796108,-0.7707002509162277,-0.7842240934556229,-2.0,2.0641085987397654,-1.0506405364119142,-0.4995017963907826,0.4544881566851563
do_treatment_high_0000,do_treatment_high,treatment,high,2.0,hard,0.615899539381097,0.6964192888412803,-0.0948756438444901,2.0,-1.158727762544994,0.7192874493663342,0.9637891721787454,-0.19381511520905015
do_treatment_high_0001,do_treatment_high,treatment,high,2.0,hard,0.1509199313730724,0.3806038924624436,0.4916170503939794,2.0,-1.0166148449625703,1.4377639077720266,0.9015546640960015,0.775787617463278
do_treatment_high_0002,do_treatment_high,treatment,high,2.0,hard,-0.17137685650460233,-0.40394916695803296,-0.11721489300530588,2.0,-1.548892718667702,1.2997480997225814,1.4493615175262917,1.0687327055268425
do_treatment_high_0003,do_treatment_high,treatment,high,2.0,hard,0.03462143905625608,-0.13108554966618222,0.1917272265362747,2.0,-1.949493346384339,0.2995753066904384,0.8947906984389363,0.3928808345024119
do_treatment_high_0004,do_treatment_high,treatment,high,2.0,hard,-0.40537356073391306,-0.20796606911147564,-0.029547892941447357,2.0,-2.463506096334305,-0.09930862782955419,1.9681820401607906,2.8344910060700697
do_treatment_high_0005,do_treatment_high,treatment,high,2.0,hard,0.8652535180947363,0.5198865709334114,0.07638402623207852,2.0,-0.8584053471779085,1.0205475286766161,-0.8425890285480311,-0.8407362942262957
do_treatment_high_0006,do_treatment_high,treatment,high,2.0,hard,0.6544559388867935,0.04935997191992342,-0.3714043320533281,2.0,-1.571471055715351,1.8813245595808168,0.7855081596852888,-0.09495044989403642
do_treatment_high_0007,do_treatment_high,treatment,high,2.0,hard,0.5285704654336091,0.8625523851144087,1.0307285093641716,2.0,0.15732103056707958,0.3633002049582208,0.0841830098498797,0.6815328902856882
do_treatment_high_0008,do_treatment_high,treatment,high,2.0,hard,0.15112640258585452,0.6906161889773418,1.2466871924476979,2.0,-0.6202181001583598,0.32888037708426565,-0.3949543674430834,-1.0308485109805976
do_treatment_high_0009,do_treatment_high,treatment,high,2.0,hard,-0.6999269495469552,-0.799344248498269,0.0975193000290292,2.0,-1.9997405878592196,0.005854722439409876,1.45417189625427,1.8844398589774805
do_treatment_high_0010,do_treatment_high,treatment,high,2.0,hard,0.012634785705204465,-0.08016736611055478,-0.014045030433375787,2.0,-2.2079897590487594,0.5654234862278544,1.8078178980757076,1.5309926316354667
do_treatment_high_0011,do_treatment_high,treatment,high,2.0,hard,-0.8155830082750959,-1.226986301272421,-1.1063951925341404,2.0,-2.7509191339767316,1.2955328287229984,1.6422773500662298,2.049208988096914
do_treatment_high_0012,do_treatment_high,treatment,high,2.0,hard,0.2803978510538415,0.19181594068857255,0.6232720752280481,2.0,-1.5183875858491396,1.9465180584700006,0.7586707738120811,0.047235560388299985
do_treatment_high_0013,do_treatment_high,treatment,high,2.0,hard,-0.61146981801392,-0.10152437337606118,-0.43523678843028174,2.0,-1.9621818669439177,0.4191494422327621,2.171835606135982,1.4929907172729149
do_treatment_high_0014,do_treatment_high,treatment,high,2.0,hard,0.04121766429410538,-1.1248207331316367,-1.09949619983494,2.0,-2.1738151380244077,1.1297384766354792,0.4625899231521404,0.902488765481693
do_treatment_high_0015,do_treatment_high,treatment,high,2.0,hard,0.3871715977219239,0.7985402903913301,0.8387439803114716,2.0,-0.7225285052933321,1.823186677935729,0.36328817258561835,-0.3116441459309519
do_treatment_high_0016,do_treatment_high,treatment,high,2.0,hard,0.11999612361086512,-0.16457528511115865,0.6894808197100352,2.0,-1.1195832143157824,1.0541978050178038,1.137888687834836,1.587001571196359
do_treatment_high_0017,do_treatment_high,treatment,high,2.0,hard,0.5344216870766121,0.2679235230578991,0.460229328442304,2.0,-0.8183460934707498,0.3525255488141178,0.5148240935479742,0.0354115512558314
do_treatment_high_0018,do_treatment_high,treatment,high,2.0,hard,0.09748322753726264,0.24507045422118803,-0.6220162015004962,2.0,-1.0476310789977115,0.8608569386973874,0.44199699730701575,-0.05866162325167651
do_treatment_high_0019,do_treatment_high,treatment,high,2.0,hard,-0.40346513574824067,0.26813449848127796,0.5887145815187798,2.0,-1.7365880270194687,0.3527051978420317,1.0674302280207069,0.8638664194178227
do_treatment_high_0020,do_treatment_high,treatment,high,2.0,hard,0.6394737906883591,0.7553179298281516,1.2510325370378104,2.0,-1.047852193943752,0.20830639971212617,0.5142283140970347,0.2673061542099229
do_treatment_high_0021,do_treatment_high,treatment,high,2.0,hard,-0.08764469225949129,-0.7366457496315784,-1.0575829629016318,2.0,-1.5040595158384453,0.976998904659318,1.7599434613686038,2.13974323439995
do_treatment_high_0022,do_treatment_high,treatment,high,2.0,hard,0.15837358702331245,0.0910049238534466,1.0286427420546675,2.0,-1.7464885279297935,0.7370307906696435,0.8173051543858483,0.36641723015439287
do_treatment_high_0023,do_treatment_high,treatment,high,2.0,hard,-0.16332337814409964,0.35036484792285194,0.23326714652037384,2.0,-1.3554345170847404,1.0138093693963097,1.5894367595744932,0.540650479280077
do_treatment_high_0024,do_treatment_high,treatment,high,2.0,hard,0.13121075413373362,-0.23296994917891076,-0.6919878795031104,2.0,-1.0571172260754715,1.2304389706328873,0.9351153701663972,0.9568948260223598
do_treatment_high_0025,do_treatment_high,treatment,high,2.0,hard,-0.23155884959280318,-0.32641124508219804,-0.2613123643709419,2.0,-1.746775948212044,0.7015924053437252,0.29305450475208594,-0.3672140085529528
do_treatment_high_0026,do_treatment_high,treatment,high,2.0,hard,-0.8634046871328318,0.3653315780751766,0.6853182347804493,2.0,-0.6443759064883047,-0.7492825379584268,0.5433453538981828,0.7536589374137371
do_treatment_high_0027,do_treatment_high,treatment,high,2.0,hard,0.8048762651186597,0.0026053395134085777,0.2112340493353357,2.0,-2.0172441330964386,1.4948961266464882,1.5077094463396365,0.5705501604762445
do_treatment_high_0028,do_treatment_high,treatment,high,2.0,hard,0.28994082661421444,0.083404727760744,-0.5929228356809143,2.0,-2.6624930082330023,1.0772812928871414,2.380540962364397,1.7330539509280873
do_treatment_high_0029,do_treatment_high,treatment,high,2.0,hard,-1.1357238000942693,-1.3977210600806003,-1.6580370197941652,2.0,-4.176578245452307,-0.34321375776008467,3.072133404600736,3.142877194757975
do_treatment_high_0030,do_treatment_high,treatment,high,2.0,hard,-0.5213822270729378,-0.8915824225651183,-1.1008437043359711,2.0,-1.6097476699308593,0.564844910745488,2.485676214135302,2.9227120516873857
do_treatment_high_0031,do_treatment_high,treatment,high,2.0,hard,0.49349484045188485,0.5853364436948923,0.8922469109510947,2.0,-1.4693488303557227,1.5802430229119977,1.132602074255756,1.4839219575084766
do_treatment_high_0032,do_treatment_high,treatment,high,2.0,hard,0.2665725360792348,-0.06016563501639596,-0.7505571935770486,2.0,-1.2654629719860475,2.15046511815096,0.649359487383891,-0.6964265506096798
do_treatment_high_0033,do_treatment_high,treatment,high,2.0,hard,-0.25977637949496946,0.15296340766921349,0.05581423947572628,2.0,-1.4130179488052514,1.3115440503460167,1.4671688447560214,-0.23117528363027695
do_treatment_high_0034,do_treatment_high,treatment,high,2.0,hard,0.21847708338782948,-0.4610867044727104,-1.1974354989316518,2.0,-1.8445849002730903,1.2261055859839034,1.459310080096794,1.235365680427439
do_treatment_high_0035,do_treatment_high,treatment,high,2.0,hard,-0.11040664655908901,1.1637251192295248,0.9953039797049852,2.0,0.01858268895295756,1.7650705873528656,0.8039416671127965,0.5300633336138434
do_treatment_high_0036,do_treatment_high,treatment,high,2.0,hard,0.14796701155535838,-0.6498747700564889,-0.5532963949920964,2.0,-1.487002484871258,1.0708131175696756,0.2876587499621984,-0.683502957948483
do_treatment_high_0037,do_treatment_high,treatment,high,2.0,hard,-0.034679305187351774,-0.04227494680830829,0.8302274420005337,2.0,-1.0394322311314075,1.1655674849285658,1.619978047685671,0.45550044383498556
do_treatment_high_0038,do_treatment_high,treatment,high,2.0,hard,1.3916805372372443,0.963002326845438,1.0850526530193025,2.0,-1.3307318568172453,2.216296931688092,1.077841532070281,0.3848710182676156
do_treatment_high_0039,do_treatment_high,treatment,high,2.0,hard,0.17307742946082924,0.5511212973836374,0.8589709997521351,2.0,-2.1397079358651583,1.2409959738885707,1.1991337577885384,0.5715236265955685
do_treatment_high_0040,do_treatment_high,treatment,high,2.0,hard,0.7718785362449047,1.3799689019230355,1.4246211251560228,2.0,-0.7142556564645045,0.6569115281031088,0.4857006479477447,-0.374207220617513
do_treatment_high_0041,do_treatment_high,treatment,high,2.0,hard,-0.5261380663373254,0.38603373615626085,-0.42290934321278195,2.0,-0.9138812342507336,1.472405782040847,0.2642386434037902,0.009713809787432415
do_treatment_high_0042,do_treatment_high,treatment,high,2.0,hard,0.3596944932097043,0.4557088900587053,1.2098805371331816,2.0,-0.6662428340129657,1.208457691360541,0.8984746707081688,0.3408900575995923
do_treatment_high_0043,do_treatment_high,treatment,high,2.0,hard,-0.35767049900649467,-0.4473892979379077,-0.326651664940528,2.0,-1.5920865819472116,0.27774103972228714,1.9738366399392708,1.7635259667955174
do_treatment_high_0044,do_treatment_high,treatment,high,2.0,hard,0.1506094880261819,0.6426137430577801,0.3898227235611488,2.0,-0.38494661021573284,1.362418914886433,-0.5914521171002107,-1.1758913388616812
do_treatment_high_0045,do_treatment_high,treatment,high,2.0,hard,0.03232881544663903,0.21886288635569462,-0.5782651580204703,2.0,-0.8539591863111359,1.1639244237858415,0.5125365423281216,-0.3564356365134184
do_treatment_high_0046,do_treatment_high,treatment,high,2.0,hard,-0.04376693642853064,-0.007818772645036762,0.6254268006307252,2.0,-1.2400833414585286,0.7879580786248958,0.3058080143177071,-0.20911675177651912
do_treatment_high_0047,do_treatment_high,treatment,high,2.0,hard,0.5237807579537596,0.2411268263744582,1.0955894431852158,2.0,-0.7450305324575638,1.5697949485126284,0.5181700279909932,-0.6903521828299476
do_treatment_high_0048,do_treatment_high,treatment,high,2.0,hard,-1.117133876055695,-0.2744216445396903,-1.2916808545359189,2.0,-1.3928823156865946,0.27580017060327544,2.454179161846721,2.4796459982412946
do_treatment_high_0049,do_treatment_high,treatment,high,2.0,hard,0.19725290809655963,-0.4134485395056435,-0.43995958974456906,2.0,-1.2175657319975763,1.1919302031243322,0.8012929174261275,-0.8017344976085771
do_treatment_high_0050,do_treatment_high,treatment,high,2.0,hard,-0.2747507421493712,0.04527951284222381,-0.7909117413935978,2.0,-1.1108714834549316,1.6455085690293392,0.041262816598423124,-0.8373079952797114
do_treatment_high_0051,do_treatment_high,treatment,high,2.0,hard,-0.35125837811476057,0.5817474610590825,0.02866532060771837,2.0,-0.3429444541449296,0.7828638205823759,0.07976232485795731,-0.30086279591945764
do_treatment_high_0052,do_treatment_high,treatment,high,2.0,hard,-0.6808537158815959,-0.9098847292237099,-1.28436726252433,2.0,-2.2274148545306294,1.3496232670511357,2.2152534315914236,1.8419292597365517
do_treatment_high_0053,do_treatment_high,treatment,high,2.0,hard,-0.6770705675645758,-0.9758931161702455,-0.8370062410897514,2.0,-2.5683482971963913,1.0679390765636474,2.0669827545099806,1.8524785164940556
do_treatment_high_0054,do_treatment_high,treatment,high,2.0,hard,-0.3422150484887116,-0.10339605547606345,-0.10682428016100878,2.0,-1.4782544255847987,0.8953633217869015,2.065383742841291,0.8862966794736685
do_treatment_high_0055,do_treatment_high,treatment,high,2.0,hard,0.4479810461591147,-0.2512706729233776,-0.14132224868840793,2.0,-2.066374129074436,1.764757864975079,0.8439574772947934,0.5800679930421561
do_treatment_high_0056,do_treatment_high,treatment,high,2.0,hard,0.16884300222844756,-0.5469031563157347,-0.12385145155435262,2.0,-2.6999078788008104,1.7640658198517531,0.8195834604315648,0.22190062235608188
do_treatment_high_0057,do_treatment_high,treatment,high,2.0,hard,0.8236941260146483,-0.10160337811770892,0.024966057294677893,2.0,-1.870305692175629,0.9965914675475931,1.0848687880437018,0.20006063367272575
do_treatment_high_0058,do_treatment_high,treatment,high,2.0,hard,-0.016221834235898507,-0.33899571698379805,0.11124328810769957,2.0,-1.3794573315058594,1.0295631396070646,1.284029810040641,0.14169135370400687
do_treatment_high_0059,do_treatment_high,treatment,high,2.0,hard,0.5921393453860363,-0.2760648525566837,-0.6221106837881114,2.0,-1.3364180938524526,2.2694816073292383,0.3853860096237119,-0.1357240049983976
do_treatment_high_0060,do_treatment_high,treatment,high,2.0,hard,-0.6731719049490339,-0.8749767802292863,-0.7276390793325942,2.0,-2.488909137138995,0.46494585308527253,1.6876041685238843,1.7236199138757666
do_treatment_high_0061,do_treatment_high,treatment,high,2.0,hard,0.12341870842269177,-0.15852527946213316,-0.20669678174234682,2.0,-0.9368356391210199,1.0833841340665435,-0.06636148780992901,-0.38091532570033343
do_treatment_high_0062,do_treatment_high,treatment,high,2.0,hard,-0.11307822206550779,-0.708266011030978,-0.365979473652573,2.0,-1.8589696925904935,1.2015454405770243,1.7365046366717412,1.2832390851245226
do_treatment_high_0063,do_treatment_high,treatment,high,2.0,hard,-0.020567700592178956,-0.03159780193271121,-0.4866854210220919,2.0,-1.6466600964855396,0.7193670489342983,1.7396718143083238,1.0779561524396537
do_treatment_high_0064,do_treatment_high,treatment,high,2.0,hard,-0.7915663767380839,-0.1818246879551239,-0.5192210254331063,2.0,-1.5077836215539122,1.5513901728883615,2.09293161806165,1.692469335677667
do_treatment_high_0065,do_treatment_high,treatment,high,2.0,hard,-0.6011002224953769,-0.8126755577611458,-1.1574223683637985,2.0,-2.011227673617152,0.8838298962563133,1.2329682244593696,-0.14550075573263033
do_treatment_high_0066,do_treatment_high,treatment,high,2.0,hard,-1.0248735854810067,-1.5647694662978784,-1.1858052687849494,2.0,-2.523173734070161,0.8569462904426298,2.707726404203849,2.118497454065034
do_treatment_high_0067,do_treatment_high,treatment,high,2.0,hard,1.0586407927949673,0.8555879659274979,0.9425528007299941,2.0,-0.8729731772125698,0.5142594215195562,0.28146065940339854,0.431371009280951
do_treatment_high_0068,do_treatment_high,treatment,high,2.0,hard,-0.029249348348045493,0.0028559203537303866,0.3436677871158194,2.0,-1.6305834944529778,1.4262721149564486,1.676789132320531,1.3605414411246122
do_treatment_high_0069,do_treatment_high,treatment,high,2.0,hard,0.5503483519966546,0.46318052310070806,0.37829368988099543,2.0,-1.6853806931991744,1.6900672488793878,1.2519348331416147,0.44543190919346864
do_treatment_high_0070,do_treatment_high,treatment,high,2.0,hard,-0.7510299918940656,-0.45010961408602246,-0.7543386035795177,2.0,-1.231010998693444,0.9597390097374843,1.4223724917227616,0.8053898039917622
do_treatment_high_0071,do_treatment_high,treatment,high,2.0,hard,0.5499472599806202,0.2191034490086545,-0.6556345389102047,2.0,-1.977690997275769,0.8588578017664954,1.1746771471847308,0.24728458605359493
do_treatment_high_0072,do_treatment_high,treatment,high,2.0,hard,-0.13459333406129753,0.31095063533918893,0.3977653081796124,2.0,-1.3502287016428722,0.8579479889229336,1.5176752479855775,0.9756812400899467
do_treatment_high_0073,do_treatment_high,treatment,high,2.0,hard,0.488754018798946,0.492479110294228,-0.7923969587455622,2.0,-1.0540367594750646,0.4027246560867267,0.2800704382316363,0.8720692652179655
do_treatment_high_0074,do_treatment_high,treatment,high,2.0,hard,0.6525184755866715,0.13653394676093067,0.0431639380601541,2.0,-2.2153236152062448,1.4156775405961926,2.182144216754228,2.0701976883327284
do_treatment_high_0075,do_treatment_high,treatment,high,2.0,hard,0.16158129974608287,0.09416324692278921,-0.08748574815078726,2.0,-1.5291299863795462,0.6545872037992413,0.7851688503679152,0.2880905761464837
do_treatment_high_0076,do_treatment_high,treatment,high,2.0,hard,-0.8151738798867864,-1.4486415620190418,-1.3824830642748696,2.0,-2.7288606907641153,-0.0022117813042682455,2.040717743878311,2.024153638868048
do_treatment_high_0077,do_treatment_high,treatment,high,2.0,hard,-0.360428314121484,-0.6442169012683051,0.146580737153433,2.0,-2.6448837424654466,0.741452228320856,2.2039823406091292,1.533767654684077
do_treatment_high_0078,do_treatment_high,treatment,high,2.0,hard,-0.14701499802647688,0.33027994530410587,0.06527455184999359,2.0,-1.679476655317879,0.4429673794049117,0.6799049761128173,-0.37296116983521466
do_treatment_high_0079,do_treatment_high,treatment,high,2.0,hard,-0.6048593391646488,-0.11476202225722726,-0.17769265728404582,2.0,-1.4741912173014462,0.6639189695261267,1.0590446253821062,0.8089055779558516
do_treatment_high_0080,do_treatment_high,treatment,high,2.0,hard,0.37068394591580633,0.705613959192325,1.246924299489826,2.0,-1.7224832621641837,1.6257932312946863,1.7033982588412409,0.7928724806868143
do_treatment_high_0081,do_treatment_high,treatment,high,2.0,hard,1.043356239555833,0.9450978351912378,0.03377098506571552,2.0,-1.4864739339971735,1.7361726516820881,1.332194292243147,-0.08773569848235141
do_treatment_high_0082,do_treatment_high,treatment,high,2.0,hard,-0.008614724473360936,-0.28971569438519296,0.060661825348067855,2.0,-1.1946954363761702,1.1717217124925237,1.5053543900780904,0.5287903560149374
do_treatment_high_0083,do_treatment_high,treatment,high,2.0,hard,-0.2127204427627224,0.28786186561430094,0.39806573678894663,2.0,-1.4033626612080297,1.1100074492904914,-0.06189268554200522,-0.705026491775951
do_treatment_high_0084,do_treatment_high,treatment,high,2.0,hard,0.13815549256761647,0.008826816386360181,-0.5948226809173773,2.0,-1.2899361015650523,1.02335861829359,0.6911135065068916,0.10129756853736656
do_treatment_high_0085,do_treatment_high,treatment,high,2.0,hard,1.2250958011742716,0.45252377393065085,1.0234305610804515,2.0,-1.3114351520187566,2.2673627376643717,0.458763552549376,-0.08667065149929815
do_treatment_high_0086,do_treatment_high,treatment,high,2.0,hard,0.01099719623816319,-0.5334560058386395,-0.7253838820190153,2.0,-1.6858379729885284,0.7131028887733086,1.0530704777857727,0.5006579959965127
do_treatment_high_0087,do_treatment_high,treatment,high,2.0,hard,0.05375862492315784,0.10054708297638584,-0.2841072838330686,2.0,-1.8218599066268388,0.3937464082997598,1.5457772112423462,2.233708877742968
do_treatment_high_0088,do_treatment_high,treatment,high,2.0,hard,-0.9420273778470499,-1.259817989511515,-0.9006063580102177,2.0,-2.0108098750018737,0.5343208233520677,0.9327978428632142,0.11660895568977525
do_treatment_high_0089,do_treatment_high,treatment,high,2.0,hard,0.557096045968259,0.2195862900952901,0.3132881287157587,2.0,-1.9971501053141478,1.217667477883829,0.8534168730082492,-0.007050824524066579
do_treatment_high_0090,do_treatment_high,treatment,high,2.0,hard,-0.14390374138149215,-0.35135867877947724,-0.7698982775353662,2.0,-1.8824479297545789,1.231614438476643,1.8834884257368876,1.4527338015413407
do_treatment_high_0091,do_treatment_high,treatment,high,2.0,hard,-0.07463051823340323,0.9711876439925742,1.0076470179115589,2.0,-0.790369422585918,0.5284889109669759,1.1166295114005906,0.5985938611090301
do_treatment_high_0092,do_treatment_high,treatment,high,2.0,hard,-0.018061878322143142,-0.43762718241489407,-0.875810262767116,2.0,-2.7519332695970986,0.2604348598419588,1.1873963157671423,1.0322249871626226
do_treatment_high_0093,do_treatment_high,treatment,high,2.0,hard,0.1821250937293737,0.6218491910123392,0.046175574479299875,2.0,-0.6970506674257015,-0.12329148879420071,0.006451559956524189,-0.06785210937738481
do_treatment_high_0094,do_treatment_high,treatment,high,2.0,hard,0.30770896781598267,0.7088156846109241,0.1593573371378595,2.0,-1.2405989049659378,1.102945223156652,0.6657457767916317,0.2733440744743785
do_treatment_high_0095,do_treatment_high,treatment,high,2.0,hard,-0.13217026376265506,-0.13532182509687346,0.34675834984646176,2.0,-1.7415855591048088,1.34439954662656,0.8758937337636068,-0.6368487893063276
do_treatment_high_0096,do_treatment_high,treatment,high,2.0,hard,-0.19965666931838458,-0.12707351278760068,-0.7040245388264866,2.0,-1.9401205035728224,0.29627708920425955,1.2964006302392455,0.9092442652311288
do_treatment_high_0097,do_treatment_high,treatment,high,2.0,hard,-0.746568032896659,-0.7929745738664793,-1.0554175516083482,2.0,-2.981933703339611,0.9313911958877227,2.519978282206884,1.3394851256913505
do_treatment_high_0098,do_treatment_high,treatment,high,2.0,hard,0.2679908750204197,-0.08317037614260711,0.24100584777312895,2.0,-2.62902888996046,1.7885576396094125,1.930149964175024,1.2738944867737108
do_treatment_high_0099,do_treatment_high,treatment,high,2.0,hard,-0.2612249364156895,-0.3381706180696355,-1.0302077941423071,2.0,-2.233907032043324,0.9797284223893183,1.5153042040767157,1.3632321714360616
do_inflammation_low_0000,do_inflammation_low,inflammation,low,-2.0,hard,0.11666300369617418,-0.9422860554172139,-1.04442915026771,-1.5474425140046084,-2.0,-0.4256415388894956,1.292344425911425,0.9554876961211176
do_inflammation_low_0001,do_inflammation_low,inflammation,low,-2.0,hard,-0.3896979798598195,-0.5327222920158848,-0.4250915435311436,-0.4096093686516812,-2.0,-0.06340226574266128,1.3011019937289414,1.6936527405478639
do_inflammation_low_0002,do_inflammation_low,inflammation,low,-2.0,hard,0.3235189298750069,0.1863677607624806,0.1482714086561576,0.34289014374448445,-2.0,0.5489203219558807,1.5803936123199875,1.9443409589065617
do_inflammation_low_0003,do_inflammation_low,inflammation,low,-2.0,hard,-0.3598715081521516,0.06602767597891102,-0.6685973346572092,-0.22021375704103038,-2.0,-0.9894205174257464,1.6880455748244148,1.7118128570042823
do_inflammation_low_0004,do_inflammation_low,inflammation,low,-2.0,hard,0.5343935159746499,0.5878821977735198,0.6054897912009544,0.09344391838267141,-2.0,-0.8014055340526651,1.0032412991000872,1.0181844025920463
do_inflammation_low_0005,do_inflammation_low,inflammation,low,-2.0,hard,0.8969977641793362,0.6688415778356402,1.2171210157952859,1.172824204260569,-2.0,0.7863529967291957,1.3868464943979089,1.1512944469080684
do_inflammation_low_0006,do_inflammation_low,inflammation,low,-2.0,hard,0.13192656998016225,0.7945879227647802,0.9660469885186731,0.9825404364234421,-2.0,0.34032375349103394,1.8263235527670294,1.5216209854831924
do_inflammation_low_0007,do_inflammation_low,inflammation,low,-2.0,hard,-0.44969445826854104,-0.3129418442063221,0.007841065842483896,-0.10615354959369414,-2.0,0.5163163207995818,1.702756699314078,2.2503413152610343
do_inflammation_low_0008,do_inflammation_low,inflammation,low,-2.0,hard,-0.18161287731576115,0.11985692210198418,0.008287730661872814,0.5304791533113316,-2.0,0.18995174781829405,1.273597487186518,1.5112518561994903
do_inflammation_low_0009,do_inflammation_low,inflammation,low,-2.0,hard,-0.9993236816079822,-0.5745240584743085,-0.44005045119053476,-0.9085638333817233,-2.0,-1.1506186692849565,1.6756629864744663,1.9649004381438635
do_inflammation_low_0010,do_inflammation_low,inflammation,low,-2.0,hard,-0.04033289145180248,0.6493175927248831,0.5704729241313575,0.5984049433883696,-2.0,0.5210995772527036,1.6119605650663258,0.22477161372208176
do_inflammation_low_0011,do_inflammation_low,inflammation,low,-2.0,hard,-0.3640785224624505,-0.9654416684791112,-0.3591546183780244,-0.641226610795371,-2.0,-0.13932260814393255,1.4785744429302439,2.21152205779274
do_inflammation_low_0012,do_inflammation_low,inflammation,low,-2.0,hard,-0.7347373887480756,-0.9862108489260979,-1.2016774688909906,-1.745565798227834,-2.0,0.09745103832814661,1.9114035854068516,2.4893262663731903
do_inflammation_low_0013,do_inflammation_low,inflammation,low,-2.0,hard,-0.15217580567046074,-0.3498946442897457,-0.8090585672102809,-1.1316965300368529,-2.0,0.5064094131891124,2.203189149329672,1.6464981410499187
do_inflammation_low_0014,do_inflammation_low,inflammation,low,-2.0,hard,-0.14264090034719612,0.6273463220925939,0.5051731944700938,1.3087252141421666,-2.0,0.7808795370710443,1.8592272373764671,1.8060084439368465
do_inflammation_low_0015,do_inflammation_low,inflammation,low,-2.0,hard,0.21293188031942625,0.19625970975641915,0.1253236496339713,0.00961727376065838,-2.0,-0.5453149710268985,1.1499006410462749,1.4350185280525052
do_inflammation_low_0016,do_inflammation_low,inflammation,low,-2.0,hard,0.2550369965159577,0.5249369983847407,0.44599548272637246,0.8843363563583352,-2.0,0.7679609998433676,1.634497808597437,0.9670013038838278
do_inflammation_low_0017,do_inflammation_low,inflammation,low,-2.0,hard,0.6052338229083624,0.2541625410930603,0.40049609088534455,0.4271056843936705,-2.0,1.4878831546006013,2.1906765574727642,1.6835856477455897
do_inflammation_low_0018,do_inflammation_low,inflammation,low,-2.0,hard,-0.5501972468809554,-0.6319555691318558,-0.24189995096054023,1.0722282571887733,-2.0,0.027841079193330676,1.82475865601218,2.1986262141085375
do_inflammation_low_0019,do_inflammation_low,inflammation,low,-2.0,hard,-1.5180980624288627,-1.5350388492922395,-0.9327847910748122,-0.9525669250033717,-2.0,-0.9212578884161102,2.6738194319442172,2.7448447680686963
do_inflammation_low_0020,do_inflammation_low,inflammation,low,-2.0,hard,-0.2191886320866269,-0.2396439754453831,-0.262288831744408,0.3644282381004037,-2.0,0.08484722242736185,1.8006500080783332,2.5626408672629104
do_inflammation_low_0021,do_inflammation_low,inflammation,low,-2.0,hard,0.19300052705198306,0.39046046892111164,-0.18153301575335695,-0.7559058534147393,-2.0,-0.7634171362553672,1.5277449532675493,1.0875595238500249
do_inflammation_low_0022,do_inflammation_low,inflammation,low,-2.0,hard,-1.2321410007944418,-0.5728282483058516,-0.5656751337686323,-0.31120834620577975,-2.0,-1.422623521157158,2.1502871532138794,1.479038258372304
do_inflammation_low_0023,do_inflammation_low,inflammation,low,-2.0,hard,-0.20753317760936738,0.5530880092512351,-0.35760037830951624,-0.04131829156233584,-2.0,-0.1426291595204328,0.9947832791301329,1.1495221014465211
do_inflammation_low_0024,do_inflammation_low,inflammation,low,-2.0,hard,-0.762217940197517,-0.8025972028196908,-0.007524723967091584,-0.4028897209122116,-2.0,-0.8377082001797934,1.888660346490068,1.8402046976408073
do_inflammation_low_0025,do_inflammation_low,inflammation,low,-2.0,hard,0.3779937442013604,0.4167991700164594,0.22723189214795303,0.37841931804818474,-2.0,-0.03436130094175305,1.6232389031477297,0.6531865904610891
do_inflammation_low_0026,do_inflammation_low,inflammation,low,-2.0,hard,-0.8192550146813843,-0.030196560020359753,-0.9555874260473143,-0.7874937842528795,-2.0,-0.6805541052854077,1.3449177679643993,1.5442653269095197
do_inflammation_low_0027,do_inflammation_low,inflammation,low,-2.0,hard,1.0795568926085137,-0.04148424796680583,0.09348100479352787,0.1791417478448113,-2.0,1.2890597389795828,1.3616908297906762,0.6678141793681736
do_inflammation_low_0028,do_inflammation_low,inflammation,low,-2.0,hard,0.3197991472069023,0.08994022651063857,0.3618667144030393,0.23566304434062801,-2.0,0.7956727982063726,1.2512128281135637,0.7184321314919353
do_inflammation_low_0029,do_inflammation_low,inflammation,low,-2.0,hard,0.46033497553622443,0.22846113956980874,0.06163830665298328,0.7825331852245178,-2.0,0.12753043459638475,-0.1274134075334894,-0.24259827140444545
do_inflammation_low_0030,do_inflammation_low,inflammation,low,-2.0,hard,-0.4595830468253293,-1.202425175045382,-1.1795763396966998,-0.9986040493527514,-2.0,-0.6684632194152514,1.7363362723653384,2.314032931608489
do_inflammation_low_0031,do_inflammation_low,inflammation,low,-2.0,hard,-0.20956631222628846,0.42701974273700805,1.1945632725070472,0.2845789497024722,-2.0,0.6654580548318054,0.7016662199901651,0.41682621394087793
do_inflammation_low_0032,do_inflammation_low,inflammation,low,-2.0,hard,-0.4477825787160591,-0.19416631026303682,-0.4848916116876181,-0.7422155003411697,-2.0,-1.0692197528707936,1.2367577249334858,1.4618402206334002
do_inflammation_low_0033,do_inflammation_low,inflammation,low,-2.0,hard,-0.6039870575766687,-0.36828532283122706,-0.9877115879887666,-0.5405841380192278,-2.0,0.7251734763563301,1.816023768247136,0.9479555651220627
do_inflammation_low_0034,do_inflammation_low,inflammation,low,-2.0,hard,-0.6585431355093779,0.10435766855367301,0.34557527992751597,0.4549666449218295,-2.0,-0.13754693031382448,2.1876705489225556,1.8178709918272509
do_inflammation_low_0035,do_inflammation_low,inflammation,low,-2.0,hard,0.3484502053988042,0.1602337059921139,1.0999029438013395,0.5924211050471369,-2.0,0.25390911003034256,1.2063856754510927,0.9706902126006576
do_inflammation_low_0036,do_inflammation_low,inflammation,low,-2.0,hard,-0.3388426217633366,-0.2331440176126217,-1.0635173205179602,-0.5858848887225034,-2.0,-1.1534376774304256,0.8666933709730893,0.74197452023222
do_inflammation_low_0037,do_inflammation_low,inflammation,low,-2.0,hard,-0.6939423954054443,0.4611419570081629,0.660755259469499,0.9708618684946,-2.0,1.4359983845303552,1.4973099793492555,0.49948303709203856
do_inflammation_low_0038,do_inflammation_low,inflammation,low,-2.0,hard,0.4704393057469847,0.5111657059657537,0.7664742585472639,1.4566414238832697,-2.0,1.2222712963924944,0.8416457370518919,0.015520636405717575
do_inflammation_low_0039,do_inflammation_low,inflammation,low,-2.0,hard,0.43557554146509253,0.3476438737231384,0.605440589910835,0.4959350975669312,-2.0,0.8740809497411048,1.0380007377554998,-0.13653234461557862
do_inflammation_low_0040,do_inflammation_low,inflammation,low,-2.0,hard,-0.0487193420141305,0.4597112807600502,0.765384602971555,1.056140561441176,-2.0,1.1134219559648708,1.5347103474114134,1.3769881689478538
do_inflammation_low_0041,do_inflammation_low,inflammation,low,-2.0,hard,-0.6157156955259343,-0.8778488930047639,-1.365101827255149,-1.0606826979254294,-2.0,-0.3649045650184197,1.6485264401152513,2.1577132868947335
do_inflammation_low_0042,do_inflammation_low,inflammation,low,-2.0,hard,0.17623551786487476,0.17051326219127705,0.5630601422427854,0.40373989996641807,-2.0,1.4225503549038119,1.2502261242445627,1.3648551731870575
do_inflammation_low_0043,do_inflammation_low,inflammation,low,-2.0,hard,-0.41336217113706136,0.11400368303733532,0.8163936409485424,0.23142521926780257,-2.0,0.2690384492551902,1.3451312969059706,0.6750683601104732
do_inflammation_low_0044,do_inflammation_low,inflammation,low,-2.0,hard,-0.05159326931869196,0.46555102619605465,0.46989972483710946,0.03027879267634037,-2.0,-0.2617452598732069,0.679096318672658,0.5349400093500327
do_inflammation_low_0045,do_inflammation_low,inflammation,low,-2.0,hard,0.30302987789515956,-0.996893259031993,-0.6662745551221589,-1.3984811536258601,-2.0,-0.9354783443570928,1.6852473614834114,1.255363633258406
do_inflammation_low_0046,do_inflammation_low,inflammation,low,-2.0,hard,-0.5356251986595766,-0.4399263721841428,0.21138510730672339,0.6128304276421994,-2.0,0.13985730482494216,1.9339133262341937,2.1486524318196127
do_inflammation_low_0047,do_inflammation_low,inflammation,low,-2.0,hard,0.29101912896211823,-0.07589265034291301,-0.37789233615686213,-0.07012073037475525,-2.0,0.21567625478017088,1.0034915012612828,0.4681758886169589
do_inflammation_low_0048,do_inflammation_low,inflammation,low,-2.0,hard,0.327173710015719,0.0657665321215053,0.014692299220735679,0.06763056608178945,-2.0,0.6054608642197181,1.6079072188124883,0.7275514308488313
do_inflammation_low_0049,do_inflammation_low,inflammation,low,-2.0,hard,0.016629339964861916,-0.10890662777723475,0.9188489038420281,1.0500517182911637,-2.0,0.36272056107044925,1.7685373936537565,2.2109920237214644
do_inflammation_low_0050,do_inflammation_low,inflammation,low,-2.0,hard,-0.01054102408825729,-0.15635085951609265,0.5729498149668724,0.21998537928050232,-2.0,-0.003928272976550851,1.6207127369624224,2.0149606691567197
do_inflammation_low_0051,do_inflammation_low,inflammation,low,-2.0,hard,0.05242509549112859,0.1438955243690544,-0.24878881556719662,0.6595282054031666,-2.0,-0.16980011861692684,2.2097479993945837,2.866100349531041
do_inflammation_low_0052,do_inflammation_low,inflammation,low,-2.0,hard,0.2126593820335353,0.06143614261787367,0.18529743034404156,0.36611980739102756,-2.0,-0.17232176663199134,2.3113600722962273,1.9819250630061511
do_inflammation_low_0053,do_inflammation_low,inflammation,low,-2.0,hard,-0.46461910163851794,-1.5103338839917644,-0.5021719980421453,0.13372508817959128,-2.0,-0.6221715260398999,1.9582811374508793,2.769486108758833
do_inflammation_low_0054,do_inflammation_low,inflammation,low,-2.0,hard,0.07929405668307299,0.298748386482644,0.8202728284290264,0.7700389224705549,-2.0,1.009231615287982,1.4375853234656495,0.5047628532609922
do_inflammation_low_0055,do_inflammation_low,inflammation,low,-2.0,hard,-0.21514570588648294,-0.5322756264737982,-0.7517821882023787,-1.334862510888061,-2.0,-0.578572491371486,1.1474168014451076,1.1441057400999992
do_inflammation_low_0056,do_inflammation_low,inflammation,low,-2.0,hard,0.107338731919173,-0.010683003628294607,-0.12917462726927942,-0.47801665722691744,-2.0,0.6313920971311358,1.4710383691037714,1.3380272574000291
do_inflammation_low_0057,do_inflammation_low,inflammation,low,-2.0,hard,-0.0861064334962544,-0.41466160909396543,-0.4734227723392862,-0.7933192859281718,-2.0,-0.9447033159051152,0.9171351911663806,0.19926906626495766
do_inflammation_low_0058,do_inflammation_low,inflammation,low,-2.0,hard,-0.36457201474810874,-0.7002919486656036,-0.9705945246659384,-1.0794070526919692,-2.0,-1.30371464406472,1.722653884176121,3.281902292421326
do_inflammation_low_0059,do_inflammation_low,inflammation,low,-2.0,hard,0.7892926714678004,1.1277101369459999,1.4837870129649708,0.9216570356194598,-2.0,1.7118029676246522,0.7652684039264768,-0.9791302260749806
do_inflammation_low_0060,do_inflammation_low,inflammation,low,-2.0,hard,-0.1577002169413558,-0.9060168379293291,-1.1850646193376146,-2.1315399478167434,-2.0,-1.1899112178411402,1.7787485198405844,2.2125688021431182
do_inflammation_low_0061,do_inflammation_low,inflammation,low,-2.0,hard,0.711442080228261,-0.4633467660406569,-0.22200511548322605,-1.2839102379721798,-2.0,-0.18625760762979654,0.7897933005230862,0.3257967520350661
do_inflammation_low_0062,do_inflammation_low,inflammation,low,-2.0,hard,-1.0126266276226512,-0.4140538796002214,0.1832115511786105,-0.3908795550652554,-2.0,-1.1029676823436836,2.0179060098872696,3.22391150563323
do_inflammation_low_0063,do_inflammation_low,inflammation,low,-2.0,hard,-0.15943264772520857,0.16468084362904278,1.2223922768058317,1.0356983801116868,-2.0,0.915479077740906,1.8530314385948605,0.8309223027254915
do_inflammation_low_0064,do_inflammation_low,inflammation,low,-2.0,hard,0.00505539933893795,-0.6899237917524151,0.005624082264010122,0.21839976207304496,-2.0,-0.5270600128863453,-0.08925119045852914,-0.7052806889606593
do_inflammation_low_0065,do_inflammation_low,inflammation,low,-2.0,hard,0.0017230674329896428,0.48330713821149646,0.049278451658747,-0.3181695314719873,-2.0,-0.7335880533650463,1.4341752599601676,1.2368092547266711
do_inflammation_low_0066,do_inflammation_low,inflammation,low,-2.0,hard,-0.46334166831673745,-0.15141265399858683,0.8681020319215742,0.7334779750593247,-2.0,-0.686706893734942,0.32306603903612263,0.22491935631439364
do_inflammation_low_0067,do_inflammation_low,inflammation,low,-2.0,hard,0.2325994891871468,-0.15566968899093384,0.6580012184012712,0.4756212042389947,-2.0,0.13640314886259833,0.9574770979252966,1.2112700728632766
do_inflammation_low_0068,do_inflammation_low,inflammation,low,-2.0,hard,-0.2894675388163667,0.5406199312311716,0.9267644418878864,0.8528812065034677,-2.0,0.006228133172429984,0.8816070566392524,-1.0877613429545523
do_inflammation_low_0069,do_inflammation_low,inflammation,low,-2.0,hard,0.9629359048162188,1.1291852522167738,0.2586830856089761,0.6865956991976576,-2.0,0.97314365149294,0.23009334690179573,-0.3630956880042268
do_inflammation_low_0070,do_inflammation_low,inflammation,low,-2.0,hard,0.7173789527559481,0.8742305881525927,0.7865192124554407,1.493800685614823,-2.0,1.6496780650914165,1.558220138541751,0.3257610252775241
do_inflammation_low_0071,do_inflammation_low,inflammation,low,-2.0,hard,0.344510516849164,1.2131081113936666,2.1726422134804446,1.1083167663162536,-2.0,0.9416943108506961,1.394750747667531,0.7842169053848073
do_inflammation_low_0072,do_inflammation_low,inflammation,low,-2.0,hard,-0.5643342292594492,-0.07259450362427122,0.1990529030562724,-0.3404634286371316,-2.0,-0.19247665485425924,1.4598798603492167,1.354285486926766
do_inflammation_low_0073,do_inflammation_low,inflammation,low,-2.0,hard,0.03341045736816259,-0.13325832679682265,-0.3274651322492542,-0.2766974681409332,-2.0,0.13742262926361515,2.106651071131904,1.899732277029077
do_inflammation_low_0074,do_inflammation_low,inflammation,low,-2.0,hard,-0.3696052675269443,0.28155837665089634,0.24402892031916357,-0.3729314189564847,-2.0,-0.2824180655562593,0.8250111159208467,1.2169593482557424
do_inflammation_low_0075,do_inflammation_low,inflammation,low,-2.0,hard,-0.5148000612158891,-0.15744510012442084,0.4924348346237377,1.253369427466012,-2.0,0.029752685955073244,1.6774487479290519,2.8356953546982795
do_inflammation_low_0076,do_inflammation_low,inflammation,low,-2.0,hard,-0.5184536567918528,-1.027419862173848,-1.3998420401359637,-0.800117486268927,-2.0,-0.3307363830127514,1.241884932386876,2.336666129895866
do_inflammation_low_0077,do_inflammation_low,inflammation,low,-2.0,hard,-0.30446462893302895,-1.278012986800166,-1.6405089859192743,-1.831678385639559,-2.0,-0.2992326248686654,2.0944936141966988,1.9890577232470334
do_inflammation_low_0078,do_inflammation_low,inflammation,low,-2.0,hard,0.47601259434805027,0.8017799688872869,0.5634714363779336,0.7225451881152427,-2.0,0.058754169963775194,0.5437269139909973,1.0698855517800026
do_inflammation_low_0079,do_inflammation_low,inflammation,low,-2.0,hard,0.003297317083980605,-0.6818927107292524,-1.3844487455742218,-1.571040664749316,-2.0,-0.682725651525432,1.5362097988515715,1.7348627905061282
do_inflammation_low_0080,do_inflammation_low,inflammation,low,-2.0,hard,0.003091957161990342,0.2890470316570333,-0.1321072516565261,-0.31107253688765074,-2.0,0.7210082249638623,2.040483325611887,1.0589515183515796
do_inflammation_low_0081,do_inflammation_low,inflammation,low,-2.0,hard,-0.04527356349643389,-0.9041706482677155,-1.4760176629263784,-0.45372208245836754,-2.0,0.02967187918536826,1.9109404374537262,1.8319662760016429
do_inflammation_low_0082,do_inflammation_low,inflammation,low,-2.0,hard,0.48157309538101933,0.7909415152316656,0.7500927776084236,0.16108397658696394,-2.0,0.4310960546971685,1.2410943701383508,0.7731978879301444
do_inflammation_low_0083,do_inflammation_low,inflammation,low,-2.0,hard,1.4288466203227494,0.7517976058426501,0.14475015803157276,-0.7120391810813447,-2.0,-0.4570333631136032,0.9359838044617881,1.3524598285808525
do_inflammation_low_0084,do_inflammation_low,inflammation,low,-2.0,hard,0.905547661150661,0.9144988966591612,0.8006227575035204,0.521252351743322,-2.0,1.1717816926076794,1.1386278344704366,0.7701385655328581
do_inflammation_low_0085,do_inflammation_low,inflammation,low,-2.0,hard,-0.8407529800099532,-0.4720393176056179,-0.12943253838373175,0.5635509315395294,-2.0,-0.20884628260612037,2.021138954770081,1.4372529267253424
do_inflammation_low_0086,do_inflammation_low,inflammation,low,-2.0,hard,0.749585185868232,1.1838560565302227,0.9454993254431215,0.6000190068268638,-2.0,0.6716304466587275,0.9402523643976801,0.7033853007933151
do_inflammation_low_0087,do_inflammation_low,inflammation,low,-2.0,hard,-0.3574568775592469,-0.39471970428945446,-0.5579149642497062,0.10714207966150763,-2.0,-0.9734989788599073,0.7888725181453817,1.6253088023933455
do_inflammation_low_0088,do_inflammation_low,inflammation,low,-2.0,hard,0.18045749557281687,-0.2814041766161697,-0.005215432668591036,-0.5534480656826454,-2.0,-0.5626757612235929,1.4047604166822003,0.8883519154895825
do_inflammation_low_0089,do_inflammation_low,inflammation,low,-2.0,hard,0.12685143891052145,0.8291868493695631,1.515487751652261,2.2451202189949204,-2.0,2.4011547176179446,1.4558120852572705,1.3312626273538068
do_inflammation_low_0090,do_inflammation_low,inflammation,low,-2.0,hard,-0.390877124421005,-1.091317339703815,-0.651260731132453,-0.42184732871509384,-2.0,-0.6987757906124524,1.7874209374871324,1.3232736811249914
do_inflammation_low_0091,do_inflammation_low,inflammation,low,-2.0,hard,-0.20777158339089788,-0.588761372306989,-0.5464132830647102,-0.7994005895241024,-2.0,-0.8823220935990707,1.3865879523999805,3.075865124819008
do_inflammation_low_0092,do_inflammation_low,inflammation,low,-2.0,hard,0.1363197851710323,-0.26707499979656907,0.1182586691724927,-0.6474243093068625,-2.0,-0.8658477666587773,1.095620565401747,1.8888881468248968
do_inflammation_low_0093,do_inflammation_low,inflammation,low,-2.0,hard,-0.6116568869296914,-0.8055560018987994,-0.8866373419851061,-1.0097904126808739,-2.0,-0.35087049821719923,2.4309337770807478,2.3432320024705082
do_inflammation_low_0094,do_inflammation_low,inflammation,low,-2.0,hard,-0.3767304195787057,0.210819904540044,-0.26947804163428163,-0.04993614889177593,-2.0,-0.17101278879893925,1.2739160487550214,1.04450281752569
do_inflammation_low_0095,do_inflammation_low,inflammation,low,-2.0,hard,0.2894409501330208,0.9791893781494998,1.3785125708586305,1.0858204631899822,-2.0,0.8978313655042705,0.862647979926114,-0.5315782337714148
do_inflammation_low_0096,do_inflammation_low,inflammation,low,-2.0,hard,1.1837822319033569,2.1017145404854047,2.2696702574217897,2.798845296709015,-2.0,2.2144524531478194,0.9621481733911831,-0.15596621449510567
do_inflammation_low_0097,do_inflammation_low,inflammation,low,-2.0,hard,0.2642080245334413,-0.2735642835498562,0.30341620114601253,0.4158444248384978,-2.0,0.14224689297367932,2.284253042813854,2.0610284080299293
do_inflammation_low_0098,do_inflammation_low,inflammation,low,-2.0,hard,-0.7805696457881062,-0.39352425920146183,-0.8544224688232369,-0.14465172452429492,-2.0,-0.7010011261616081,2.0048115377244096,2.971584960366826
do_inflammation_low_0099,do_inflammation_low,inflammation,low,-2.0,hard,0.1289023971584708,-0.3208226109664687,-0.08862789147848951,-0.888015505209002,-2.0,0.7131692145217616,1.4450977744030573,1.1875447487115849
do_inflammation_high_0000,do_inflammation_high,inflammation,high,2.0,hard,0.5485979525930321,0.6563314857891651,0.9579379799225343,0.4837901861915076,2.0,0.009638288770797254,-1.7162504730095043,-2.400527281902032
do_inflammation_high_0001,do_inflammation_high,inflammation,high,2.0,hard,-0.24578636576637275,-0.7961293240742247,-1.0477184094901804,-0.7846988625786497,2.0,-0.12249957993083355,-0.8135935992581943,-0.7829726805558761
do_inflammation_high_0002,do_inflammation_high,inflammation,high,2.0,hard,0.08201138635640728,0.26998710837849277,-1.110629813181816,-0.5517140461925447,2.0,0.3441932522200589,-0.9418893817582255,-0.7454595475306305
do_inflammation_high_0003,do_inflammation_high,inflammation,high,2.0,hard,-0.18390185675166795,0.24658948763621427,0.7231085129237238,0.5595141096764783,2.0,0.23229291622419057,-1.232575174098399,-0.7710044838386598
do_inflammation_high_0004,do_inflammation_high,inflammation,high,2.0,hard,-0.548298528920328,-0.0009306561905541577,0.19241110564595817,-0.826444461637726,2.0,-0.41142162651567715,-0.7696521699711371,-0.8166101404508241
do_inflammation_high_0005,do_inflammation_high,inflammation,high,2.0,hard,-0.6541363436070642,0.45125695048151604,1.1194850594373853,1.3158189007270444,2.0,1.006285818501494,-1.3352990299657974,-1.6917522596734114
do_inflammation_high_0006,do_inflammation_high,inflammation,high,2.0,hard,0.1480568955192937,-0.28821926962325206,0.15389806418734492,0.8918316552634331,2.0,0.06739890198797299,-1.840446709267678,-2.1904573166424144
do_inflammation_high_0007,do_inflammation_high,inflammation,high,2.0,hard,0.10711373686026189,-0.16038309715451574,0.7211027396523232,0.8924952780458393,2.0,1.3531040783518162,-0.9012766964344423,-0.6256650429064762
do_inflammation_high_0008,do_inflammation_high,inflammation,high,2.0,hard,0.9942017140348556,1.9015061557346877,1.1091617540292704,2.1481286223707428,2.0,1.5172558430096084,-1.3305265702387044,-1.5298069135621515
do_inflammation_high_0009,do_inflammation_high,inflammation,high,2.0,hard,-0.43546448872394483,-0.15050503739132182,0.49023370066786864,-0.1611717960705466,2.0,-0.2495060179229672,-0.5773524010987315,0.32818951956796344
do_inflammation_high_0010,do_inflammation_high,inflammation,high,2.0,hard,0.5539723200164229,0.18752379624388057,0.12107238069440786,-0.3087269615899395,2.0,-0.16805998785330764,-1.0901425882227818,-0.8976262546200849
do_inflammation_high_0011,do_inflammation_high,inflammation,high,2.0,hard,-0.05453456008844101,0.26511209723000756,0.5932279174631071,0.5254334907927309,2.0,0.7312611993548752,-0.7421575823025582,-0.7084049622078221
do_inflammation_high_0012,do_inflammation_high,inflammation,high,2.0,hard,0.2212154818166436,0.14176417846287948,0.8347774092056722,1.1077063481213185,2.0,0.543850103020632,-2.2612528439537884,-2.1861624256651617
do_inflammation_high_0013,do_inflammation_high,inflammation,high,2.0,hard,-0.7018224446124901,-0.27576933049812813,-0.5485473226128366,-0.3194826518767994,2.0,-0.9099050326625528,-1.0435219475726363,-1.035318756614343
do_inflammation_high_0014,do_inflammation_high,inflammation,high,2.0,hard,-0.16933626688161652,0.12406110775199564,-0.4690142192691393,-0.3940548064090104,2.0,-0.14635744789192276,-0.8143289254194002,-0.4394374225800358
do_inflammation_high_0015,do_inflammation_high,inflammation,high,2.0,hard,-0.23313607923620885,1.2728859664362118,1.8242838706978017,0.9491070219798766,2.0,0.4989655197578355,-0.6849408945438253,-1.6122122893052024
do_inflammation_high_0016,do_inflammation_high,inflammation,high,2.0,hard,0.5481452093532002,0.0015026768841951421,-0.2131481290165563,-0.2560807760925783,2.0,0.7995473232568816,-1.6880275774475653,-1.283700912823523
do_inflammation_high_0017,do_inflammation_high,inflammation,high,2.0,hard,0.11943244719895099,0.7239225457645714,1.147545165799269,0.4450044569654097,2.0,1.1215431500965507,-1.3412074533396097,-2.3282335345398737
do_inflammation_high_0018,do_inflammation_high,inflammation,high,2.0,hard,-0.23137931973044645,-0.2671105456146942,-0.4790090893840936,-0.3895981604817071,2.0,0.25129403822995533,-1.493475761348031,-1.9454313696679129
do_inflammation_high_0019,do_inflammation_high,inflammation,high,2.0,hard,0.6467243458794484,0.6908419560265783,1.1564688662002727,1.0449397774618925,2.0,-0.5099218753237804,-1.6412174094664034,-1.622147976361374
do_inflammation_high_0020,do_inflammation_high,inflammation,high,2.0,hard,-1.0518625896089777,-0.07891604229063964,-0.7463557470785461,-0.5848725283993028,2.0,-0.8755888817691421,0.05408534594587788,0.23292076387498345
do_inflammation_high_0021,do_inflammation_high,inflammation,high,2.0,hard,-0.1715765361710947,-0.07759530768389844,-0.09943724984441106,-0.03099963396829292,2.0,0.37982174952644554,-0.5360885133882998,-0.7756293246929987
do_inflammation_high_0022,do_inflammation_high,inflammation,high,2.0,hard,-0.4685344477282501,0.15882186200324783,0.38150323561867405,1.0694066348847189,2.0,0.5240122098006649,-0.5925503134472125,-0.5943312454519476
do_inflammation_high_0023,do_inflammation_high,inflammation,high,2.0,hard,-0.8042934003535682,0.14892441139860813,-0.07516014998456594,-0.10080773943142221,2.0,-0.15238998481352523,-1.845085263265663,-3.0985641350402577
do_inflammation_high_0024,do_inflammation_high,inflammation,high,2.0,hard,0.6719371534620491,-0.5699702584783626,-0.8228771699967201,-1.4355014646730597,2.0,-0.6265691584291314,-2.0921042612711647,-2.20275778837551
do_inflammation_high_0025,do_inflammation_high,inflammation,high,2.0,hard,-0.04062488112029662,0.4703436032893717,0.8838426141913476,0.7233002903876439,2.0,0.7677282985698788,-1.5104863476113095,-1.8183466540276836
do_inflammation_high_0026,do_inflammation_high,inflammation,high,2.0,hard,0.3078986286026141,0.17820574043042003,0.5328331466186209,0.08280293973085717,2.0,0.6755955149057793,-1.3053781509345768,-2.1536079837623716
do_inflammation_high_0027,do_inflammation_high,inflammation,high,2.0,hard,-0.07614724812891048,0.36268158994449706,0.6930691600566816,1.34791239954306,2.0,1.0246497247350548,-1.4212174665510635,-2.259262363574717
do_inflammation_high_0028,do_inflammation_high,inflammation,high,2.0,hard,0.321593647325616,-0.7258511546735016,-0.7646762232617005,-0.9188499878850134,2.0,-1.1470577841050185,-1.5799117985637372,-0.6900364181767903
do_inflammation_high_0029,do_inflammation_high,inflammation,high,2.0,hard,-0.09829351629098758,-0.22761075466266673,-0.7349625169496184,-1.4175773314198936,2.0,-0.9713579286087662,-1.634396655791434,-1.3913711854881974
do_inflammation_high_0030,do_inflammation_high,inflammation,high,2.0,hard,-0.5712303800638744,-0.26272928899141057,-0.11908763134626245,0.0023877292517905744,2.0,-0.6271419990081271,-0.9760785793788219,-0.9196850989363683
do_inflammation_high_0031,do_inflammation_high,inflammation,high,2.0,hard,-0.47956589888666196,-0.9871457797278527,-1.6302523783765221,-2.13963685122731,2.0,-1.4013965962106916,-1.9893928717432223,-0.8398738803548799
do_inflammation_high_0032,do_inflammation_high,inflammation,high,2.0,hard,0.09742659014283687,0.22353707900300118,-0.5562035849458251,0.4041377369294923,2.0,-0.19119998654222364,-1.5286940591362845,-1.640890314515564
do_inflammation_high_0033,do_inflammation_high,inflammation,high,2.0,hard,0.11104065495365091,0.523137974535468,0.4192889975293649,0.6369002678977838,2.0,0.5520269956529158,-1.0002359053345016,-0.45675092209295265
do_inflammation_high_0034,do_inflammation_high,inflammation,high,2.0,hard,-0.3679982992360607,-0.15210126970304633,-0.7045439417811578,-0.10452467156278039,2.0,-1.2589318298484842,-0.611174443693846,0.31893371139913296
do_inflammation_high_0035,do_inflammation_high,inflammation,high,2.0,hard,0.5530554798443132,-0.3219154151755703,-1.0159108035819036,-1.0131724658146175,2.0,-0.440781480720145,-1.205169480460679,-0.9835051559857725
do_inflammation_high_0036,do_inflammation_high,inflammation,high,2.0,hard,-0.19217356984744505,0.13998894857262906,-0.3947355958496575,-0.6117399802925023,2.0,-0.7200636816820886,-0.8900853127281251,-1.1131035584497342
do_inflammation_high_0037,do_inflammation_high,inflammation,high,2.0,hard,-0.3985940865729141,-0.4009733797943734,-0.4202015755629126,-0.04909998961170775,2.0,-0.4004740143010944,-1.1933097957521754,-0.7418687926305799
do_inflammation_high_0038,do_inflammation_high,inflammation,high,2.0,hard,0.1681290753125773,0.31934615316107057,0.8013441513686423,0.29555489443211036,2.0,0.5471960399213336,-0.9412355170138618,-1.9952961275056302
do_inflammation_high_0039,do_inflammation_high,inflammation,high,2.0,hard,-0.18897970505947997,0.002565109167265295,0.2787040255501615,0.023560800161671724,2.0,0.08986339084433703,-1.5525670248407202,-1.4651221780698942
do_inflammation_high_0040,do_inflammation_high,inflammation,high,2.0,hard,-0.14791328365237888,-0.6516647621078205,0.42423752312950347,-0.348226846335664,2.0,-0.25923308132316714,-1.756006551082343,-2.159467900235246
do_inflammation_high_0041,do_inflammation_high,inflammation,high,2.0,hard,-1.1723611837239964,-0.5936705920673275,-0.287538583942059,0.3585532793236594,2.0,0.4630587615184172,-1.1424788376001969,-0.9344399635364818
do_inflammation_high_0042,do_inflammation_high,inflammation,high,2.0,hard,0.38682210571678166,0.07830112108100612,0.06830335815949029,0.6039466685698072,2.0,1.199299309249772,-1.6509912341418285,-2.644269984872148
do_inflammation_high_0043,do_inflammation_high,inflammation,high,2.0,hard,0.3105405331673608,0.3498176653141454,0.295366536098967,0.5226875533958404,2.0,0.45309903924493466,-2.3093948141858798,-2.7629971774190363
do_inflammation_high_0044,do_inflammation_high,inflammation,high,2.0,hard,-0.4221314542062386,0.1255770033989672,0.25798346198416156,0.28228756142079786,2.0,-0.27952237639992517,-1.1495492681623205,-0.6820109653686827
do_inflammation_high_0045,do_inflammation_high,inflammation,high,2.0,hard,0.886376534411786,1.1986790371142866,0.8720427821765961,1.4483874109089734,2.0,1.222662862996602,-1.7837415795806786,-3.0959897747685385
do_inflammation_high_0046,do_inflammation_high,inflammation,high,2.0,hard,0.07320235700725466,0.28145607819675855,-0.5041373061492262,-0.7546780349130755,2.0,-1.2203260058586274,-1.9821766666534437,-1.1054827196196502
do_inflammation_high_0047,do_inflammation_high,inflammation,high,2.0,hard,0.3352723153231875,0.16540710059724942,-0.18581927475279258,0.5023347314987858,2.0,-0.14761128480874897,-1.8689047466523832,-1.557702789122
do_inflammation_high_0048,do_inflammation_high,inflammation,high,2.0,hard,0.5010535909500917,0.6696394121458662,0.6061982634809444,1.4342073590247426,2.0,1.1744201095017437,-2.1261278394101537,-2.7818752300863467
do_inflammation_high_0049,do_inflammation_high,inflammation,high,2.0,hard,-0.014164284697329818,0.9371291549198443,0.7862841815976263,0.18385418326792513,2.0,0.159497539964886,-0.9314546497344509,-1.052538288682466
do_inflammation_high_0050,do_inflammation_high,inflammation,high,2.0,hard,0.14025604726155158,-0.08564002750702107,-0.03241553510999181,-0.7571955502787224,2.0,-1.035608377439861,-1.8080655815660651,-1.431168132804487
do_inflammation_high_0051,do_inflammation_high,inflammation,high,2.0,hard,-0.36908702604111854,0.24744639682827357,-0.5015001236710284,-0.31666579233342035,2.0,-0.017852816180595532,-1.6738195283080561,-1.5449335090752225
do_inflammation_high_0052,do_inflammation_high,inflammation,high,2.0,hard,0.14316581869205733,0.8168600853617815,0.12299275146485933,-0.19826140898885702,2.0,-0.1071020268743768,-1.3474340984744613,-1.7665349517210385
do_inflammation_high_0053,do_inflammation_high,inflammation,high,2.0,hard,0.2699519574490276,-0.19152734998561147,0.7775503596406896,0.6472886081711391,2.0,0.7486675452049458,-2.2299901584037283,-1.8109453360660248
do_inflammation_high_0054,do_inflammation_high,inflammation,high,2.0,hard,-0.10361087610243748,-0.6089949591182331,-1.132837056650453,-1.1797271227411543,2.0,-0.1205708665884726,-1.5714805989072418,-1.6849561811667977
do_inflammation_high_0055,do_inflammation_high,inflammation,high,2.0,hard,-0.13054275618466146,-0.38958217810459417,-0.41931151332398164,-0.23894892252095065,2.0,-0.8209902600511736,-1.293148342879957,-0.3814983277777515
do_inflammation_high_0056,do_inflammation_high,inflammation,high,2.0,hard,0.6276435307770499,0.08356600117847479,0.31470861555201723,1.0574921582544068,2.0,-0.26205653493040537,-1.733171428587413,-2.610028545604612
do_inflammation_high_0057,do_inflammation_high,inflammation,high,2.0,hard,0.814553219030693,0.1564650598441163,0.44616025132856685,-0.16333331025288159,2.0,0.2067658763236005,-1.4422896030024552,-0.91835587938528
do_inflammation_high_0058,do_inflammation_high,inflammation,high,2.0,hard,0.776910934162737,0.8956674844828378,0.5705599961300561,0.24969031362978494,2.0,0.19331610084688317,-0.43574537660625,-1.465949357214811
do_inflammation_high_0059,do_inflammation_high,inflammation,high,2.0,hard,0.3796409205143423,1.0674790541686119,0.45108956729019345,0.05550645167579049,2.0,0.4309794019379991,-1.843772370858017,-1.485295554618547
do_inflammation_high_0060,do_inflammation_high,inflammation,high,2.0,hard,0.4590217081123701,-0.032541998868142186,-0.1598805265504713,0.13588433056621135,2.0,-0.22665537710393713,-1.1300170467373265,-1.4387069447058165
do_inflammation_high_0061,do_inflammation_high,inflammation,high,2.0,hard,0.18957171913571977,0.3161112105850019,0.12968627971604782,-0.04163036477166804,2.0,0.047940639200723896,-0.5523314122678454,0.4945065607139131
do_inflammation_high_0062,do_inflammation_high,inflammation,high,2.0,hard,-0.27420533149832904,-0.40728531113121275,-0.6133693442748563,0.570806948777493,2.0,-0.7237481142792599,-2.2542504185798498,-1.9667674511289135
do_inflammation_high_0063,do_inflammation_high,inflammation,high,2.0,hard,0.19125018753224102,-0.48890250857308615,0.892536428127244,0.1866733681625004,2.0,0.027800432038733974,-1.227599301737653,-0.6374885602086162
do_inflammation_high_0064,do_inflammation_high,inflammation,high,2.0,hard,-0.2539298556725834,0.38970084414370526,0.06724808637141605,0.7343223971775616,2.0,0.9675143732034557,-1.0004124819685745,-0.32734761964742587
do_inflammation_high_0065,do_inflammation_high,inflammation,high,2.0,hard,0.09995950206237476,1.1803209247947628,2.1342836487057664,2.9371534821382337,2.0,1.3348400336807795,-1.0052842732923841,-2.555347475952866
do_inflammation_high_0066,do_inflammation_high,inflammation,high,2.0,hard,-0.6181108967171524,0.5005955101102999,-0.2156461163083464,0.7024771013211898,2.0,0.09177509821377047,-1.4194593973286405,-1.9631382866557643
do_inflammation_high_0067,do_inflammation_high,inflammation,high,2.0,hard,-0.03633951307536987,-0.38855923027690153,-1.0804531812381546,-1.0591848064335436,2.0,-0.5546423633046443,-1.5157098549705397,-0.8483124728482139
do_inflammation_high_0068,do_inflammation_high,inflammation,high,2.0,hard,0.11017588103719025,0.1790436585651654,0.2871623069519296,-0.40101822782121627,2.0,-0.5372950254120583,-1.64559528505994,-1.4911637586800326
do_inflammation_high_0069,do_inflammation_high,inflammation,high,2.0,hard,-0.038317098484384964,-0.4112662242049119,0.3940354183781097,0.3576937244279371,2.0,0.5886775330901513,-1.550423760402847,-1.8224361947858436
do_inflammation_high_0070,do_inflammation_high,inflammation,high,2.0,hard,0.2872427228649841,0.5030800239959337,0.3723045835298681,1.1470725975611824,2.0,0.42809585707754444,-1.871207565153051,-1.2562488811891732
do_inflammation_high_0071,do_inflammation_high,inflammation,high,2.0,hard,-0.2689116634145704,0.27404075792180915,-0.05774069141193572,0.5489776605386865,2.0,-0.08361302182531388,-1.4778924887491374,-0.5545202580250447
do_inflammation_high_0072,do_inflammation_high,inflammation,high,2.0,hard,-0.1280068714569969,-0.4621734444743141,-0.017095593013636612,-0.038898596457572904,2.0,0.2463125026611322,-1.2959528207525346,-1.6323019340934994
do_inflammation_high_0073,do_inflammation_high,inflammation,high,2.0,hard,0.15559044214186765,0.9692166663729457,0.9715318969679193,1.2895003043539885,2.0,0.21487136496976422,-1.3459493553781419,-1.2327992824146001
do_inflammation_high_0074,do_inflammation_high,inflammation,high,2.0,hard,0.6109155817096903,0.5793362123863876,0.3895138706915211,0.5406218497611492,2.0,0.9730976113149936,-1.1328014172878005,-1.30596931094105
do_inflammation_high_0075,do_inflammation_high,inflammation,high,2.0,hard,-0.006772473201822715,-1.3143214982677007,-0.5841310478839169,-0.6698986167331565,2.0,0.30733793205694093,-1.3767514806995718,-0.4993615462863782
do_inflammation_high_0076,do_inflammation_high,inflammation,high,2.0,hard,0.3116689834947716,-0.15898208866399988,0.33131923143204645,-0.5821288728818278,2.0,-0.39169695943238203,-2.3156945308798367,-2.502520185886096
do_inflammation_high_0077,do_inflammation_high,inflammation,high,2.0,hard,0.0789496879029133,0.50312857532529,-0.48774473771913496,0.10106365252502375,2.0,0.5411389955816764,-2.2804648831748473,-2.4778888871213733
do_inflammation_high_0078,do_inflammation_high,inflammation,high,2.0,hard,0.2776138165815644,0.41918600414602636,1.002681255794773,1.085131110654326,2.0,0.9465723916037261,-1.9104585482747385,-2.2423971741661974
do_inflammation_high_0079,do_inflammation_high,inflammation,high,2.0,hard,0.6075233623864624,0.3083276971326778,0.23612012429638862,0.14020958831777386,2.0,0.38031341699515053,-1.7269367021958006,-1.9634907694863855
do_inflammation_high_0080,do_inflammation_high,inflammation,high,2.0,hard,0.41319227172379597,0.14284907264654922,0.24110983951415227,0.6401886062670572,2.0,0.10440933546488751,-1.676166745644239,-1.5846478023977018
do_inflammation_high_0081,do_inflammation_high,inflammation,high,2.0,hard,-0.25007701737302834,-0.4738872974144078,-0.5826144529291505,-0.3856544523098867,2.0,-0.21355043926809375,-1.4019133862761415,-0.4923965414572242
do_inflammation_high_0082,do_inflammation_high,inflammation,high,2.0,hard,0.2139855983560956,-0.9374162972230067,-1.1649899238916674,-2.1937373743604756,2.0,-0.826237260918844,-1.8166999447614822,-0.8053582290902364
do_inflammation_high_0083,do_inflammation_high,inflammation,high,2.0,hard,-0.6834455369277782,-0.48937413312209976,-0.22501085179121963,-1.325193314441592,2.0,-0.8428927237650508,-1.7764211851470437,-1.3736336656593404
do_inflammation_high_0084,do_inflammation_high,inflammation,high,2.0,hard,0.09599263201890582,0.22154944097735155,-0.17903308654514163,0.14794060000646425,2.0,0.4744674705308245,-1.5800530840112863,-1.6674934174005211
do_inflammation_high_0085,do_inflammation_high,inflammation,high,2.0,hard,0.7410357523247788,0.8915882352364103,0.9727241888200393,0.6132413963484173,2.0,1.2166768121788385,-1.3518745384965967,-1.813852497366602
do_inflammation_high_0086,do_inflammation_high,inflammation,high,2.0,hard,-0.032105134175622406,0.03689030603280219,1.4999031120775765,1.1373823231584523,2.0,-0.5572854655458416,-1.4951761369872254,-1.5365438278964174
do_inflammation_high_0087,do_inflammation_high,inflammation,high,2.0,hard,0.13567630535736477,0.06216678022904288,0.1293039646287184,0.3726391903451282,2.0,-0.33741887610200205,-1.3742002810423903,-1.243268056403343
do_inflammation_high_0088,do_inflammation_high,inflammation,high,2.0,hard,0.17490120947111765,0.5784155666086799,0.31623510288143614,0.6610292561746747,2.0,0.6249742706220267,-1.0473919904755147,-1.8793577323188044
do_inflammation_high_0089,do_inflammation_high,inflammation,high,2.0,hard,0.09853480218459115,0.08904381886847709,-0.7941306052688796,0.04184889399080738,2.0,0.8571735471596946,-1.0305087814683127,-1.3590050626627246
do_inflammation_high_0090,do_inflammation_high,inflammation,high,2.0,hard,-0.641243162345892,-0.3868860706283621,0.19063284177764722,0.18677647254826887,2.0,-1.1003795549601985,-1.019316823515073,-0.5321835286449476
do_inflammation_high_0091,do_inflammation_high,inflammation,high,2.0,hard,-0.037149046668838885,-0.6525025346987018,-1.6576906340579007,-0.33397249114731453,2.0,-0.11630042433211311,-0.9636403060283263,-0.8432221468656981
do_inflammation_high_0092,do_inflammation_high,inflammation,high,2.0,hard,0.11042355386535407,0.06963770603642029,-0.7812758073752148,-0.2832536777302396,2.0,0.034362519228163343,0.07149043685406165,0.8306136994271544
do_inflammation_high_0093,do_inflammation_high,inflammation,high,2.0,hard,0.36190149906785263,0.4506340706031975,0.3434093871690612,1.442692077256985,2.0,1.935776492045334,-1.6448530577514053,-2.4480007510741006
do_inflammation_high_0094,do_inflammation_high,inflammation,high,2.0,hard,-0.1637586562670836,-0.46771648988526465,-0.2181697349373006,0.14897070499539505,2.0,0.3426092761814277,-1.987534839230879,-2.0661238642450748
do_inflammation_high_0095,do_inflammation_high,inflammation,high,2.0,hard,0.5157720960816505,0.9542647856383744,1.1970099506086302,0.730593981250804,2.0,0.7382858297815048,-1.2991122809920324,-2.4693823865215907
do_inflammation_high_0096,do_inflammation_high,inflammation,high,2.0,hard,-0.45173170673449564,0.5181693111304988,1.2431758197220166,1.2936578242027654,2.0,0.830210678664708,-1.4960884197021644,-2.0748704911133866
do_inflammation_high_0097,do_inflammation_high,inflammation,high,2.0,hard,0.27478134856391834,0.9564066261195906,1.7691879197931804,1.6275032280826365,2.0,0.15437107728225097,-1.0326099583119264,-0.6440999633138443
do_inflammation_high_0098,do_inflammation_high,inflammation,high,2.0,hard,-0.041121787065508945,0.5081547780619148,0.4687410889163334,1.1493233684607498,2.0,0.7849333085187817,-2.096119948559382,-1.725584393687511
do_inflammation_high_0099,do_inflammation_high,inflammation,high,2.0,hard,-1.3500720302840243,-0.7852095485389141,-0.1130318269877355,-0.020768512864433847,2.0,-1.102220144485747,-0.8034229846023013,0.3338321646699639
do_side_effects_low_0000,do_side_effects_low,side_effects,low,-2.0,hard,0.2461267888191978,-0.3334695650395596,-0.20028678076241696,-0.18207537499944473,-0.9861512949033321,-2.0,1.3388169100615703,1.55611659922606
do_side_effects_low_0001,do_side_effects_low,side_effects,low,-2.0,hard,0.26980157549186595,-0.2895407922987838,-0.42555421381100805,-0.576674253511933,0.7159141600620446,-2.0,0.01469263956209399,0.049859281042764825
do_side_effects_low_0002,do_side_effects_low,side_effects,low,-2.0,hard,-0.2627278160698416,-0.9443115012518418,-0.7882032991609972,-0.36554293168807706,-1.07198649922675,-2.0,1.5876258021238405,2.4838242385050213
do_side_effects_low_0003,do_side_effects_low,side_effects,low,-2.0,hard,-0.0840383258238586,-0.3442112575199658,-0.3021849543685813,-0.5116276848245512,0.024370536583662283,-2.0,-0.012536780896906415,0.8930487668230587
do_side_effects_low_0004,do_side_effects_low,side_effects,low,-2.0,hard,0.5919106769638968,0.22718247603752723,0.9323514624661353,0.9821266142849479,0.3836488244585883,-2.0,-0.23285482594511028,0.3349036592744375
do_side_effects_low_0005,do_side_effects_low,side_effects,low,-2.0,hard,0.3866251739214488,0.10324783957370193,-0.3926303748347171,0.3234245813322015,0.492708544508461,-2.0,-1.0540662906439713,-0.4269967129047916
do_side_effects_low_0006,do_side_effects_low,side_effects,low,-2.0,hard,0.30205441558741747,0.777187270802929,1.0217588791900059,0.37648422317128805,0.6846666052339254,-2.0,-0.4839415983848122,0.6373599881306281
do_side_effects_low_0007,do_side_effects_low,side_effects,low,-2.0,hard,0.5486214764608142,0.37988373498251066,-0.15159713544282322,-0.6685058574496962,0.8337375136152816,-2.0,-0.6359357556890569,0.06541425274145365
do_side_effects_low_0008,do_side_effects_low,side_effects,low,-2.0,hard,-0.6269377559573895,-1.0026867891228222,-1.2496492779709798,-1.599140512788594,0.09153749222273716,-2.0,-0.8391686166716776,-0.5346712355589396
do_side_effects_low_0009,do_side_effects_low,side_effects,low,-2.0,hard,-0.8806656702552186,-1.1020217659213087,-1.556931201786257,-1.3339145303744788,1.0559737037849828,-2.0,-0.2818808477203514,0.7581367699435942
do_side_effects_low_0010,do_side_effects_low,side_effects,low,-2.0,hard,0.6529792501721942,-0.11212496143043471,0.07616358112939865,-0.21262010964162384,-0.5319886946191178,-2.0,0.13394520194266288,0.05380278422028284
do_side_effects_low_0011,do_side_effects_low,side_effects,low,-2.0,hard,0.40177795003116296,1.1204493687368913,1.7045592604600128,1.899885929094022,-0.32801595229143843,-2.0,0.050351935814646136,0.5735971740821805
do_side_effects_low_0012,do_side_effects_low,side_effects,low,-2.0,hard,0.136637532069982,0.33502804597714647,0.1271612810619259,0.4429983205004875,0.42069266289694207,-2.0,-0.9592577148278586,-0.6484409073097747
do_side_effects_low_0013,do_side_effects_low,side_effects,low,-2.0,hard,0.11337106235239221,-0.3224567959507635,-0.21801158021357792,-0.32451709758367814,0.6606845542789213,-2.0,-0.7099185246688516,0.4857724875673457
do_side_effects_low_0014,do_side_effects_low,side_effects,low,-2.0,hard,-0.03143940846040164,-0.3858946255045884,-0.5375659559187204,-0.8333361824318883,-0.10833435468370267,-2.0,-0.31148510539423835,0.5972324824975825
do_side_effects_low_0015,do_side_effects_low,side_effects,low,-2.0,hard,-0.22122752842944593,-0.1783941588640603,0.5626034660641868,-0.17074042511717924,-0.4778700594033544,-2.0,1.2096560076512302,1.3238464535756465
do_side_effects_low_0016,do_side_effects_low,side_effects,low,-2.0,hard,0.22041712119144952,0.3414859631889955,0.4206988846302989,0.31795090356251526,-0.2177473566031734,-2.0,0.7464966553630041,0.9515807254760325
do_side_effects_low_0017,do_side_effects_low,side_effects,low,-2.0,hard,-0.9942294309698597,-0.9973960958190354,-0.24772985299457684,0.7542333145246517,-1.8860254041281692,-2.0,2.13423543616919,3.8025056964746087
do_side_effects_low_0018,do_side_effects_low,side_effects,low,-2.0,hard,-0.693524531304819,-0.5251187532546707,-0.7894432854562452,-1.2414662167229507,0.4546620016980222,-2.0,0.5503483933926046,1.623778916126368
do_side_effects_low_0019,do_side_effects_low,side_effects,low,-2.0,hard,0.5429123499536497,0.8807661936018878,0.6328745836539262,0.8093754227341985,-0.025244739901019275,-2.0,0.1676221549508209,0.9892459707699474
do_side_effects_low_0020,do_side_effects_low,side_effects,low,-2.0,hard,0.3351931644458498,0.04330478220279285,0.1902206759977132,-0.06868383523621699,-0.3880988978307714,-2.0,0.5517371788607599,0.2301089029208463
do_side_effects_low_0021,do_side_effects_low,side_effects,low,-2.0,hard,-0.4698811346825353,-0.5575503193658153,-0.42276359153518694,0.1770813004116243,-0.9942198140134367,-2.0,0.9246566088883825,1.4098274572808756
do_side_effects_low_0022,do_side_effects_low,side_effects,low,-2.0,hard,0.17929506978027068,-0.2053531351722859,0.709442301909286,0.48934762892921485,-0.5972048056182101,-2.0,1.0892787118366154,2.1120244433165354
do_side_effects_low_0023,do_side_effects_low,side_effects,low,-2.0,hard,0.11456589381424569,0.9598792774071161,0.4677371663398156,0.4026103472979235,0.3912690714161571,-2.0,0.24610967985912163,0.7243451686209733
do_side_effects_low_0024,do_side_effects_low,side_effects,low,-2.0,hard,-0.18224989609217276,-0.42278807618338377,0.9714034642810995,0.7529283770789394,-0.34374255321578584,-2.0,-0.1997110438292256,0.49668008846824585
do_side_effects_low_0025,do_side_effects_low,side_effects,low,-2.0,hard,0.41921383455853006,-0.41488336424816513,0.15766039576364183,-0.6789764604730482,0.5139126941100971,-2.0,-0.7643565307277271,1.0882945956174275
do_side_effects_low_0026,do_side_effects_low,side_effects,low,-2.0,hard,-0.36991273373927064,-0.3064727345713863,-0.6107820119016903,-0.41216948424599176,-0.08089096805610643,-2.0,-0.09849313587022515,0.8974894931595401
do_side_effects_low_0027,do_side_effects_low,side_effects,low,-2.0,hard,-0.47983758343486166,-0.078804599140259,0.3910805192038464,0.2802170339886307,-0.05425654577086908,-2.0,-0.12308841120966169,0.6503500442463711
do_side_effects_low_0028,do_side_effects_low,side_effects,low,-2.0,hard,-0.35005391351146736,1.227569870552396,2.174246674349135,2.53178195229922,-1.2680263746022031,-2.0,1.8101851749375446,2.672798328807971
do_side_effects_low_0029,do_side_effects_low,side_effects,low,-2.0,hard,0.3465683220788976,0.5390739521714931,0.8343128752830118,1.4456262893989185,0.6556503078965138,-2.0,-0.513625540545988,0.8592222573223687
do_side_effects_low_0030,do_side_effects_low,side_effects,low,-2.0,hard,-0.41099007417705863,0.49243688085904536,-0.1334828126905011,0.4890738064212902,0.1415797829018918,-2.0,-0.31826316438938446,-0.07518028074101107
do_side_effects_low_0031,do_side_effects_low,side_effects,low,-2.0,hard,-0.003058349366977874,-0.8043035926636796,-0.48730112402394177,-0.8287354121078602,-0.18334995957892644,-2.0,0.31244552949308557,1.0902164532221499
do_side_effects_low_0032,do_side_effects_low,side_effects,low,-2.0,hard,0.7390414538565506,0.18898036311505045,-0.2939991631274259,-0.9358022710244749,0.06050466978504221,-2.0,0.7098437649145871,1.5440123518156583
do_side_effects_low_0033,do_side_effects_low,side_effects,low,-2.0,hard,-0.03432230317197756,-0.9333673761070391,-0.18043741402281865,-0.24001622525274408,-0.43243988955937596,-2.0,0.0825686171262365,0.8525459107959987
do_side_effects_low_0034,do_side_effects_low,side_effects,low,-2.0,hard,0.5202018707363095,1.0917792830994357,1.1616412078440863,1.4663490792534912,0.41691330074307303,-2.0,-1.1175623022108532,0.2026532850785202
do_side_effects_low_0035,do_side_effects_low,side_effects,low,-2.0,hard,0.6770739456018576,0.47459902107391305,0.03046131787604378,-0.3193367096792857,0.5198253267537002,-2.0,-0.5002394235470887,0.9004848314592314
do_side_effects_low_0036,do_side_effects_low,side_effects,low,-2.0,hard,0.407836977121452,0.41502258060248165,-0.03099852030792305,0.44679041551533905,0.5967585626646059,-2.0,-1.447686908833475,-0.2028763941929394
do_side_effects_low_0037,do_side_effects_low,side_effects,low,-2.0,hard,0.29314980374647476,0.6456215520202386,0.7562134362392411,0.17595314572311505,0.2858852121643859,-2.0,-0.8904717801978095,-0.14337851462397655
do_side_effects_low_0038,do_side_effects_low,side_effects,low,-2.0,hard,-0.21613519321783536,-0.7446815626911975,-2.119130310088295,-2.1441598717216275,2.0148735374632953,-2.0,-1.105035716912227,-0.10439871879536637
do_side_effects_low_0039,do_side_effects_low,side_effects,low,-2.0,hard,-0.31001788443358164,-0.39886624035159124,-0.4793231638290166,-0.6390910250571694,0.842689115670997,-2.0,0.050005099647951745,1.1254399667947348
do_side_effects_low_0040,do_side_effects_low,side_effects,low,-2.0,hard,-0.033795836979168485,0.3588339399859541,0.09083571250273881,0.7420635294596607,0.317287596359125,-2.0,-0.1943347605167582,1.2261947324477047
do_side_effects_low_0041,do_side_effects_low,side_effects,low,-2.0,hard,0.5300631117734751,0.7061550091623878,1.1633912795249053,1.230633430443872,-0.7676472560966996,-2.0,0.14295682256719808,0.15535632369835095
do_side_effects_low_0042,do_side_effects_low,side_effects,low,-2.0,hard,0.2919790771985724,-0.0569204046143614,0.29796546172013694,-0.019058530099861054,0.36319686053750533,-2.0,-0.429292354495198,-0.27254803135618844
do_side_effects_low_0043,do_side_effects_low,side_effects,low,-2.0,hard,-0.42131997413007194,0.9086699274784769,1.106654045215493,0.9078280857593586,0.4787556445881409,-2.0,0.6251938684606466,1.2096117505943151
do_side_effects_low_0044,do_side_effects_low,side_effects,low,-2.0,hard,0.1253639992868787,-0.8326386243148182,-0.8043869382780962,-1.045138818948136,0.10700041424995535,-2.0,-0.10875981751531374,1.5791832937627461
do_side_effects_low_0045,do_side_effects_low,side_effects,low,-2.0,hard,-0.6160864226202285,-0.3379402005063353,-0.8225846574667264,-0.5605972799028365,-0.8215810546041967,-2.0,1.1421928710346114,1.463484082335409
do_side_effects_low_0046,do_side_effects_low,side_effects,low,-2.0,hard,-0.059534484724072974,-0.27260666914698417,0.3765586078236707,1.0605400696940865,-1.0026071494934246,-2.0,1.2063517440434728,1.9882529933659487
do_side_effects_low_0047,do_side_effects_low,side_effects,low,-2.0,hard,-0.1973367104155274,-1.289479715007509,-1.0696848135083732,-1.2667637792749809,-0.6230945816301068,-2.0,-0.256605606760192,1.3265430062454053
do_side_effects_low_0048,do_side_effects_low,side_effects,low,-2.0,hard,-0.28062226103024246,-1.2566397277469048,-0.4478904570872938,-0.16651868025533767,-1.211521404961972,-2.0,0.8411963443397688,1.7338427812041532
do_side_effects_low_0049,do_side_effects_low,side_effects,low,-2.0,hard,-0.08735919885998294,-0.3424515212242179,-0.681257903477305,-0.9027858871847125,1.4800147583834695,-2.0,-1.8364649360425007,-0.8432569698725423
do_side_effects_low_0050,do_side_effects_low,side_effects,low,-2.0,hard,0.9399594741503811,1.0702317090336324,0.7802222111375567,0.7801142042627358,0.23817295211112538,-2.0,0.5509540256832721,1.5758040495434866
do_side_effects_low_0051,do_side_effects_low,side_effects,low,-2.0,hard,0.7539454055374788,0.5493345239924978,0.726267182600406,1.3767148157464444,-0.1270853572760292,-2.0,0.5916815452553076,1.599152631359178
do_side_effects_low_0052,do_side_effects_low,side_effects,low,-2.0,hard,0.18864132279242674,0.36879052357239805,0.4610280232002442,0.26807504214372013,0.25358153004809997,-2.0,0.0388153325430006,0.5770071112522989
do_side_effects_low_0053,do_side_effects_low,side_effects,low,-2.0,hard,-0.44018219980578593,-0.5854253411472456,-0.8514682455834031,-1.360134146329118,1.1564571925636966,-2.0,-1.0321400478447271,0.3158190119743762
do_side_effects_low_0054,do_side_effects_low,side_effects,low,-2.0,hard,-0.46558488142115206,-0.844462364234019,-0.4781975515399158,-0.18617821107646781,-1.395910484946455,-2.0,1.6845013101619783,3.6509641465618223
do_side_effects_low_0055,do_side_effects_low,side_effects,low,-2.0,hard,-0.0582441062261147,0.15655400205662406,0.25868661094455137,0.23323547374312054,-0.056309258155487124,-2.0,-0.3881715354716752,0.7067842112792397
do_side_effects_low_0056,do_side_effects_low,side_effects,low,-2.0,hard,-0.39855938032142507,0.021256267450842303,-0.24933978367602747,-0.7998834778168769,0.39249155986108386,-2.0,0.30615785517201166,1.3785660184995439
do_side_effects_low_0057,do_side_effects_low,side_effects,low,-2.0,hard,0.798879399289245,0.12351836808572342,-0.125793993671387,0.5697281681005403,-0.4269976449892784,-2.0,-0.371285895734246,1.3273931210781664
do_side_effects_low_0058,do_side_effects_low,side_effects,low,-2.0,hard,0.7721739687368795,1.9129698254245147,1.5413999164250323,0.7704428543744632,1.3356994456446991,-2.0,-1.5317523783515186,-1.5948845163450383
do_side_effects_low_0059,do_side_effects_low,side_effects,low,-2.0,hard,-0.5697700904841474,-1.0938149147350322,-0.5156220364447007,0.6909845680197597,-1.6980583457343144,-2.0,1.6465171610011216,3.0176561359641143
do_side_effects_low_0060,do_side_effects_low,side_effects,low,-2.0,hard,-0.11599114487088874,0.521531637680617,-0.29065254854894174,0.07591963470466342,0.3206495232099784,-2.0,-0.20658221751229391,-0.41563556348694675
do_side_effects_low_0061,do_side_effects_low,side_effects,low,-2.0,hard,0.6255307624553618,-0.2347961210544699,0.014658886266396387,-0.4083149501953116,0.6966788712456019,-2.0,-0.02990154544582868,0.826358476945464
do_side_effects_low_0062,do_side_effects_low,side_effects,low,-2.0,hard,1.0083199001909766,1.0179875138311831,1.0089852077923875,0.5617329303802039,-0.1371672241750509,-2.0,-0.609820602671765,0.08181274050107003
do_side_effects_low_0063,do_side_effects_low,side_effects,low,-2.0,hard,0.245562699450407,0.7534746406249495,-0.19633693064169044,0.38107365080027383,0.23131947510716883,-2.0,0.12490867621000168,1.1850376088447743
do_side_effects_low_0064,do_side_effects_low,side_effects,low,-2.0,hard,-0.09753133979424106,0.29885947343183306,0.19894903689118948,0.21554867208100065,-0.37051405934690823,-2.0,-0.24256591402284294,0.9401513010829172
do_side_effects_low_0065,do_side_effects_low,side_effects,low,-2.0,hard,-0.08065725578345045,-0.3862239748925155,-1.140071680631611,-0.40799685949461273,-0.1932081828218942,-2.0,-0.08232210714874733,0.8995216889203337
do_side_effects_low_0066,do_side_effects_low,side_effects,low,-2.0,hard,0.6227634842470493,0.5386303501634949,1.206223188212437,1.2659762449303418,-0.5132633223742022,-2.0,0.3319490851012791,0.6492271836612429
do_side_effects_low_0067,do_side_effects_low,side_effects,low,-2.0,hard,0.42697658804454597,1.109968268646242,0.256213753887486,-0.3119573887802287,2.0538949898373136,-2.0,-1.153295047697529,-0.9924842072712889
do_side_effects_low_0068,do_side_effects_low,side_effects,low,-2.0,hard,0.2935537159960478,-0.842429460948705,-0.7593223608428379,-0.9667186076767118,-1.1482435384108474,-2.0,1.525278081155884,2.129959199286702
do_side_effects_low_0069,do_side_effects_low,side_effects,low,-2.0,hard,-0.3113013472099477,-1.1586355450295402,-2.0297111054594006,-1.238891357269854,-0.660380421184743,-2.0,0.5751619251719914,1.3107626303568956
do_side_effects_low_0070,do_side_effects_low,side_effects,low,-2.0,hard,-0.6484527094306022,0.15394883897524653,0.7803489033750346,0.008474590151694383,-0.14036074495563133,-2.0,-0.815028164369916,0.20261999001626393
do_side_effects_low_0071,do_side_effects_low,side_effects,low,-2.0,hard,0.059754592952238623,-0.43402026038098257,-0.9656166065808428,-1.620743860876479,1.1506581968390193,-2.0,-0.9553612629365082,-0.39408713548241836
do_side_effects_low_0072,do_side_effects_low,side_effects,low,-2.0,hard,-0.8849526398826558,-0.16719125698671927,-0.28878767609063727,0.4811787072260366,-0.7589260587415709,-2.0,0.4460188486490023,1.8327925565784322
do_side_effects_low_0073,do_side_effects_low,side_effects,low,-2.0,hard,0.2041132091289434,-0.5590755013163744,-0.8341094005871373,-0.3668204030107276,-0.14824693267340686,-2.0,0.1658092020914357,0.7329788364765795
do_side_effects_low_0074,do_side_effects_low,side_effects,low,-2.0,hard,-0.2820348630500255,-0.24241627816700048,-0.49821611903725616,-0.20106810286167712,-0.24734885757669195,-2.0,-0.4629880968595248,0.785090898406259
do_side_effects_low_0075,do_side_effects_low,side_effects,low,-2.0,hard,1.1983780428719386,1.3443289824593734,1.6696746733332892,0.7269913053974322,0.7421077084723616,-2.0,-1.359691446323256,-0.899541925309508
do_side_effects_low_0076,do_side_effects_low,side_effects,low,-2.0,hard,0.3198548380550986,0.16731613418105615,0.18022627091777732,0.05873884931068134,0.2658510288399901,-2.0,-0.1102190942314989,1.3204580608651237
do_side_effects_low_0077,do_side_effects_low,side_effects,low,-2.0,hard,0.7109922823962839,0.04632595944893092,-0.16818022460707,0.2069231726590478,0.42603703438605534,-2.0,-0.46890034077142917,-0.09905336497199446
do_side_effects_low_0078,do_side_effects_low,side_effects,low,-2.0,hard,-0.29453666836814535,-0.3287153096577966,-0.5546009236772627,-0.5972042341825441,0.3401119843895274,-2.0,-0.454501981611365,0.8980955409186281
do_side_effects_low_0079,do_side_effects_low,side_effects,low,-2.0,hard,0.7595334909442053,0.21386338199039,0.32499293500057125,-0.04325294117952991,0.7481108910073884,-2.0,-0.7771165908184438,-0.05229009401034602
do_side_effects_low_0080,do_side_effects_low,side_effects,low,-2.0,hard,-0.2545841983889897,0.25356738709450755,0.5042844197691279,0.29443585808426154,-0.33430224277401516,-2.0,0.6138895265260731,0.2697515481115873
do_side_effects_low_0081,do_side_effects_low,side_effects,low,-2.0,hard,-0.3760439659904784,-0.7594567456581404,-0.7258977672191611,-0.3382782908455464,-0.841232455009727,-2.0,0.8690475875956448,0.756230990473988
do_side_effects_low_0082,do_side_effects_low,side_effects,low,-2.0,hard,0.10813758732311475,0.19352789693255185,0.05231025327578516,0.06429207947655524,-0.01932681703789961,-2.0,-0.17803439228978218,0.20026218832110393
do_side_effects_low_0083,do_side_effects_low,side_effects,low,-2.0,hard,0.07250765228215107,-0.478236135178186,-0.2959388953087944,-0.48552522125695374,0.2271337780859271,-2.0,-0.43663922297266283,0.4626229277810417
do_side_effects_low_0084,do_side_effects_low,side_effects,low,-2.0,hard,-0.214742050141586,-0.8291144068146334,-1.6534569795877003,-1.2053522773781764,0.3348727758703701,-2.0,-0.130476966955827,0.5567890250003128
do_side_effects_low_0085,do_side_effects_low,side_effects,low,-2.0,hard,-0.9396014357221583,-0.5823807436778364,-1.0806024824060592,-0.4402649440582261,-0.6559722254051554,-2.0,0.7877048495500265,2.0849838180802287
do_side_effects_low_0086,do_side_effects_low,side_effects,low,-2.0,hard,0.3409346527337833,0.22679522019219253,0.7685017425118629,0.7115704990787679,-1.3559466025658853,-2.0,1.651689038144004,2.202642998553776
do_side_effects_low_0087,do_side_effects_low,side_effects,low,-2.0,hard,-0.17378689077042433,0.08370418844532652,-0.27986727301348224,-0.046023031451635346,0.35336102843049916,-2.0,0.11081583500989062,0.41400936255719606
do_side_effects_low_0088,do_side_effects_low,side_effects,low,-2.0,hard,0.4539337893327921,0.2794515782999376,0.27026153081164933,-0.48404187140370647,0.15842770681945662,-2.0,-0.6555141058522904,0.13201467437199296
do_side_effects_low_0089,do_side_effects_low,side_effects,low,-2.0,hard,-0.1547941506358075,0.30564465857612255,0.181538182221134,0.7105066669457869,-0.4691740260144841,-2.0,1.3619885920438763,2.12583397773726
do_side_effects_low_0090,do_side_effects_low,side_effects,low,-2.0,hard,-0.1426634027848416,-0.6241025168926554,-0.8173121011896934,-0.7697159911313732,0.1021548204315036,-2.0,0.1822352498448342,0.2718679230122756
do_side_effects_low_0091,do_side_effects_low,side_effects,low,-2.0,hard,-0.14079146031360767,-0.29946838235893103,-0.9655712357822428,-1.156004942228194,1.4358319935673096,-2.0,-0.8844010891456553,-0.9110111345882482
do_side_effects_low_0092,do_side_effects_low,side_effects,low,-2.0,hard,0.21005869558473808,-0.3827667347990542,-1.0527713346872978,-0.42121815014199526,0.4440788663952132,-2.0,-0.14307186319266746,1.4336482685904541
do_side_effects_low_0093,do_side_effects_low,side_effects,low,-2.0,hard,0.3742665934423695,0.30642324454337677,0.13250712242500257,0.017659343157766766,-0.3784957585405663,-2.0,0.20316251195318,1.8574754617126708
do_side_effects_low_0094,do_side_effects_low,side_effects,low,-2.0,hard,0.11567098850461008,-0.09868303359256493,0.7949355027707532,1.1824439818112573,-0.45896182960422005,-2.0,0.34227069850692776,0.2145968083788321
do_side_effects_low_0095,do_side_effects_low,side_effects,low,-2.0,hard,0.00516158964330929,0.04390405932224289,0.1150070665491137,-0.2977530605814084,0.39929258723974653,-2.0,-0.6478755446348118,0.3184208178139341
do_side_effects_low_0096,do_side_effects_low,side_effects,low,-2.0,hard,-0.0500856537658251,0.1990381728535715,0.7787598450752026,0.9944646100778132,0.10652352820737299,-2.0,-0.196908717053897,0.6623728541965609
do_side_effects_low_0097,do_side_effects_low,side_effects,low,-2.0,hard,-0.41822749397755254,0.32333671834260497,0.4438342485935244,1.316318326079985,-0.4619058607117957,-2.0,0.9225896973913412,1.4560919692724696
do_side_effects_low_0098,do_side_effects_low,side_effects,low,-2.0,hard,-0.6361497015091071,-0.986354371784548,-1.3213771775483703,-1.3040286050516117,1.1230241897066682,-2.0,-0.46249555034357825,1.6796517599173542
do_side_effects_low_0099,do_side_effects_low,side_effects,low,-2.0,hard,0.5046055518079097,0.3129066534875622,-0.12898360853571966,-0.40744810171762386,0.8413505335854691,-2.0,-0.6463309372997694,1.0313552669031165
do_side_effects_high_0000,do_side_effects_high,side_effects,high,2.0,hard,0.235784532728611,0.7754750667527164,0.33266067581440134,-0.12114949512053746,0.3882052922180338,2.0,-0.7447394680891553,-1.8546764825672495
do_side_effects_high_0001,do_side_effects_high,side_effects,high,2.0,hard,-0.9575211772846929,0.5658296704911085,1.3212307453408432,1.8818517084240107,-1.4699202926109498,2.0,2.36443630435169,0.8262879726291864
do_side_effects_high_0002,do_side_effects_high,side_effects,high,2.0,hard,1.0989425465487452,0.5161933415852012,0.21931346874272142,-0.6668635864831001,1.4224318089387842,2.0,-1.2194089889368804,-2.3145896690279715
do_side_effects_high_0003,do_side_effects_high,side_effects,high,2.0,hard,-0.11902927344411954,0.6853689947033673,0.9535775382076995,1.1376099759979974,-0.3236669947351568,2.0,0.5198558308231154,-1.119742303281762
do_side_effects_high_0004,do_side_effects_high,side_effects,high,2.0,hard,0.020062454265410805,1.8626186498320478,2.2057749247529443,2.0092419459106514,0.5385435580545759,2.0,-1.0025808752529541,-1.4250932321796062
do_side_effects_high_0005,do_side_effects_high,side_effects,high,2.0,hard,-0.0030305810752423367,-1.0680569056407794,-1.739253864645636,-2.6275924122763037,0.42695385474110303,2.0,-0.39103119677992904,-0.8317995790871501
do_side_effects_high_0006,do_side_effects_high,side_effects,high,2.0,hard,1.0682852622127526,1.1176167673353947,0.7053989717205965,0.9218920355483669,0.8568326362032486,2.0,-0.7106078924977716,-2.768333082896622
do_side_effects_high_0007,do_side_effects_high,side_effects,high,2.0,hard,-0.05389410565175969,-1.150371780921466,-0.9572972757921677,-0.5094924394204441,-0.8291822230317066,2.0,0.3791551764098351,-0.2751516612539714
do_side_effects_high_0008,do_side_effects_high,side_effects,high,2.0,hard,-0.018268040321741855,-0.44515587748720115,-1.1119891074269177,-1.5965480996409283,0.9889161314779964,2.0,-0.5112757549289111,-1.458146007843257
do_side_effects_high_0009,do_side_effects_high,side_effects,high,2.0,hard,-0.07810820968097382,0.3035541052442919,-0.25727204626246225,-0.6816365569449192,1.1312982113339816,2.0,-1.2334958405383718,-2.4252454603375373
do_side_effects_high_0010,do_side_effects_high,side_effects,high,2.0,hard,-0.2809308963491202,-0.2779394543731735,-0.024005317072465227,0.4181391871756787,-0.6694665223963909,2.0,0.7730052877945577,0.12387099175785779
do_side_effects_high_0011,do_side_effects_high,side_effects,high,2.0,hard,-0.04631167107911969,-0.07076468827608404,-0.396259482252317,0.6442003459446566,-1.1198933943620393,2.0,0.4546388734094073,0.17057837219910554
do_side_effects_high_0012,do_side_effects_high,side_effects,high,2.0,hard,0.32747469963004333,-0.615390130807038,-0.22015575015008432,0.07714092745535439,-0.7019224790178077,2.0,0.541668119883611,0.26455385601729686
do_side_effects_high_0013,do_side_effects_high,side_effects,high,2.0,hard,-0.5084550084698674,-1.3207741084266589,-1.7277224545158671,-1.1346362209995373,-0.9448842199895903,2.0,0.5805731840081337,0.2922897130281598
do_side_effects_high_0014,do_side_effects_high,side_effects,high,2.0,hard,0.6544416787432088,0.3436808716955352,-0.07831156068014189,0.3854132671582764,-0.12920009879202188,2.0,0.9788554380221287,0.49198667107943367
do_side_effects_high_0015,do_side_effects_high,side_effects,high,2.0,hard,0.5007473942139014,0.6974261251855725,0.3440283419422686,0.8747447931514665,0.18719582980471045,2.0,-0.6814393543798472,-1.3950843295473363
do_side_effects_high_0016,do_side_effects_high,side_effects,high,2.0,hard,0.02296039913137827,-0.22646831752637805,-0.47718922596497426,-1.4794879221972854,1.163838654786634,2.0,-0.8123171543612757,-1.9249122348864742
do_side_effects_high_0017,do_side_effects_high,side_effects,high,2.0,hard,-0.028017312395512,0.9184287593727076,1.4593477727427882,0.8648792194629576,0.2806336763148331,2.0,-1.061623965988894,-1.123054312039625
do_side_effects_high_0018,do_side_effects_high,side_effects,high,2.0,hard,-0.06454976187416744,-0.702810283999752,-0.1776361558186711,-0.1365336291538607,-0.24008491229503764,2.0,-0.2161927176990942,-1.3203326335871377
do_side_effects_high_0019,do_side_effects_high,side_effects,high,2.0,hard,-0.1803540674216282,0.8418771121641825,0.9697365669789594,1.5024151939106234,-0.18756245460068866,2.0,-0.02467894887314065,-0.3466398298437222
do_side_effects_high_0020,do_side_effects_high,side_effects,high,2.0,hard,-0.7414558927099557,-0.23321775065612893,0.25284658163151924,0.32804874673839973,-0.2653263325174392,2.0,-0.37781094890533395,-1.1329486823447674
do_side_effects_high_0021,do_side_effects_high,side_effects,high,2.0,hard,-0.272805451399172,-0.46750940587296796,-0.14815486610482226,-0.6811470426520885,0.6898929165575773,2.0,0.35049811959384336,-1.1836354598724834
do_side_effects_high_0022,do_side_effects_high,side_effects,high,2.0,hard,0.32585680109122084,0.07645462911142031,-0.49300377725779226,-0.1767712747678053,-0.21545442237989115,2.0,0.504645475997892,-0.5026544970643598
do_side_effects_high_0023,do_side_effects_high,side_effects,high,2.0,hard,-0.9570435143066748,0.25811908252088067,0.3789496942889491,0.9785493983937332,-0.6402181886092002,2.0,1.5087863579765073,0.8272457495892521
do_side_effects_high_0024,do_side_effects_high,side_effects,high,2.0,hard,0.55926352741171,0.28970807601015003,0.5316946189396737,-0.5266451490734407,0.683220523545049,2.0,-0.5478850639596148,-1.9108726070254693
do_side_effects_high_0025,do_side_effects_high,side_effects,high,2.0,hard,-0.3841474945835175,-0.628088924354477,-1.2575934388661443,-0.2939610804352881,-0.20032305463391337,2.0,0.06475172334819149,-0.38252253178738255
do_side_effects_high_0026,do_side_effects_high,side_effects,high,2.0,hard,0.913431816819159,0.18059593698344611,-0.2156650105018977,-0.23643744301568348,0.473836711146067,2.0,-0.16625826664561633,-1.3674418421848726
do_side_effects_high_0027,do_side_effects_high,side_effects,high,2.0,hard,0.42039053733666215,0.1070504328274762,0.16679269330883723,-0.30007180266381284,0.30078601312340436,2.0,-0.14178474148522252,-1.2034951619465017
do_side_effects_high_0028,do_side_effects_high,side_effects,high,2.0,hard,0.4358257430097531,-0.37515085674595644,-0.46864744618454623,-0.6668762683553124,0.8449108337687803,2.0,-0.3666138939040884,-0.25029121041061997
do_side_effects_high_0029,do_side_effects_high,side_effects,high,2.0,hard,0.3586596561314227,-0.14878894874329535,-0.37402289926196497,-1.1339446677486913,0.8617791791839822,2.0,-0.4380022056269974,-1.9302344800261964
do_side_effects_high_0030,do_side_effects_high,side_effects,high,2.0,hard,0.06479764184105972,0.04462149975528967,0.575169577495322,1.586304685663023,-0.9933016407861115,2.0,0.2856085193391501,-1.4912248262152752
do_side_effects_high_0031,do_side_effects_high,side_effects,high,2.0,hard,-0.023557937404783364,-0.8437037590010343,0.1254033072063898,0.279303490140294,-0.7536086537667094,2.0,0.09831638027031292,-0.4592405960560985
do_side_effects_high_0032,do_side_effects_high,side_effects,high,2.0,hard,-0.024520458767682506,-0.4686135494143456,-0.028294922936430544,-0.10904399198327257,-0.8598174638149203,2.0,1.0082805482956916,0.3738150042295246
do_side_effects_high_0033,do_side_effects_high,side_effects,high,2.0,hard,0.14758205535400162,0.3998069520275147,0.3946401023626045,0.27761365015795453,0.037553249883569506,2.0,-0.6169644608548738,-1.431571071471315
do_side_effects_high_0034,do_side_effects_high,side_effects,high,2.0,hard,0.2049261669710269,-0.23682031506953033,0.16372143909858589,-0.6486965868700619,0.21956567848178654,2.0,-0.8981430883999543,-2.1958029103924686
do_side_effects_high_0035,do_side_effects_high,side_effects,high,2.0,hard,0.22632437066777913,1.3050985688657848,1.3234502395997223,0.7669657904411662,1.170496955375505,2.0,-0.8609653329513113,-2.2348649434024077
do_side_effects_high_0036,do_side_effects_high,side_effects,high,2.0,hard,0.418727761697881,0.260723894900212,0.17586981171351698,-0.20149771016591206,0.20629705359596248,2.0,-0.387283391606114,-1.782561984656639
do_side_effects_high_0037,do_side_effects_high,side_effects,high,2.0,hard,-0.755494320252431,-0.8315443809217946,-1.5545448370167876,-1.474661390206759,-0.19136759407486614,2.0,0.3140014103771288,-0.28389828418653806
do_side_effects_high_0038,do_side_effects_high,side_effects,high,2.0,hard,0.4684936654313677,-0.11791681138065602,-0.3725366512184027,-0.37896050956017024,0.3766891857446405,2.0,-0.14825634785496944,-0.4556714266028587
do_side_effects_high_0039,do_side_effects_high,side_effects,high,2.0,hard,0.534616250957363,0.8293586260853422,0.4209363159290674,0.3590897355450918,0.2685413683744048,2.0,-0.1720444380238643,-1.2695012396079493
do_side_effects_high_0040,do_side_effects_high,side_effects,high,2.0,hard,0.5218395640334776,0.5666847339376891,0.5170329000061958,0.006838220986832899,-0.09288533358394457,2.0,-0.07260921174978748,-0.8843441560491037
do_side_effects_high_0041,do_side_effects_high,side_effects,high,2.0,hard,-0.8727845023314464,-0.018741123649301472,0.06542250130412311,1.0890918281661213,0.6383795613113056,2.0,0.38109142216736835,-1.4662121007495181
do_side_effects_high_0042,do_side_effects_high,side_effects,high,2.0,hard,0.2761021414138909,0.4582376261043869,0.5102204931368738,0.4019666362236616,0.754777365887255,2.0,-0.3824060850316577,-1.795517039200591
do_side_effects_high_0043,do_side_effects_high,side_effects,high,2.0,hard,0.534354269267529,0.305998232502119,0.7648511352790265,0.7286244620080018,-0.8823198427393963,2.0,0.5072316604435818,-0.4457635577286024
do_side_effects_high_0044,do_side_effects_high,side_effects,high,2.0,hard,-0.19923720248486537,0.30008178091836224,0.08384482442239871,-0.019298180877415055,0.607129334066672,2.0,-1.0562142552217193,-2.9167222761978313
do_side_effects_high_0045,do_side_effects_high,side_effects,high,2.0,hard,0.5687040527917796,0.9031193451159649,0.41671471568620216,0.5994185405567012,0.08325762015395433,2.0,-0.8581668932834753,-2.926289337839693
do_side_effects_high_0046,do_side_effects_high,side_effects,high,2.0,hard,0.5251099546756367,0.32633512857877234,0.2569799080578337,-0.131250251866431,0.3288525651451253,2.0,-0.600997399133398,-1.266565321438485
do_side_effects_high_0047,do_side_effects_high,side_effects,high,2.0,hard,0.6808291732767403,0.43428499602511983,0.27507474497347134,-0.3045356375352328,0.7489564809692653,2.0,-0.865001377648882,-0.6458252694316033
do_side_effects_high_0048,do_side_effects_high,side_effects,high,2.0,hard,1.1629321256117509,0.8791745421216777,2.000612330085675,0.28935824495832807,-0.20293946011930064,2.0,0.2465204331329113,-0.9544540864627649
do_side_effects_high_0049,do_side_effects_high,side_effects,high,2.0,hard,0.04172083518041666,-0.19670380044867114,0.2041862920393246,-0.38613605927745487,0.9181651605844329,2.0,0.40718544347372976,-0.0893893938956265
do_side_effects_high_0050,do_side_effects_high,side_effects,high,2.0,hard,-0.7500700041726512,-0.25337101828326636,-0.2625630837485096,-0.12483375881167202,0.1492439836842535,2.0,0.013331242191866877,-0.5776556166877832
do_side_effects_high_0051,do_side_effects_high,side_effects,high,2.0,hard,0.24896369324300516,-0.4091561833001462,-0.36058979504247374,0.010867880187739265,-0.7659903519659732,2.0,0.7726357005266906,-0.6095337651990677
do_side_effects_high_0052,do_side_effects_high,side_effects,high,2.0,hard,-0.20192938021965878,0.29462525061550326,1.0776231396982259,-0.04029184087135107,0.7839689966602418,2.0,-0.005834739117629273,-1.187218768070772
do_side_effects_high_0053,do_side_effects_high,side_effects,high,2.0,hard,0.2360285353762956,0.8606984656308445,0.2764010167782709,0.6670512842526299,-0.053001097842745565,2.0,0.9665616916570602,-0.3085089592507315
do_side_effects_high_0054,do_side_effects_high,side_effects,high,2.0,hard,-0.03207078075564571,1.1230959675992709,1.1533156277185395,1.6681801360436144,-1.2327583828570778,2.0,0.14711607800939197,-0.9854066542186645
do_side_effects_high_0055,do_side_effects_high,side_effects,high,2.0,hard,-0.6853815695134023,-0.0485901930894842,0.9679812816119137,-0.03553034907312014,0.050527574460261994,2.0,-0.10111513925878518,-0.5387889716850345
do_side_effects_high_0056,do_side_effects_high,side_effects,high,2.0,hard,-0.3767825178215426,-0.2652593851880669,0.22648036359892876,0.5086630480829559,-0.6914181396388899,2.0,0.7655114454254061,1.2352845794512926
do_side_effects_high_0057,do_side_effects_high,side_effects,high,2.0,hard,0.0456903709379848,0.3053557145128959,0.40068688984599937,0.03840662107071907,0.11592742489905941,2.0,-0.4499436149415233,-1.4080809391836724
do_side_effects_high_0058,do_side_effects_high,side_effects,high,2.0,hard,-0.04268881045449716,-0.021908901395405946,0.49488450390291583,-0.046140741169745536,0.017652675995145035,2.0,0.3815010248464867,-0.5668092207243505
do_side_effects_high_0059,do_side_effects_high,side_effects,high,2.0,hard,-1.0284381922535626,-0.8042784938865388,-0.36835820099733513,0.37244528114089437,-1.4767015166901265,2.0,1.3647655182242016,0.6316921105981947
do_side_effects_high_0060,do_side_effects_high,side_effects,high,2.0,hard,0.002613529927633472,-0.5757566468695012,-1.185654989855235,-0.9093304897922969,0.7561862990699396,2.0,-1.591541054522739,-2.9850833380701562
do_side_effects_high_0061,do_side_effects_high,side_effects,high,2.0,hard,0.06819748335126237,0.332947908801899,0.8638927690798158,1.2174439414566185,-0.2801362007296702,2.0,0.329317625289996,-0.8947421781326282
do_side_effects_high_0062,do_side_effects_high,side_effects,high,2.0,hard,0.6429991229677605,1.5344669493294925,1.9428716901224528,1.6844500745579913,-0.9076030611507067,2.0,0.04779871095390037,-1.2748263435655858
do_side_effects_high_0063,do_side_effects_high,side_effects,high,2.0,hard,-0.19249186489420256,-0.35510823164033667,-0.44707971448507744,-0.5306449255272495,-0.7851412197187857,2.0,0.4178230840154116,-0.5643153486743506
do_side_effects_high_0064,do_side_effects_high,side_effects,high,2.0,hard,-0.44285237218010864,-0.575391463283502,-0.5227903759847701,-0.048886756306230905,0.04568139549681405,2.0,0.22709239949475518,-0.6402656668393657
do_side_effects_high_0065,do_side_effects_high,side_effects,high,2.0,hard,-0.08387014101947893,-0.4490553746845489,0.5379556139048343,-0.19444775772120426,-0.7335070859709207,2.0,-0.1400703014132456,-0.543532864755609
do_side_effects_high_0066,do_side_effects_high,side_effects,high,2.0,hard,-0.5265707660003688,0.15379751577687012,-0.3012082303234203,0.0103595348907441,0.06813108418224147,2.0,-0.10449789176274321,-1.246093723448341
do_side_effects_high_0067,do_side_effects_high,side_effects,high,2.0,hard,-0.5731312520679136,-0.43271749830776907,-1.4364084897086666,-1.08536944915896,0.048846545897914095,2.0,0.0863403787445145,-0.7684920223195782
do_side_effects_high_0068,do_side_effects_high,side_effects,high,2.0,hard,-0.5211304093505864,-0.04923043751147277,-0.26357028739503247,0.26896677318591344,-0.7359992467235025,2.0,-0.04974180185421406,-0.017205909269398578
do_side_effects_high_0069,do_side_effects_high,side_effects,high,2.0,hard,-0.8590452396802022,-1.485916937052783,-2.088487331202972,-2.03612395566955,1.5800881662745905,2.0,-0.686397679597868,-1.0338606478109211
do_side_effects_high_0070,do_side_effects_high,side_effects,high,2.0,hard,-0.45599763239151636,-0.21612730081008402,-0.5450224004590802,-0.08415164671457775,-0.28701858241760786,2.0,-0.09710216311822623,-0.7023754385428647
do_side_effects_high_0071,do_side_effects_high,side_effects,high,2.0,hard,0.20904479942964688,-0.6046726645598702,-0.13304546452519334,-0.014505715083696746,-0.6374469376428351,2.0,0.612172019571335,0.15525446601127135
do_side_effects_high_0072,do_side_effects_high,side_effects,high,2.0,hard,-0.26075493520838183,-0.2391201393713348,-0.05028028059584183,0.399860009907999,-1.024563168413088,2.0,0.643573575253281,-0.9747394251036793
do_side_effects_high_0073,do_side_effects_high,side_effects,high,2.0,hard,0.23636875531829576,0.17828782761458242,0.20777947129900967,0.03408955825880915,-0.013292202227661726,2.0,-0.30619649123222015,-1.6047171795834625
do_side_effects_high_0074,do_side_effects_high,side_effects,high,2.0,hard,-0.19781788233744674,0.7378919299405274,0.700368812044813,1.6879959783588694,-1.283768090325474,2.0,1.154155183679888,-0.29572402005864684
do_side_effects_high_0075,do_side_effects_high,side_effects,high,2.0,hard,-0.11411763375687807,-0.10926378384492944,0.2058150297624502,0.26903244574905666,-0.6742185238301548,2.0,1.2730756964480996,0.2905115657268872
do_side_effects_high_0076,do_side_effects_high,side_effects,high,2.0,hard,0.27459276553319906,0.40798600889654374,1.139551837180622,1.2087466883865587,0.3808155308408243,2.0,-0.8637514609585797,-3.0513402478617726
do_side_effects_high_0077,do_side_effects_high,side_effects,high,2.0,hard,0.03518743140358749,0.0481344508736618,-0.5761651830907336,-1.062405400727872,0.8509915232279076,2.0,-0.06859908335044873,-0.7880933636905453
do_side_effects_high_0078,do_side_effects_high,side_effects,high,2.0,hard,-0.373161250624642,0.03633229376530844,-0.16510803925516734,0.4198151120481052,0.41962598241344984,2.0,0.0647594417137956,-0.736595975465353
do_side_effects_high_0079,do_side_effects_high,side_effects,high,2.0,hard,0.44652306094723937,0.0954151000138023,-0.29360985262080136,-1.0791849649357816,1.246541200447945,2.0,-0.9182414428784113,-2.2567916780288466
do_side_effects_high_0080,do_side_effects_high,side_effects,high,2.0,hard,0.8321731301199177,-0.2812333144854997,0.0429716004403764,-0.4331561423558231,-0.08605100563463956,2.0,-1.1778876420130473,-1.500382111102371
do_side_effects_high_0081,do_side_effects_high,side_effects,high,2.0,hard,-0.31966894252349914,-0.088096541053762,-0.9305154792118967,0.2855636462138955,-0.3495155471166073,2.0,-0.2647695682891044,-0.4006144483494203
do_side_effects_high_0082,do_side_effects_high,side_effects,high,2.0,hard,0.5616882826938386,0.19796676749488626,0.44780972259578594,-0.5631555916473665,0.42045821932135374,2.0,0.009035054584826951,-0.936232744779945
do_side_effects_high_0083,do_side_effects_high,side_effects,high,2.0,hard,-0.35108085731002264,-0.07878621892518259,0.3325478353165052,0.8967617203047962,-0.739239569609053,2.0,0.7022060087260982,0.05681632457814062
do_side_effects_high_0084,do_side_effects_high,side_effects,high,2.0,hard,-0.07183588763832885,-0.008249811461198062,-0.38873332491862495,-1.5561136062880072,1.7726558931955112,2.0,-1.299858659893928,-1.6555622494051652
do_side_effects_high_0085,do_side_effects_high,side_effects,high,2.0,hard,0.5395799591664439,0.6086928361159404,1.1957404626768415,1.166326816396458,-0.7396302293864206,2.0,0.1834834984043509,-0.6886056832411971
do_side_effects_high_0086,do_side_effects_high,side_effects,high,2.0,hard,-0.6967129247954241,0.13188569078736373,-0.2667421798471711,-0.21383613132190565,0.5881052399402031,2.0,-0.2957609134051943,-1.4107371906212145
do_side_effects_high_0087,do_side_effects_high,side_effects,high,2.0,hard,-0.45818793644865213,-0.3986878748396675,-0.0014588883818894005,0.5290164126527891,-2.167305194788774,2.0,2.4616837023364657,2.01202768457417
do_side_effects_high_0088,do_side_effects_high,side_effects,high,2.0,hard,0.9806791984439743,0.272685902622599,0.024589007105762423,-0.34009026386663876,0.4577570652649708,2.0,-0.49109701718406495,-0.4299340106743562
do_side_effects_high_0089,do_side_effects_high,side_effects,high,2.0,hard,-0.041670567269731236,0.4573959762064916,-0.7543094259634144,0.17076308810497698,-0.1355860454790555,2.0,-0.5552145476345307,-1.3429115163238212
do_side_effects_high_0090,do_side_effects_high,side_effects,high,2.0,hard,-0.06268061969036862,-1.4654864906348823,-1.778313481306228,-2.32177594001848,-0.506438841137277,2.0,0.6408302491630735,0.04918727391473674
do_side_effects_high_0091,do_side_effects_high,side_effects,high,2.0,hard,-0.18074516517284164,-0.19617774107563912,0.06170714213106848,0.9504085929075197,-0.9733291614291663,2.0,0.8957913519807735,0.10638014955243716
do_side_effects_high_0092,do_side_effects_high,side_effects,high,2.0,hard,-0.07456588582183442,-0.4025269725303474,0.15102023648822882,0.037438392980087935,-0.5588098846286477,2.0,0.8544664853195707,-0.40745424158083005
do_side_effects_high_0093,do_side_effects_high,side_effects,high,2.0,hard,-0.35399560092986615,-0.9940026721786704,-1.984583362482588,-1.353817918904017,-0.2732908559350615,2.0,0.4242260663772567,0.06845578510356928
do_side_effects_high_0094,do_side_effects_high,side_effects,high,2.0,hard,0.3667349919206369,0.004849122197494837,0.9171368857173406,0.09488932281620122,-0.02142015494935373,2.0,0.3211377110932147,-0.1595416075234541
do_side_effects_high_0095,do_side_effects_high,side_effects,high,2.0,hard,0.22603739345200127,-0.4433655881196061,-0.5155271049847208,-0.9684847929163904,1.7282073667587867,2.0,-1.1494752871817173,-2.157297665659358
do_side_effects_high_0096,do_side_effects_high,side_effects,high,2.0,hard,0.6462093849921661,0.6335840102599084,0.47862821979797676,1.0177581604006882,-0.502654928511286,2.0,0.07535637941372782,-0.3930595591066447
do_side_effects_high_0097,do_side_effects_high,side_effects,high,2.0,hard,0.0878030254877092,0.0925564072236608,0.5098593639261744,0.8514408972975621,-0.6992391243585747,2.0,1.000372753262999,0.5074848548972679
do_side_effects_high_0098,do_side_effects_high,side_effects,high,2.0,hard,1.2736740241454687,-0.05798442278034177,0.2392198582877656,-0.47750431528148124,0.12855572524512338,2.0,0.13885777445114317,-0.4209824613805366
do_side_effects_high_0099,do_side_effects_high,side_effects,high,2.0,hard,-0.057272964687899004,0.051116799856541315,-0.4749275396150916,0.012779032221961306,0.27935850273436375,2.0,-0.2496239010767504,-1.1452738634053135
do_function_low_0000,do_function_low,function,low,-2.0,hard,0.9182449711486714,0.6936580284271217,0.32526995338405856,-0.29895446436482814,0.564830659521712,0.8488242433012766,-2.0,-2.543026600922505
do_function_low_0001,do_function_low,function,low,-2.0,hard,0.3496616659093977,0.3893603833865462,0.7689049450809694,0.28134543061612766,-0.039743818044281676,0.3471380397442425,-2.0,-2.1806851722179434
do_function_low_0002,do_function_low,function,low,-2.0,hard,0.5252969306519236,0.43258930474238755,0.010553710095385416,-0.0802678317390605,0.283019907802465,0.3535443681424055,-2.0,-1.5799096070693814
do_function_low_0003,do_function_low,function,low,-2.0,hard,-0.1500512285950711,-0.0506077279514781,-0.15432822185665035,-0.5547854350603583,0.8519618989845373,-0.7409147369742095,-2.0,-2.304449606269206
do_function_low_0004,do_function_low,function,low,-2.0,hard,-0.7363736334102665,0.0896886342843971,-0.6994651520781394,-1.2646360458778132,1.4911425884457499,-1.5273817387047175,-2.0,-1.1005543791223562
do_function_low_0005,do_function_low,function,low,-2.0,hard,0.459447664080561,0.2701846063232194,-0.14344570446561022,-1.0248293324968278,1.0652179123994219,0.20297724941351275,-2.0,-2.124492828775217
do_function_low_0006,do_function_low,function,low,-2.0,hard,0.16695743840287391,0.5972479531693935,1.2012144687279334,0.7711349995474129,1.146671698368758,0.4361898064387924,-2.0,-1.9880676834822815
do_function_low_0007,do_function_low,function,low,-2.0,hard,-0.06260860783436001,-0.2393832102096486,0.2661583888990722,-0.5596201590273244,-0.60595266361443,-1.0506800798926292,-2.0,-0.7551034082696954
do_function_low_0008,do_function_low,function,low,-2.0,hard,-0.5656709314554568,-0.8322075633717164,0.23758416423029216,-0.39462786796974136,-1.1660936125927108,-0.8580574017718074,-2.0,-1.580620792520244
do_function_low_0009,do_function_low,function,low,-2.0,hard,0.6053493068639687,-0.046525983180127406,0.1384085877137242,-0.3508727135722922,1.2389101015834523,-0.40533156197051223,-2.0,-1.1565975228505667
do_function_low_0010,do_function_low,function,low,-2.0,hard,0.208873323171203,-0.21582049466227685,-0.5197069403845929,-0.3466061190122802,0.6992147449481432,0.4755919111726829,-2.0,-1.3054945730848124
do_function_low_0011,do_function_low,function,low,-2.0,hard,0.5215162271944878,-0.25114075433405864,-0.14264624923368285,-0.4887738918041859,0.13675994574671113,0.2085373191536377,-2.0,-1.3899161386970211
do_function_low_0012,do_function_low,function,low,-2.0,hard,-0.3111658494435433,0.02096725137183092,-0.1958810756128008,-0.6728059200399745,-0.14360112735998842,-0.5042671179503351,-2.0,-1.4613773919740338
do_function_low_0013,do_function_low,function,low,-2.0,hard,0.1708317759692024,-0.7872135557993036,0.7185764697409783,0.8981658277828577,-1.4567834830481443,0.5357779944739575,-2.0,-1.0927274196781442
do_function_low_0014,do_function_low,function,low,-2.0,hard,0.40348744541721493,0.15710729516042282,-0.5116388600048165,-0.5938516514484179,0.27404967455102147,-0.1920711225722386,-2.0,-2.3601748933936277
do_function_low_0015,do_function_low,function,low,-2.0,hard,-0.02434190477425201,-0.08091462315349296,-0.1736044991795298,-0.8903987634512307,0.6812810385598578,-0.5498585625438506,-2.0,-0.9410479555418622
do_function_low_0016,do_function_low,function,low,-2.0,hard,0.5182083414434732,1.0187647632917152,0.6394838160004064,0.8006759160348296,-0.5048665362162539,-0.012030187254192692,-2.0,-1.3045493061357498
do_function_low_0017,do_function_low,function,low,-2.0,hard,-0.46194192225613917,-0.05409751130851154,-0.5205415107810788,0.19800274319087152,-0.690384364674055,-1.0174641461437886,-2.0,-2.4488486073504796
do_function_low_0018,do_function_low,function,low,-2.0,hard,-0.5011138307089035,-0.5961049547410826,-1.6030901830404622,-1.660032366253772,1.1792573782791707,-0.5242672111812353,-2.0,-2.2484588540121972
do_function_low_0019,do_function_low,function,low,-2.0,hard,-0.10203435916890906,0.12056264078610075,0.1161607582199096,0.6510902102599256,0.15858322576804268,0.5845727104139264,-2.0,-1.33710574175598
do_function_low_0020,do_function_low,function,low,-2.0,hard,0.3551914121731974,-0.502753740755793,-1.3147443266422485,-1.1990055239945154,0.20216151545421723,-0.7848107665181924,-2.0,-1.1057674695469382
do_function_low_0021,do_function_low,function,low,-2.0,hard,0.17415215689659772,-0.4506221902348633,-0.018532193528045693,0.029118360263907878,-0.5227343095946866,-0.8328810527541447,-2.0,-1.5189537936115518
do_function_low_0022,do_function_low,function,low,-2.0,hard,0.452182567654707,0.8374840247992033,0.8317013241742002,1.6965747710450212,-0.6431977024663993,0.1810762312951728,-2.0,-1.509643885157141
do_function_low_0023,do_function_low,function,low,-2.0,hard,0.7391133866363109,0.664278636633309,-0.22228906502243062,-0.061645425349157984,1.3607907606005538,0.3519561941035084,-2.0,-1.9715774491441547
do_function_low_0024,do_function_low,function,low,-2.0,hard,-0.5498678944204244,-0.3086343727242764,0.11039527102717056,-0.48714443815396036,-0.2391180454508256,-0.6024850756877831,-2.0,-1.6850179690705125
do_function_low_0025,do_function_low,function,low,-2.0,hard,0.17958615850946827,0.2069728318680079,0.9962021681920545,1.7600048766265095,-1.4380396599946472,0.9926389827310013,-2.0,-2.88857221106852
do_function_low_0026,do_function_low,function,low,-2.0,hard,0.724920709865141,0.5922588618714583,1.4677389411499386,1.3318831320926512,-0.39721584093167606,0.7256432125921669,-2.0,-2.530478465051854
do_function_low_0027,do_function_low,function,low,-2.0,hard,-0.6542358042782435,-0.8082171218926197,-0.9495995182991419,-1.203941049169657,-0.8548577295161276,-1.4907984051127587,-2.0,-0.5513481716865157
do_function_low_0028,do_function_low,function,low,-2.0,hard,-0.28613335057452344,-0.5497479110971581,-0.6906091755373416,-0.9296925456605137,0.39529397440347214,-0.7118465548453096,-2.0,-1.2671923164851162
do_function_low_0029,do_function_low,function,low,-2.0,hard,0.08330926441523749,0.22641498790721398,0.6689128363852934,0.9274752064295284,-1.1181532359100308,0.40573945683572477,-2.0,-1.2850619537984662
do_function_low_0030,do_function_low,function,low,-2.0,hard,-0.05886930145793045,0.5575667749629308,0.910517379581463,1.062103956782011,-0.5582754278376865,1.6671583483447376,-2.0,-2.3537566009924937
do_function_low_0031,do_function_low,function,low,-2.0,hard,0.22807958688406374,0.08238577605598346,0.28704524290561617,0.04648918034653765,0.367787386446067,0.023000752580488587,-2.0,-1.383361486370824
do_function_low_0032,do_function_low,function,low,-2.0,hard,-1.087529444513104,-0.35578862082841184,-0.29693558516717045,-1.3871422750236757,0.5535198545378719,-0.9435923315983269,-2.0,-1.7435141445593603
do_function_low_0033,do_function_low,function,low,-2.0,hard,-0.01269477163825092,-0.08186908668940972,0.37139658690097976,-0.7832687175235207,1.504042403603744,-0.476004610566329,-2.0,-1.3343600538518396
do_function_low_0034,do_function_low,function,low,-2.0,hard,0.3230120843819308,0.161969477913819,-0.20922950362678847,-0.4340156812610054,0.660636779605853,0.6980194722064453,-2.0,-2.924570720634358
do_function_low_0035,do_function_low,function,low,-2.0,hard,0.19475330090026272,-0.8691329844190965,-0.9135562013303695,-1.244472690799363,1.0883049624593506,-0.3111693237978025,-2.0,-1.1514466584981342
do_function_low_0036,do_function_low,function,low,-2.0,hard,0.25998769672101607,0.5140832179732355,0.20572075449037475,0.12090417304078843,0.409882593244087,0.0760359995901212,-2.0,-1.8746077263310146
do_function_low_0037,do_function_low,function,low,-2.0,hard,0.2029520812397359,-0.5960052686107168,-0.30080153031367807,-0.0817831139470847,-0.9680885284031735,-0.3062123853763933,-2.0,-2.0946380995230536
do_function_low_0038,do_function_low,function,low,-2.0,hard,-0.3574439995477467,-1.2223825115657325,-1.4844780607882395,-0.6876919854604916,-0.6718176063734694,0.03743712027528534,-2.0,-1.04897019769616
do_function_low_0039,do_function_low,function,low,-2.0,hard,-0.4793529023737357,-1.1799152513805211,-0.8856071156863072,-1.5518887718914913,0.4325695297828477,-2.086204284764608,-2.0,-0.6634871822314229
do_function_low_0040,do_function_low,function,low,-2.0,hard,0.27153914068690427,0.009872402684275194,0.5703363728317692,0.8960557103586456,-0.1700861412989938,0.6534287300578449,-2.0,-2.3373372585788657
do_function_low_0041,do_function_low,function,low,-2.0,hard,0.3295581316755017,0.6939203827048808,-0.6239855613327647,-1.1764894804574715,1.975667381164668,0.2262281219834822,-2.0,-1.993703606493112
do_function_low_0042,do_function_low,function,low,-2.0,hard,0.3182742008042248,0.19426419573206755,-0.846800974762503,-1.2263434015386492,2.218796126438553,-0.4421155845373077,-2.0,-2.3569204771765846
do_function_low_0043,do_function_low,function,low,-2.0,hard,-0.13607376846600341,-0.2868979611366671,-0.3466932407883757,-0.03869090430461658,-0.4247602679404903,-0.03854130079601822,-2.0,-2.975089690090713
do_function_low_0044,do_function_low,function,low,-2.0,hard,-0.2575213168300102,-0.10765605963156459,-0.1288944684619612,-0.17484991725288568,-0.43407605271003813,0.12781949227868306,-2.0,-2.018178848457224
do_function_low_0045,do_function_low,function,low,-2.0,hard,-0.19982109918925972,0.7259082448920052,0.3088048111400683,0.4269256435062897,0.24507708163965095,-0.0857349073208471,-2.0,-2.858280947802629
do_function_low_0046,do_function_low,function,low,-2.0,hard,0.5634038251026732,0.14184511321952453,-0.06226409016332868,-0.3293284321026313,-0.7155478634730725,0.8106833390424454,-2.0,-2.724768233103567
do_function_low_0047,do_function_low,function,low,-2.0,hard,0.3701597508784027,-0.2576339562103218,0.14888533184086536,-0.18150345495346187,-1.2118624804938891,0.28467839664551164,-2.0,-2.1780058898084373
do_function_low_0048,do_function_low,function,low,-2.0,hard,0.718461694391437,0.3879632835247688,0.7238827529737246,0.845587025415967,-0.4168941317884158,1.3934004887937603,-2.0,-2.7412431161853283
do_function_low_0049,do_function_low,function,low,-2.0,hard,-0.27910513984523433,-0.5791370641542282,-0.5081862577576913,-0.5279475541927808,-0.17993061343343308,-0.31389139625520934,-2.0,-2.1008876354008232
do_function_low_0050,do_function_low,function,low,-2.0,hard,0.35595941311881446,-0.1995591689325209,-0.5397290918423596,-0.4633845773119466,0.326716795478685,-0.2284232281768123,-2.0,-2.118566852154772
do_function_low_0051,do_function_low,function,low,-2.0,hard,0.9971333662585719,0.6102229201383556,1.0076532571707753,0.6520752837114591,0.3318608025378048,1.002894145420037,-2.0,-1.5381995800726116
do_function_low_0052,do_function_low,function,low,-2.0,hard,-0.20978331291224336,-0.5646655962024155,-0.45142526021005447,-0.5568311202001766,-0.402879484295922,-0.14550498501230433,-2.0,-1.849775694985578
do_function_low_0053,do_function_low,function,low,-2.0,hard,0.1980541234740604,-0.11750316646719028,-0.21176062746479912,-0.47811039241655773,0.31674748675221615,-0.03885337197727541,-2.0,-1.8852638225541318
do_function_low_0054,do_function_low,function,low,-2.0,hard,-0.24113847988486273,-0.9021236433056223,-1.4132328085647834,-1.7406153384724483,0.49751237334344167,-1.3603721803621034,-2.0,-1.4385750650211833
do_function_low_0055,do_function_low,function,low,-2.0,hard,0.2458774694566211,-0.14562019290621167,-0.42802479657811165,-0.39140112082728784,0.5940929455477438,0.7753262302962616,-2.0,-2.2549468469730836
do_function_low_0056,do_function_low,function,low,-2.0,hard,0.22330189826509217,0.5488254943355584,0.9953714280011805,1.1345629581346772,-0.1165108913555924,1.4450491614541487,-2.0,-2.3996673127908825
do_function_low_0057,do_function_low,function,low,-2.0,hard,0.07631318455652479,0.7539291322814022,-0.1498068800268776,0.8538220376801737,0.3252216960028983,0.5310892039462513,-2.0,-2.499302918625737
do_function_low_0058,do_function_low,function,low,-2.0,hard,0.4972254683194868,0.8383433827974852,0.7065868466053948,0.19313550106430322,0.1119923973073495,-0.07562488554917873,-2.0,-1.5327176856800548
do_function_low_0059,do_function_low,function,low,-2.0,hard,-0.5717998262092114,-0.06400219961129577,-0.5830358683008674,-0.22933114409458788,0.5599674344361923,-1.1165373679001516,-2.0,-0.9382611540187706
do_function_low_0060,do_function_low,function,low,-2.0,hard,1.0142605374999496,0.6126428558049464,0.1188404073481395,0.22879869366167713,0.12680217195158064,0.29061797761206654,-2.0,-2.042972579405763
do_function_low_0061,do_function_low,function,low,-2.0,hard,1.1452198917264282,0.3671134105839635,1.7416165526916405,1.4269092062175694,-0.7079281106244344,1.497253239510856,-2.0,-2.501933978084994
do_function_low_0062,do_function_low,function,low,-2.0,hard,0.013717975087897346,0.0472732678356552,-0.17332534074263223,-0.6629488813027448,-0.4241594265153972,-0.9287259913810737,-2.0,-0.836654565486421
do_function_low_0063,do_function_low,function,low,-2.0,hard,0.11231675716764251,0.6430372200734835,0.5853709584351294,0.3036170697123654,0.11348329631420828,0.3422906299858174,-2.0,-1.2836683007081382
do_function_low_0064,do_function_low,function,low,-2.0,hard,0.13390210847822218,0.35025408272482794,0.4128815651657057,0.16455735417509473,0.7999963060147458,0.7664797973683779,-2.0,-1.8784359703130242
do_function_low_0065,do_function_low,function,low,-2.0,hard,-0.387190558488722,-0.014598866233661356,0.3044875800204188,0.44082052280426925,0.16597227969231476,0.06780265123792414,-2.0,-2.434117597346804
do_function_low_0066,do_function_low,function,low,-2.0,hard,0.5011682403717187,-0.18879696674530455,0.576257079076301,0.5089893314360558,-0.9353302560100851,-0.7285448400329241,-2.0,-1.5976606548739585
do_function_low_0067,do_function_low,function,low,-2.0,hard,-0.2569533119647441,0.3004172697934111,-0.1896665631491598,-0.06456884554318722,-0.09359424023798935,0.05727869046280834,-2.0,-1.3935129282978704
do_function_low_0068,do_function_low,function,low,-2.0,hard,0.11945989613583137,-0.14974192514805956,0.045958425328906566,-0.6867442317336765,0.5899437420695103,-1.5250561410593368,-2.0,-0.7652938186874462
do_function_low_0069,do_function_low,function,low,-2.0,hard,-0.22181038048015067,-0.12393179266847318,-0.273076307004906,0.3977560182204575,-0.7412849916200523,-0.8236250461663872,-2.0,-1.1350794085966072
do_function_low_0070,do_function_low,function,low,-2.0,hard,-0.2894302393657649,-0.21045500409471238,-0.4392251735439063,0.030106279510410117,-0.26862799087923883,0.1435146069650522,-2.0,-2.4983880883682357
do_function_low_0071,do_function_low,function,low,-2.0,hard,-0.8206739284341191,-0.32106848646574754,0.5694335443877709,1.1305839114672023,-1.1145285261709628,0.4475538183913108,-2.0,-2.1817702041721243
do_function_low_0072,do_function_low,function,low,-2.0,hard,0.6079172844220015,-0.29644171983675904,-0.3175481171444213,-0.5859060026919252,-0.13721481613685602,-0.2951391786457146,-2.0,-2.545960337397837
do_function_low_0073,do_function_low,function,low,-2.0,hard,-0.12695490783084384,-0.05195363387889243,0.4965979468257002,0.447691457112917,-0.5307774923198623,0.5388803279672341,-2.0,-1.4576121458716245
do_function_low_0074,do_function_low,function,low,-2.0,hard,0.3522265455592749,0.258197101844827,0.29481656128542116,-0.15703790950325125,-0.5018091657238064,-0.11675795331670266,-2.0,-1.5527809460995021
do_function_low_0075,do_function_low,function,low,-2.0,hard,0.5944843127803973,1.0109661206084997,1.7963968207821879,1.9944970429853042,-0.17583772394378305,2.0915258895511615,-2.0,-2.734316167644748
do_function_low_0076,do_function_low,function,low,-2.0,hard,0.841846389629502,1.193676330736865,0.4414128601591705,0.5240655445372183,0.8309922746610414,0.5581746755972464,-2.0,-2.524451095146947
do_function_low_0077,do_function_low,function,low,-2.0,hard,0.013397160551150235,0.4585067384995692,1.0560898826762166,1.0388147014307607,-0.5815768788016277,0.231421808554566,-2.0,-1.9270563337821676
do_function_low_0078,do_function_low,function,low,-2.0,hard,0.1885303400192855,0.8632433840164061,1.2681460783650573,1.3038172459999695,-1.1037670247922131,1.097212677283715,-2.0,-2.205150952526034
do_function_low_0079,do_function_low,function,low,-2.0,hard,0.3014547853088365,0.18586245043802668,-0.31303683023608553,-0.3298222568652439,0.8798651006611579,0.36798633314180795,-2.0,-1.3086635998230407
do_function_low_0080,do_function_low,function,low,-2.0,hard,-0.18503077686263394,-0.1487403503985799,-0.6313806728259204,-0.42365735180514363,0.1509071424227222,-0.4911311991196026,-2.0,-1.3055272518543284
do_function_low_0081,do_function_low,function,low,-2.0,hard,0.21344551081252322,0.8833181725523989,0.527784567690351,0.1423151822158492,0.7505933589388122,0.3395005988617569,-2.0,-2.183700894752437
do_function_low_0082,do_function_low,function,low,-2.0,hard,0.38026076388039903,-0.009728754430273712,-0.06090931446170474,-0.1589721096509746,-0.374588947777718,-0.32934994202311063,-2.0,-1.0613629324422666
do_function_low_0083,do_function_low,function,low,-2.0,hard,0.2478191725406852,0.09755849451215598,0.49146023665636135,-0.31153998242067843,-0.29209993687034813,0.2488762425447958,-2.0,-1.518560753708104
do_function_low_0084,do_function_low,function,low,-2.0,hard,-0.30049350227034805,-1.383906333111777,-2.1201933107569957,-2.480796895975904,0.01908903772535453,-1.7972698167468835,-2.0,-0.8795642844965748
do_function_low_0085,do_function_low,function,low,-2.0,hard,-0.50826504553308,0.08208384222336385,0.23331677651366775,0.9127909406555537,-1.0141320350156509,0.32398605997304664,-2.0,-2.6149571567450587
do_function_low_0086,do_function_low,function,low,-2.0,hard,-0.006413930115045329,-0.07119363206205297,-0.9778596243166537,-0.09518648908584681,0.15078206834418667,-0.12354328125326494,-2.0,-1.2585793626217083
do_function_low_0087,do_function_low,function,low,-2.0,hard,0.09396623630673341,0.13265736133282116,0.05411073348434761,-0.40701626708048405,0.7034372981984085,0.692889645348339,-2.0,-2.6092651747169198
do_function_low_0088,do_function_low,function,low,-2.0,hard,0.9751491062545337,0.5700606744576572,0.794053226183022,0.2988455670015997,1.1007313587029626,1.2661783781385654,-2.0,-2.262121451260006
do_function_low_0089,do_function_low,function,low,-2.0,hard,-0.3612640708722347,0.1548803715855151,0.33634504765421996,0.6159232385343535,-0.06436436956753783,0.2930227134091107,-2.0,-1.1465064482262775
do_function_low_0090,do_function_low,function,low,-2.0,hard,-0.1552603102222332,-0.15079938805175502,0.2960461456909339,0.9208526586166021,-0.24609006965522717,0.3428437153598545,-2.0,-1.57554942911919
do_function_low_0091,do_function_low,function,low,-2.0,hard,-0.03741600986010243,-0.8564177280773576,-0.9775160229655084,-1.393412457398651,-0.21345914888795825,0.6780057814810057,-2.0,-2.2863379663443806
do_function_low_0092,do_function_low,function,low,-2.0,hard,-0.2936411563971952,-0.6642383774018686,-0.037688326587636656,-0.24717034577117647,-0.1458857669970755,0.01445300152377721,-2.0,-1.4255029196901872
do_function_low_0093,do_function_low,function,low,-2.0,hard,-0.40814796050916136,-0.9396932729792498,-0.39342008361626846,-1.3218778071651016,0.0628449722774724,-0.1062976497155087,-2.0,-1.3848205028662273
do_function_low_0094,do_function_low,function,low,-2.0,hard,0.6530583676207892,0.6373559444294514,0.8400894243840531,-0.5426758508934109,0.62376085800797,0.1491657045548442,-2.0,-1.7002361871699478
do_function_low_0095,do_function_low,function,low,-2.0,hard,0.48830523957453587,0.4672544978363954,1.1523633331908043,1.8571478015033924,-1.4968620850406018,0.44250063283632846,-2.0,-1.6971044811342768
do_function_low_0096,do_function_low,function,low,-2.0,hard,0.12721747889255092,0.23240278800055578,0.38537643727587656,-0.2086880634279743,0.5643948988696041,-0.15580681609087263,-2.0,-1.8405235555037762
do_function_low_0097,do_function_low,function,low,-2.0,hard,-0.3382941493795381,0.18649038368085855,0.5435014725512499,0.21816467160490483,-0.1851185647853556,0.14168988589926335,-2.0,-1.236590004154351
do_function_low_0098,do_function_low,function,low,-2.0,hard,0.42250624112747454,0.31386306850980367,0.2790451920299414,0.6631305800950229,0.09234685838614662,-0.2175241669858632,-2.0,-1.7564571976514964
do_function_low_0099,do_function_low,function,low,-2.0,hard,-0.34784024598467433,-0.2454245598159984,-0.843178060606209,-0.1688518331776942,-0.42154238971660574,0.40357139253937196,-2.0,-1.4316495245184764
do_function_high_0000,do_function_high,function,high,2.0,hard,-0.4456426423030576,-1.0426011316370227,-0.061874008282584714,-0.7960349225277782,-0.8437723144887217,-0.1546805473937179,2.0,3.2631476793207197
do_function_high_0001,do_function_high,function,high,2.0,hard,-0.37539374555463323,-0.6497873486123067,-0.3883579817263667,-0.8913806539038419,0.517684333387874,-0.5791074019346011,2.0,1.9387575655070657
do_function_high_0002,do_function_high,function,high,2.0,hard,-0.22899165177470168,0.31295323629290706,0.7405338994406581,0.9602087009466023,-0.17570828668433386,0.42672107439311924,2.0,1.8416283487337877
do_function_high_0003,do_function_high,function,high,2.0,hard,-0.9486088517872617,-1.0771271690077082,-1.6523490712214894,-1.0174324737093878,-0.8887572556853758,-0.6212447447288878,2.0,2.276069217738582
do_function_high_0004,do_function_high,function,high,2.0,hard,-1.2747902974855239,-0.41257380636473656,0.24904664561194007,0.9480434200416805,0.010521729467556362,0.10342709631871613,2.0,0.6425397496938521
do_function_high_0005,do_function_high,function,high,2.0,hard,0.6091332825211719,0.10902247912291968,0.35385991261991134,0.12641150639311424,0.09858389520032759,0.7829952360016704,2.0,0.546389179671942
do_function_high_0006,do_function_high,function,high,2.0,hard,-0.12852057416697174,0.10117207405984704,0.4172023543471748,-0.30662391322574273,-0.23610425737967417,0.13970241154568877,2.0,1.8526511145658995
do_function_high_0007,do_function_high,function,high,2.0,hard,0.48938313158592656,0.04622919778073897,-0.09809904307612063,-0.5171412250697254,1.3093575647582192,-0.9920979034329283,2.0,1.9799847069915844
do_function_high_0008,do_function_high,function,high,2.0,hard,-0.9737811329249283,-1.0316141792716496,-2.014845220430358,-1.3975209183049524,0.12133868387127279,-1.5118321214902486,2.0,3.055340980523567
do_function_high_0009,do_function_high,function,high,2.0,hard,-0.013796535100598587,-0.29877445617551207,1.1867550521622545,1.4887315597500699,-1.6016782393428797,-0.32480822800753306,2.0,2.1097184338938373
do_function_high_0010,do_function_high,function,high,2.0,hard,0.7990949608503157,-0.3349678132575268,-0.12955391749495737,-0.3967213546017202,-0.012692898528310837,-0.20312157491469096,2.0,1.9698785125917309
do_function_high_0011,do_function_high,function,high,2.0,hard,0.2195848952390838,0.8864823276925601,0.6238153735474865,-0.017791909010544726,1.5458976616837798,-0.4047378394852392,2.0,1.3595109382654629
do_function_high_0012,do_function_high,function,high,2.0,hard,-0.1427890046472629,-0.7964541340780761,-0.7100512553719702,-0.8691926334275788,0.10990662231026363,-0.49124325203453584,2.0,2.6247837521880055
do_function_high_0013,do_function_high,function,high,2.0,hard,-0.2558200471767896,-0.379065082559243,0.009290680455998679,-0.03793359273170551,0.6258194371685795,-0.20439849242570912,2.0,2.9310710262865585
do_function_high_0014,do_function_high,function,high,2.0,hard,0.40118488713905737,0.5063660525426897,1.4013357194712401,1.1097710727137982,-0.6955193709406535,0.6591214287528012,2.0,1.7223196416962943
do_function_high_0015,do_function_high,function,high,2.0,hard,0.952336211135302,1.3198767929903847,1.5070353969854988,0.8501460649674393,-0.12015269635431136,-0.010142658250720249,2.0,0.8471456908459206
do_function_high_0016,do_function_high,function,high,2.0,hard,0.16089596685115704,0.024037685503214293,-0.7396021101170396,-1.5055355666722048,2.043358020146342,-0.5675008225647343,2.0,2.6712729112864455
do_function_high_0017,do_function_high,function,high,2.0,hard,0.24448211351930535,0.25624372497401493,-0.46183577650984886,0.026078888098034103,0.8147039751293184,0.3654636955434395,2.0,2.000582159944625
do_function_high_0018,do_function_high,function,high,2.0,hard,0.13082549843477942,-0.5336889394349189,0.1556458459026534,-1.1331638825851835,0.473759003424836,-0.11998163481093671,2.0,1.9239217195908733
do_function_high_0019,do_function_high,function,high,2.0,hard,0.2690215651419357,1.250331522821112,1.6219853200516738,1.3329203174199569,-0.19695949848891403,1.157567079239689,2.0,0.7627807139887534
do_function_high_0020,do_function_high,function,high,2.0,hard,0.8331451695185768,1.089696451445937,0.7530978737300752,0.8571536814942523,0.06298152441538052,0.8176916304235486,2.0,0.5300990264012686
do_function_high_0021,do_function_high,function,high,2.0,hard,1.7646936581885637,0.8299004798541623,1.294260221631065,1.112517796861487,0.06479953325655044,0.6938531080931729,2.0,1.6941059698373329
do_function_high_0022,do_function_high,function,high,2.0,hard,0.5579430026408226,0.7331612860597518,1.4332383780167288,1.0959114396709975,0.12471062197558361,0.3158529966559583,2.0,1.0732665366063598
do_function_high_0023,do_function_high,function,high,2.0,hard,0.05507554846808022,-0.06341501921096722,0.9482126739355553,1.407072454672809,-1.5498099107469285,0.7218179978645777,2.0,1.6443122975154774
do_function_high_0024,do_function_high,function,high,2.0,hard,-0.33640767044774517,0.3765191074315972,-0.2094495537125119,0.026933382943193144,-0.1150033344217723,0.006696486526993645,2.0,2.4174463526960706
do_function_high_0025,do_function_high,function,high,2.0,hard,0.6496310622237292,1.2036794118593646,0.21977544845169894,0.0920629952665428,0.6435176963752396,0.5210901475855619,2.0,1.0386354550422265
do_function_high_0026,do_function_high,function,high,2.0,hard,-0.8639417327118672,0.008961070806993376,0.23643728896223304,-0.1372775520390005,0.20736254214021602,-0.31344702724721385,2.0,2.1332870339662064
do_function_high_0027,do_function_high,function,high,2.0,hard,-0.7468322689001393,-0.5120432735104942,-0.6301594991730703,-0.45721543213274385,0.7778938508782007,-0.5843234460317192,2.0,2.7427760618951083
do_function_high_0028,do_function_high,function,high,2.0,hard,-0.9071904353765057,-0.346154564588861,-0.8814045443416494,-0.3214683427128442,0.24790711405902136,-0.2887593852960384,2.0,2.4548639860935895
do_function_high_0029,do_function_high,function,high,2.0,hard,0.5856283306032604,1.0795646690816185,1.0861552593310004,-0.2796763908770963,1.2906326514505737,-0.46097647201053693,2.0,1.4340770677689372
do_function_high_0030,do_function_high,function,high,2.0,hard,0.7310781460731387,0.9371624801218654,0.8292532196303086,0.9977275742820896,-0.34101808187422394,0.8316343985676887,2.0,0.5499756570439008
do_function_high_0031,do_function_high,function,high,2.0,hard,-0.6394353286573742,-0.9179118938972681,-0.39964425241894885,-0.5202706695599859,0.19449213146646305,-1.2485251970274343,2.0,2.70112257405546
do_function_high_0032,do_function_high,function,high,2.0,hard,-0.009009579741911224,0.10108789490902303,0.1890556726903196,0.1603728047981344,0.02814259627709393,0.3908659171505848,2.0,0.9552336062200616
do_function_high_0033,do_function_high,function,high,2.0,hard,-0.13922899725989482,-0.05296793216334765,-1.0094677745621286,-1.0750064054879758,1.4175886147352854,-0.4094047084915271,2.0,2.0726548251683896
do_function_high_0034,do_function_high,function,high,2.0,hard,-0.08528316256421067,0.007037182553918053,0.06434882381562342,1.0526180422913631,-0.9280527273261351,0.6099303353057162,2.0,1.2358207979578473
do_function_high_0035,do_function_high,function,high,2.0,hard,-0.44074933271942035,-0.12564438196734276,0.06794588193963597,0.10784181227529122,-0.44398313020870095,-0.3348177698799864,2.0,2.5961904792729564
do_function_high_0036,do_function_high,function,high,2.0,hard,-0.9461293084517296,-1.4730041043677446,-2.276430057039829,-2.580939389593824,0.7739030832822898,-1.3357492639773811,2.0,2.1229671870009157
do_function_high_0037,do_function_high,function,high,2.0,hard,0.4066439389115916,0.33517778994601166,0.49690668052481757,0.4376249500044956,0.056814213930014415,0.5629835691678998,2.0,1.5130190563389108
do_function_high_0038,do_function_high,function,high,2.0,hard,0.24309253061238156,0.7506097543996835,-0.39330839342958657,0.3567931177787144,-0.30765397771905684,0.2764112987204218,2.0,1.483655400255348
do_function_high_0039,do_function_high,function,high,2.0,hard,0.005050450436965744,0.47250049024216484,-0.002979834631243461,0.4702448158092679,-0.1309670087017428,0.2998576461333987,2.0,2.3192683078601655
do_function_high_0040,do_function_high,function,high,2.0,hard,0.4699483356179876,0.7717209815954287,0.3733649668562215,-0.10471830079677846,-0.2404334488559723,-0.09467985036967785,2.0,1.0701392133219434
do_function_high_0041,do_function_high,function,high,2.0,hard,0.31961053736683415,0.9031713158880024,0.33067197846622637,0.24105968082551282,1.3584264615389772,1.0126853776916793,2.0,1.4334547767281793
do_function_high_0042,do_function_high,function,high,2.0,hard,-0.05330817330311284,0.4834849669068221,0.21197743159222646,-0.10421068119405402,0.40746137304226254,-0.6268769946111793,2.0,1.7429880072621267
do_function_high_0043,do_function_high,function,high,2.0,hard,0.7572275279164312,-0.07962042644513623,-0.1180222484255907,-0.31184104447627475,0.03213027666323659,0.1531994044505056,2.0,2.1911605173576314
do_function_high_0044,do_function_high,function,high,2.0,hard,0.20919696906537558,-0.2506039075607242,-0.2611469518622539,-0.4256672735581898,0.5889249904941513,-0.18563243703915905,2.0,1.9943829892439737
do_function_high_0045,do_function_high,function,high,2.0,hard,-0.03555919816361827,-0.4905365432542913,-0.6108771409086607,-0.2609217832529055,0.896836791040589,-0.11173439732115328,2.0,0.6074266653704625
do_function_high_0046,do_function_high,function,high,2.0,hard,-0.13599930311300115,0.9124767737835638,0.922700021440154,1.3787551097852249,-0.03416818364535987,1.0951668287882943,2.0,1.092982177078493
do_function_high_0047,do_function_high,function,high,2.0,hard,-0.11359643308555897,0.898652534852988,1.4237780464524679,0.9794833087592374,0.25044108146330624,0.20427632206663843,2.0,1.5553183613216464
do_function_high_0048,do_function_high,function,high,2.0,hard,0.139808593078272,-0.1251677527595523,0.11600213166821476,0.38621731798849523,-0.013922437326196635,-0.3204934974236434,2.0,1.4656253962446057
do_function_high_0049,do_function_high,function,high,2.0,hard,1.1096362323977673,1.4003064316626905,0.85301432874822,0.9163000869234916,0.7605675463386774,1.6747237406565727,2.0,1.5449904968858785
do_function_high_0050,do_function_high,function,high,2.0,hard,0.30505712704869375,-0.5285195286600353,-0.053674608716203054,-0.5367482720818011,0.15042606666833977,-0.410667762628826,2.0,1.7685257763262534
do_function_high_0051,do_function_high,function,high,2.0,hard,-0.0017296361019543546,0.5874976835140657,0.254193874204214,-0.22185114247257098,1.5402683160503128,0.3690700812118733,2.0,0.8716909144856044
do_function_high_0052,do_function_high,function,high,2.0,hard,-0.40274868858278573,-0.5140356708084177,-0.9606900835937706,-0.33604362466216015,-0.10947168802157659,1.5061713875339127,2.0,1.6421133047160872
do_function_high_0053,do_function_high,function,high,2.0,hard,0.5234484553830355,-0.5126788080717846,-0.08011676257586586,-0.10363797284077636,-0.4527764212188224,-0.35878252406640737,2.0,2.2300370606998143
do_function_high_0054,do_function_high,function,high,2.0,hard,-0.2567805885027073,0.9758640994503086,1.226787574049641,1.8860947116086098,-0.9914382333624606,0.7917893798606245,2.0,0.9719159574163161
do_function_high_0055,do_function_high,function,high,2.0,hard,0.05041318406480489,-0.5342310747679108,-0.5373991279734417,0.22891958234059195,-0.8935478557731366,0.29788935241013803,2.0,2.637647860461697
do_function_high_0056,do_function_high,function,high,2.0,hard,-0.10053277948498528,-0.2073667045652952,0.16024257103013392,0.1525060533403128,-1.1279633750899458,-0.1090539831116756,2.0,2.0712802612403802
do_function_high_0057,do_function_high,function,high,2.0,hard,-0.06288584925103943,-0.3668043271179481,-0.09365592776847873,-0.22124341825367227,-0.259664359473632,-0.36155966825454955,2.0,2.0762483575999644
do_function_high_0058,do_function_high,function,high,2.0,hard,0.10843771809468088,-0.1963955285035412,0.0839348755840833,-1.447988044876096,0.8378812993611547,-0.691443491181027,2.0,3.0798196062166183
do_function_high_0059,do_function_high,function,high,2.0,hard,1.0666033857811825,0.25673570860860595,1.0925158070229202,0.8615531573144405,-0.5620498420341443,0.25139386877573344,2.0,1.2285074150250228
do_function_high_0060,do_function_high,function,high,2.0,hard,0.40836839540809444,0.5741450029884155,-0.11128477761690003,-0.5642210454077057,1.4140652879401574,0.25738685452857524,2.0,1.4089836905118218
do_function_high_0061,do_function_high,function,high,2.0,hard,0.08711787187958442,0.7334502296720481,0.3472721259302887,0.3875383022790541,0.7566741841946629,0.12578370273005474,2.0,1.7383751372207021
do_function_high_0062,do_function_high,function,high,2.0,hard,-0.13348816019944112,0.08065377974880028,-0.16202736362472941,-0.09820363297622103,-0.3637145390261096,-0.42536056722188176,2.0,1.8380183740585352
do_function_high_0063,do_function_high,function,high,2.0,hard,0.24626710648084812,0.10427496826262347,-0.6395433483031989,-0.2808671871479431,-0.16579786092798887,0.09038612198083294,2.0,1.9149466923752045
do_function_high_0064,do_function_high,function,high,2.0,hard,0.2962134916426997,-0.5748584928916167,-0.26587710797415276,-0.6039233613858622,0.3436635630976077,0.07145618770485185,2.0,1.6662145202562861
do_function_high_0065,do_function_high,function,high,2.0,hard,-0.27161186434131296,-0.23341647148015968,-0.40147444520409203,-0.13337306973105106,-0.38923262486329885,-1.3131684400023889,2.0,2.04434769195712
do_function_high_0066,do_function_high,function,high,2.0,hard,-0.21851217234641773,-0.8199090311804649,-0.7550740262107284,-1.0765706743992054,-0.3249336840814808,-0.4262656065305964,2.0,3.09955015386561
do_function_high_0067,do_function_high,function,high,2.0,hard,0.2574786612569453,1.0609744260423744,0.6575437260152865,-0.2618188993443028,1.880280197525185,-0.043033135106916615,2.0,1.7682751412850832
do_function_high_0068,do_function_high,function,high,2.0,hard,-1.004703805306627,-0.8259031164940797,-0.7461420080478779,-0.28536641530465096,-0.7704433819014835,-0.7040798770281889,2.0,2.6944950534437933
do_function_high_0069,do_function_high,function,high,2.0,hard,0.22195330683855513,-0.7058187453934689,-1.4071229883588217,-1.4449392396985532,0.553439390660871,-0.4186435800321689,2.0,2.411854422994872
do_function_high_0070,do_function_high,function,high,2.0,hard,0.9702712367435968,1.0212700984687535,1.2452266342847504,0.3373702508714559,1.0701631584945603,0.5817836689554863,2.0,1.225958573597627
do_function_high_0071,do_function_high,function,high,2.0,hard,-0.7394112428439872,-0.4004830382773983,0.7300841462569946,0.47483935688446827,-0.3288255483356487,-0.17014159819431285,2.0,2.4199867407182367
do_function_high_0072,do_function_high,function,high,2.0,hard,0.606754063373287,0.786466192251138,0.5690342590360248,0.7354262396585284,0.5083191042346441,0.6397754615367476,2.0,2.2825704036123833
do_function_high_0073,do_function_high,function,high,2.0,hard,0.6304571554896692,0.6452155173906684,0.7518403576634509,0.8968244807681285,-0.3488787148897551,1.3181361467512103,2.0,0.6751495164823805
do_function_high_0074,do_function_high,function,high,2.0,hard,-0.390978823703592,0.4069310847221221,1.2545799171310315,1.4873376358542858,-1.1566925739686957,0.3685889803260525,2.0,2.2240800796061797
do_function_high_0075,do_function_high,function,high,2.0,hard,0.4644990076433143,-0.25448069519264,-0.20679529464177113,0.05978449089650195,-0.712196674099239,-0.07608078877020641,2.0,1.6060677289984957
do_function_high_0076,do_function_high,function,high,2.0,hard,0.27544552829646946,0.34016839147919364,-0.35646316077867063,-0.9897007001594893,1.3499290095554544,0.23602078157625955,2.0,1.3947814693879854
do_function_high_0077,do_function_high,function,high,2.0,hard,0.3167782246511502,-0.30567812806099826,-0.09524503574711676,0.17969279086121964,0.34237294312680533,0.14658641629073393,2.0,1.6784026529467724
do_function_high_0078,do_function_high,function,high,2.0,hard,-0.4569342706417929,-0.13525604852117123,0.12115067582359748,0.7397459261863074,-0.9413601061842245,-0.1620391266613914,2.0,2.095870038752812
do_function_high_0079,do_function_high,function,high,2.0,hard,0.4674337207439329,-0.42203682113027785,-0.8747511143332993,-1.6268555159457856,0.5442172962339169,-0.5465773908785887,2.0,1.8766368976712453
do_function_high_0080,do_function_high,function,high,2.0,hard,-0.22188787610624,-0.163587484692455,0.2469558378529841,0.4308482735998862,-0.11648959660814706,0.6871931072118216,2.0,1.3795846261018805
do_function_high_0081,do_function_high,function,high,2.0,hard,0.03199327369008412,0.7552933478320384,1.0459757595363266,1.0916549631010768,0.22719733649881527,1.1976940471307258,2.0,0.4296877630798347
do_function_high_0082,do_function_high,function,high,2.0,hard,0.4484539612978221,0.026834493308562024,-0.40981187364700755,0.0441509163916835,0.38641233412100756,0.33471787878505643,2.0,1.2631392394250496
do_function_high_0083,do_function_high,function,high,2.0,hard,0.5721217442081,-0.5605588869143692,-0.22159054206142892,-0.6588958615906491,-0.3300432765365637,-0.05313367224744432,2.0,2.250665244264418
do_function_high_0084,do_function_high,function,high,2.0,hard,-0.35011393958869247,0.04739855465573087,0.23994627149009756,0.5472283790545474,0.7608245360600511,0.36174199034928023,2.0,0.9160310263532047
do_function_high_0085,do_function_high,function,high,2.0,hard,0.9140494321242798,0.3734885529175184,1.1099800891273448,0.8431386961236924,-0.1832929947540114,1.200238661120064,2.0,1.3191969448766905
do_function_high_0086,do_function_high,function,high,2.0,hard,0.14171715651173167,-0.12865563451578133,-0.9340849246593057,0.20809207752147085,-1.5542898784268773,0.3240275580464027,2.0,2.8132152314964873
do_function_high_0087,do_function_high,function,high,2.0,hard,0.3697263742306159,0.9730157085809532,1.2947827800599794,1.2851063514117338,-0.012687112682887858,0.7667258059768013,2.0,1.605411592349092
do_function_high_0088,do_function_high,function,high,2.0,hard,-0.2520184728541127,1.2893138760091263,1.0406454505867355,0.7813092317520459,0.8198660376448127,0.650667606394522,2.0,1.2999646526945745
do_function_high_0089,do_function_high,function,high,2.0,hard,0.38764120668453184,0.37911483082144487,0.33142265428039974,-0.014178808035088586,0.8955151947536644,0.08019076200261317,2.0,0.9076993690615929
do_function_high_0090,do_function_high,function,high,2.0,hard,0.5845239610744369,-0.24007820749467773,-0.20747748710425218,-0.27590982256691365,0.2297829157353014,-0.314901372203995,2.0,1.2937147895622663
do_function_high_0091,do_function_high,function,high,2.0,hard,-1.1465665328191428,-0.6032428027433884,-0.6544291702975641,-0.9808770570031602,-0.08567637396092875,-0.6519644784747347,2.0,1.9760676278624791
do_function_high_0092,do_function_high,function,high,2.0,hard,0.013507537757173331,0.057836610924573977,0.2115124480163493,1.7028165974466822,-1.3338637999900216,0.6682477877870551,2.0,1.5487966847893468
do_function_high_0093,do_function_high,function,high,2.0,hard,-0.6194649762187981,-1.4683412848580013,-1.8620006200631367,-1.9348454987159114,0.8276288811487489,-0.7628387159215433,2.0,2.562197526874544
do_function_high_0094,do_function_high,function,high,2.0,hard,-0.21731858313567254,-0.11527848817033265,0.385290696647131,0.29027954185097965,-0.05553817003846917,0.09420442276603129,2.0,2.215911535267553
do_function_high_0095,do_function_high,function,high,2.0,hard,0.4453494828737417,-0.12145928426306829,0.13006837622759387,-0.8041901315534516,0.6847266617703167,-0.7615344065756339,2.0,1.9596020768408606
do_function_high_0096,do_function_high,function,high,2.0,hard,-0.29350165525713257,-0.5474041150688436,-1.2305397451556925,-0.7635665716496429,0.1591456157035612,-0.7625421827966707,2.0,2.1204664593949767
do_function_high_0097,do_function_high,function,high,2.0,hard,-0.5961714717398633,-0.11242263023885118,-0.17490698845374208,-0.24007573886612643,-0.12933028428090584,-0.25071469489839393,2.0,1.7899068692224556
do_function_high_0098,do_function_high,function,high,2.0,hard,0.030998927746147,0.09868786221111978,0.5519090318615669,0.5661533263076135,-0.17076871719871553,-0.3015816473931191,2.0,1.2757409671215034
do_function_high_0099,do_function_high,function,high,2.0,hard,-0.3539126865884869,0.09504538943603225,0.22187964461143117,-0.12692369408661763,-0.19966538294431732,-0.49269690669734745,2.0,0.7139190921639911
